﻿<?xml version="1.0" encoding="utf-8"?>
<Document>
  <Engineering version="V17" />
  <DocumentInfo>
    <Created>2024-05-23T11:12:32.5813131Z</Created>
    <ExportSetting>WithDefaults, WithReadOnly</ExportSetting>
    <InstalledProducts>
      <Product>
        <DisplayName>Totally Integrated Automation Portal</DisplayName>
        <DisplayVersion>V17</DisplayVersion>
      </Product>
      <OptionPackage>
        <DisplayName>TIA Portal Openness</DisplayName>
        <DisplayVersion>V17</DisplayVersion>
      </OptionPackage>
      <OptionPackage>
        <DisplayName>TIA Portal Version Control Interface</DisplayName>
        <DisplayVersion>V17</DisplayVersion>
      </OptionPackage>
      <Product>
        <DisplayName>STEP 7 Professional</DisplayName>
        <DisplayVersion>V17</DisplayVersion>
      </Product>
      <OptionPackage>
        <DisplayName>STEP 7 Safety</DisplayName>
        <DisplayVersion>V17</DisplayVersion>
      </OptionPackage>
      <Product>
        <DisplayName>WinCC Advanced</DisplayName>
        <DisplayVersion>V17</DisplayVersion>
      </Product>
    </InstalledProducts>
  </DocumentInfo>
  <SW.Blocks.FB ID="0">
    <AttributeList>
      <AcknowledgeErrorsRequired>true</AcknowledgeErrorsRequired>
      <AutoNumber>true</AutoNumber>
      <CodeModifiedDate ReadOnly="true">2024-05-23T10:54:53.1605395Z</CodeModifiedDate>
      <CompileDate ReadOnly="true">2024-05-23T10:55:17.991704Z</CompileDate>
      <CreationDate ReadOnly="true">2024-05-23T10:44:09.4324288Z</CreationDate>
      <GraphVersion>1.0</GraphVersion>
      <HandleErrorsWithinBlock ReadOnly="true">false</HandleErrorsWithinBlock>
      <HeaderAuthor />
      <HeaderFamily />
      <HeaderName />
      <HeaderVersion>0.1</HeaderVersion>
      <Interface><Sections xmlns="http://www.siemens.com/automation/Openness/SW/Interface/v5">
  <Section Name="Base">
    <Sections Datatype="GRAPH_BASE" Version="1.0">
      <Section Name="Input" />
      <Section Name="Output" />
      <Section Name="InOut" />
      <Section Name="Static">
        <Member Name="OFF_SQ_BASE" Datatype="Bool" />
      </Section>
    </Sections>
  </Section>
  <Section Name="Input">
    <Member Name="OFF_SQ" Datatype="Bool" Remanence="NonRetain" Accessibility="Public"><AttributeList><BooleanAttribute Name="ExternalAccessible" SystemDefined="true">false</BooleanAttribute><BooleanAttribute Name="ExternalVisible" SystemDefined="true">false</BooleanAttribute><BooleanAttribute Name="ExternalWritable" SystemDefined="true">false</BooleanAttribute><BooleanAttribute Name="UserVisible" Informative="true" SystemDefined="true">true</BooleanAttribute><BooleanAttribute Name="UserReadOnly" Informative="true" SystemDefined="true">true</BooleanAttribute><BooleanAttribute Name="UserDeletable" Informative="true" SystemDefined="true">true</BooleanAttribute></AttributeList><Comment Informative="true"><MultiLanguageText Lang="es-ES">Turn sequence off</MultiLanguageText><MultiLanguageText Lang="de-DE">Turn sequence off</MultiLanguageText><MultiLanguageText Lang="en-US">Turn sequence off</MultiLanguageText><MultiLanguageText Lang="fr-FR">Turn sequence off</MultiLanguageText><MultiLanguageText Lang="it-IT">Turn sequence off</MultiLanguageText><MultiLanguageText Lang="zh-CN">Turn sequence off</MultiLanguageText><MultiLanguageText Lang="ja-JP">Turn sequence off</MultiLanguageText></Comment><StartValue Informative="true">false</StartValue></Member>
    <Member Name="INIT_SQ" Datatype="Bool" Remanence="NonRetain" Accessibility="Public"><AttributeList><BooleanAttribute Name="ExternalAccessible" SystemDefined="true">false</BooleanAttribute><BooleanAttribute Name="ExternalVisible" SystemDefined="true">false</BooleanAttribute><BooleanAttribute Name="ExternalWritable" SystemDefined="true">false</BooleanAttribute><BooleanAttribute Name="UserVisible" Informative="true" SystemDefined="true">true</BooleanAttribute><BooleanAttribute Name="UserReadOnly" Informative="true" SystemDefined="true">true</BooleanAttribute><BooleanAttribute Name="UserDeletable" Informative="true" SystemDefined="true">true</BooleanAttribute></AttributeList><Comment Informative="true"><MultiLanguageText Lang="es-ES">Set sequence to initial state</MultiLanguageText><MultiLanguageText Lang="de-DE">Set sequence to initial state</MultiLanguageText><MultiLanguageText Lang="en-US">Set sequence to initial state</MultiLanguageText><MultiLanguageText Lang="fr-FR">Set sequence to initial state</MultiLanguageText><MultiLanguageText Lang="it-IT">Set sequence to initial state</MultiLanguageText><MultiLanguageText Lang="zh-CN">Set sequence to initial state</MultiLanguageText><MultiLanguageText Lang="ja-JP">Set sequence to initial state</MultiLanguageText></Comment><StartValue Informative="true">false</StartValue></Member>
    <Member Name="ACK_EF" Datatype="Bool" Remanence="NonRetain" Accessibility="Public"><AttributeList><BooleanAttribute Name="ExternalAccessible" SystemDefined="true">false</BooleanAttribute><BooleanAttribute Name="ExternalVisible" SystemDefined="true">false</BooleanAttribute><BooleanAttribute Name="ExternalWritable" SystemDefined="true">false</BooleanAttribute><BooleanAttribute Name="UserVisible" Informative="true" SystemDefined="true">true</BooleanAttribute><BooleanAttribute Name="UserReadOnly" Informative="true" SystemDefined="true">true</BooleanAttribute><BooleanAttribute Name="UserDeletable" Informative="true" SystemDefined="true">true</BooleanAttribute></AttributeList><Comment Informative="true"><MultiLanguageText Lang="es-ES">Acknowledge all errors and faults</MultiLanguageText><MultiLanguageText Lang="de-DE">Acknowledge all errors and faults</MultiLanguageText><MultiLanguageText Lang="en-US">Acknowledge all errors and faults</MultiLanguageText><MultiLanguageText Lang="fr-FR">Acknowledge all errors and faults</MultiLanguageText><MultiLanguageText Lang="it-IT">Acknowledge all errors and faults</MultiLanguageText><MultiLanguageText Lang="zh-CN">Acknowledge all errors and faults</MultiLanguageText><MultiLanguageText Lang="ja-JP">Acknowledge all errors and faults</MultiLanguageText></Comment><StartValue Informative="true">false</StartValue></Member>
    <Member Name="S_PREV" Datatype="Bool" Remanence="NonRetain" Accessibility="Public"><AttributeList><BooleanAttribute Name="ExternalAccessible" SystemDefined="true">false</BooleanAttribute><BooleanAttribute Name="ExternalVisible" SystemDefined="true">false</BooleanAttribute><BooleanAttribute Name="ExternalWritable" SystemDefined="true">false</BooleanAttribute><BooleanAttribute Name="UserVisible" Informative="true" SystemDefined="true">true</BooleanAttribute><BooleanAttribute Name="UserReadOnly" Informative="true" SystemDefined="true">true</BooleanAttribute><BooleanAttribute Name="UserDeletable" Informative="true" SystemDefined="true">true</BooleanAttribute></AttributeList><Comment Informative="true"><MultiLanguageText Lang="es-ES">Output previous step in parameter S_NO</MultiLanguageText><MultiLanguageText Lang="de-DE">Output previous step in parameter S_NO</MultiLanguageText><MultiLanguageText Lang="en-US">Output previous step in parameter S_NO</MultiLanguageText><MultiLanguageText Lang="fr-FR">Output previous step in parameter S_NO</MultiLanguageText><MultiLanguageText Lang="it-IT">Output previous step in parameter S_NO</MultiLanguageText><MultiLanguageText Lang="zh-CN">Output previous step in parameter S_NO</MultiLanguageText><MultiLanguageText Lang="ja-JP">Output previous step in parameter S_NO</MultiLanguageText></Comment><StartValue Informative="true">false</StartValue></Member>
    <Member Name="S_NEXT" Datatype="Bool" Remanence="NonRetain" Accessibility="Public"><AttributeList><BooleanAttribute Name="ExternalAccessible" SystemDefined="true">false</BooleanAttribute><BooleanAttribute Name="ExternalVisible" SystemDefined="true">false</BooleanAttribute><BooleanAttribute Name="ExternalWritable" SystemDefined="true">false</BooleanAttribute><BooleanAttribute Name="UserVisible" Informative="true" SystemDefined="true">true</BooleanAttribute><BooleanAttribute Name="UserReadOnly" Informative="true" SystemDefined="true">true</BooleanAttribute><BooleanAttribute Name="UserDeletable" Informative="true" SystemDefined="true">true</BooleanAttribute></AttributeList><Comment Informative="true"><MultiLanguageText Lang="es-ES">Indicate next step in parameter S_NO</MultiLanguageText><MultiLanguageText Lang="de-DE">Indicate next step in parameter S_NO</MultiLanguageText><MultiLanguageText Lang="en-US">Indicate next step in parameter S_NO</MultiLanguageText><MultiLanguageText Lang="fr-FR">Indicate next step in parameter S_NO</MultiLanguageText><MultiLanguageText Lang="it-IT">Indicate next step in parameter S_NO</MultiLanguageText><MultiLanguageText Lang="zh-CN">Indicate next step in parameter S_NO</MultiLanguageText><MultiLanguageText Lang="ja-JP">Indicate next step in parameter S_NO</MultiLanguageText></Comment><StartValue Informative="true">false</StartValue></Member>
    <Member Name="SW_AUTO" Datatype="Bool" Remanence="NonRetain" Accessibility="Public"><AttributeList><BooleanAttribute Name="ExternalAccessible" SystemDefined="true">false</BooleanAttribute><BooleanAttribute Name="ExternalVisible" SystemDefined="true">false</BooleanAttribute><BooleanAttribute Name="ExternalWritable" SystemDefined="true">false</BooleanAttribute><BooleanAttribute Name="UserVisible" Informative="true" SystemDefined="true">true</BooleanAttribute><BooleanAttribute Name="UserReadOnly" Informative="true" SystemDefined="true">true</BooleanAttribute><BooleanAttribute Name="UserDeletable" Informative="true" SystemDefined="true">true</BooleanAttribute></AttributeList><Comment Informative="true"><MultiLanguageText Lang="es-ES">Automatic mode</MultiLanguageText><MultiLanguageText Lang="de-DE">Automatic mode</MultiLanguageText><MultiLanguageText Lang="en-US">Automatic mode</MultiLanguageText><MultiLanguageText Lang="fr-FR">Automatic mode</MultiLanguageText><MultiLanguageText Lang="it-IT">Automatic mode</MultiLanguageText><MultiLanguageText Lang="zh-CN">Automatic mode</MultiLanguageText><MultiLanguageText Lang="ja-JP">Automatic mode</MultiLanguageText></Comment><StartValue Informative="true">false</StartValue></Member>
    <Member Name="SW_TAP" Datatype="Bool" Remanence="NonRetain" Accessibility="Public"><AttributeList><BooleanAttribute Name="ExternalAccessible" SystemDefined="true">false</BooleanAttribute><BooleanAttribute Name="ExternalVisible" SystemDefined="true">false</BooleanAttribute><BooleanAttribute Name="ExternalWritable" SystemDefined="true">false</BooleanAttribute><BooleanAttribute Name="UserVisible" Informative="true" SystemDefined="true">true</BooleanAttribute><BooleanAttribute Name="UserReadOnly" Informative="true" SystemDefined="true">true</BooleanAttribute><BooleanAttribute Name="UserDeletable" Informative="true" SystemDefined="true">true</BooleanAttribute></AttributeList><Comment Informative="true"><MultiLanguageText Lang="es-ES">Semiautomatic/switch with transition</MultiLanguageText><MultiLanguageText Lang="de-DE">Semiautomatic/switch with transition</MultiLanguageText><MultiLanguageText Lang="en-US">Semiautomatic/switch with transition</MultiLanguageText><MultiLanguageText Lang="fr-FR">Semiautomatic/switch with transition</MultiLanguageText><MultiLanguageText Lang="it-IT">Semiautomatic/switch with transition</MultiLanguageText><MultiLanguageText Lang="zh-CN">Semiautomatic/switch with transition</MultiLanguageText><MultiLanguageText Lang="ja-JP">Semiautomatic/switch with transition</MultiLanguageText></Comment><StartValue Informative="true">false</StartValue></Member>
    <Member Name="SW_TOP" Datatype="Bool" Remanence="NonRetain" Accessibility="Public"><AttributeList><BooleanAttribute Name="ExternalAccessible" SystemDefined="true">false</BooleanAttribute><BooleanAttribute Name="ExternalVisible" SystemDefined="true">false</BooleanAttribute><BooleanAttribute Name="ExternalWritable" SystemDefined="true">false</BooleanAttribute><BooleanAttribute Name="UserVisible" Informative="true" SystemDefined="true">true</BooleanAttribute><BooleanAttribute Name="UserReadOnly" Informative="true" SystemDefined="true">true</BooleanAttribute><BooleanAttribute Name="UserDeletable" Informative="true" SystemDefined="true">true</BooleanAttribute></AttributeList><Comment Informative="true"><MultiLanguageText Lang="es-ES">Semiautomatic/ignore transition</MultiLanguageText><MultiLanguageText Lang="de-DE">Semiautomatic/ignore transition</MultiLanguageText><MultiLanguageText Lang="en-US">Semiautomatic/ignore transition</MultiLanguageText><MultiLanguageText Lang="fr-FR">Semiautomatic/ignore transition</MultiLanguageText><MultiLanguageText Lang="it-IT">Semiautomatic/ignore transition</MultiLanguageText><MultiLanguageText Lang="zh-CN">Semiautomatic/ignore transition</MultiLanguageText><MultiLanguageText Lang="ja-JP">Semiautomatic/ignore transition</MultiLanguageText></Comment><StartValue Informative="true">false</StartValue></Member>
    <Member Name="SW_MAN" Datatype="Bool" Remanence="NonRetain" Accessibility="Public"><AttributeList><BooleanAttribute Name="ExternalAccessible" SystemDefined="true">false</BooleanAttribute><BooleanAttribute Name="ExternalVisible" SystemDefined="true">false</BooleanAttribute><BooleanAttribute Name="ExternalWritable" SystemDefined="true">false</BooleanAttribute><BooleanAttribute Name="UserVisible" Informative="true" SystemDefined="true">true</BooleanAttribute><BooleanAttribute Name="UserReadOnly" Informative="true" SystemDefined="true">true</BooleanAttribute><BooleanAttribute Name="UserDeletable" Informative="true" SystemDefined="true">true</BooleanAttribute></AttributeList><Comment Informative="true"><MultiLanguageText Lang="es-ES">Manual mode</MultiLanguageText><MultiLanguageText Lang="de-DE">Manual mode</MultiLanguageText><MultiLanguageText Lang="en-US">Manual mode</MultiLanguageText><MultiLanguageText Lang="fr-FR">Manual mode</MultiLanguageText><MultiLanguageText Lang="it-IT">Manual mode</MultiLanguageText><MultiLanguageText Lang="zh-CN">Manual mode</MultiLanguageText><MultiLanguageText Lang="ja-JP">Manual mode</MultiLanguageText></Comment><StartValue Informative="true">false</StartValue></Member>
    <Member Name="S_SEL" Datatype="Int" Remanence="NonRetain" Accessibility="Public"><AttributeList><BooleanAttribute Name="ExternalAccessible" SystemDefined="true">false</BooleanAttribute><BooleanAttribute Name="ExternalVisible" SystemDefined="true">false</BooleanAttribute><BooleanAttribute Name="ExternalWritable" SystemDefined="true">false</BooleanAttribute><BooleanAttribute Name="UserVisible" Informative="true" SystemDefined="true">true</BooleanAttribute><BooleanAttribute Name="UserReadOnly" Informative="true" SystemDefined="true">true</BooleanAttribute><BooleanAttribute Name="UserDeletable" Informative="true" SystemDefined="true">true</BooleanAttribute></AttributeList><Comment Informative="true"><MultiLanguageText Lang="es-ES">Select step to be output to S_NO</MultiLanguageText><MultiLanguageText Lang="de-DE">Select step to be output to S_NO</MultiLanguageText><MultiLanguageText Lang="en-US">Select step to be output to S_NO</MultiLanguageText><MultiLanguageText Lang="fr-FR">Select step to be output to S_NO</MultiLanguageText><MultiLanguageText Lang="it-IT">Select step to be output to S_NO</MultiLanguageText><MultiLanguageText Lang="zh-CN">Select step to be output to S_NO</MultiLanguageText><MultiLanguageText Lang="ja-JP">Select step to be output to S_NO</MultiLanguageText></Comment><StartValue Informative="true">0</StartValue></Member>
    <Member Name="S_ON" Datatype="Bool" Remanence="NonRetain" Accessibility="Public"><AttributeList><BooleanAttribute Name="ExternalAccessible" SystemDefined="true">false</BooleanAttribute><BooleanAttribute Name="ExternalVisible" SystemDefined="true">false</BooleanAttribute><BooleanAttribute Name="ExternalWritable" SystemDefined="true">false</BooleanAttribute><BooleanAttribute Name="UserVisible" Informative="true" SystemDefined="true">true</BooleanAttribute><BooleanAttribute Name="UserReadOnly" Informative="true" SystemDefined="true">true</BooleanAttribute><BooleanAttribute Name="UserDeletable" Informative="true" SystemDefined="true">true</BooleanAttribute></AttributeList><Comment Informative="true"><MultiLanguageText Lang="es-ES">Activate step indicated in S_NO</MultiLanguageText><MultiLanguageText Lang="de-DE">Activate step indicated in S_NO</MultiLanguageText><MultiLanguageText Lang="en-US">Activate step indicated in S_NO</MultiLanguageText><MultiLanguageText Lang="fr-FR">Activate step indicated in S_NO</MultiLanguageText><MultiLanguageText Lang="it-IT">Activate step indicated in S_NO</MultiLanguageText><MultiLanguageText Lang="zh-CN">Activate step indicated in S_NO</MultiLanguageText><MultiLanguageText Lang="ja-JP">Activate step indicated in S_NO</MultiLanguageText></Comment><StartValue Informative="true">false</StartValue></Member>
    <Member Name="S_OFF" Datatype="Bool" Remanence="NonRetain" Accessibility="Public"><AttributeList><BooleanAttribute Name="ExternalAccessible" SystemDefined="true">false</BooleanAttribute><BooleanAttribute Name="ExternalVisible" SystemDefined="true">false</BooleanAttribute><BooleanAttribute Name="ExternalWritable" SystemDefined="true">false</BooleanAttribute><BooleanAttribute Name="UserVisible" Informative="true" SystemDefined="true">true</BooleanAttribute><BooleanAttribute Name="UserReadOnly" Informative="true" SystemDefined="true">true</BooleanAttribute><BooleanAttribute Name="UserDeletable" Informative="true" SystemDefined="true">true</BooleanAttribute></AttributeList><Comment Informative="true"><MultiLanguageText Lang="es-ES">Deactivate step indicated S_NO</MultiLanguageText><MultiLanguageText Lang="de-DE">Deactivate step indicated S_NO</MultiLanguageText><MultiLanguageText Lang="en-US">Deactivate step indicated S_NO</MultiLanguageText><MultiLanguageText Lang="fr-FR">Deactivate step indicated S_NO</MultiLanguageText><MultiLanguageText Lang="it-IT">Deactivate step indicated S_NO</MultiLanguageText><MultiLanguageText Lang="zh-CN">Deactivate step indicated S_NO</MultiLanguageText><MultiLanguageText Lang="ja-JP">Deactivate step indicated S_NO</MultiLanguageText></Comment><StartValue Informative="true">false</StartValue></Member>
    <Member Name="T_PUSH" Datatype="Bool" Remanence="NonRetain" Accessibility="Public"><AttributeList><BooleanAttribute Name="ExternalAccessible" SystemDefined="true">false</BooleanAttribute><BooleanAttribute Name="ExternalVisible" SystemDefined="true">false</BooleanAttribute><BooleanAttribute Name="ExternalWritable" SystemDefined="true">false</BooleanAttribute><BooleanAttribute Name="UserVisible" Informative="true" SystemDefined="true">true</BooleanAttribute><BooleanAttribute Name="UserReadOnly" Informative="true" SystemDefined="true">true</BooleanAttribute><BooleanAttribute Name="UserDeletable" Informative="true" SystemDefined="true">true</BooleanAttribute></AttributeList><Comment Informative="true"><MultiLanguageText Lang="es-ES">Enable transition to switch in semi automatic mode</MultiLanguageText><MultiLanguageText Lang="de-DE">Enable transition to switch in semi automatic mode</MultiLanguageText><MultiLanguageText Lang="en-US">Enable transition to switch in semi automatic mode</MultiLanguageText><MultiLanguageText Lang="fr-FR">Enable transition to switch in semi automatic mode</MultiLanguageText><MultiLanguageText Lang="it-IT">Enable transition to switch in semi automatic mode</MultiLanguageText><MultiLanguageText Lang="zh-CN">Enable transition to switch in semi automatic mode</MultiLanguageText><MultiLanguageText Lang="ja-JP">Enable transition to switch in semi automatic mode</MultiLanguageText></Comment><StartValue Informative="true">false</StartValue></Member>
    <Member Name="SolModoAuto" Datatype="Bool" Remanence="NonRetain" Accessibility="Public"><AttributeList><BooleanAttribute Name="ExternalAccessible" SystemDefined="true">true</BooleanAttribute><BooleanAttribute Name="ExternalVisible" SystemDefined="true">true</BooleanAttribute><BooleanAttribute Name="ExternalWritable" SystemDefined="true">true</BooleanAttribute><BooleanAttribute Name="UserVisible" Informative="true" SystemDefined="true">true</BooleanAttribute><BooleanAttribute Name="UserReadOnly" Informative="true" SystemDefined="true">false</BooleanAttribute><BooleanAttribute Name="UserDeletable" Informative="true" SystemDefined="true">true</BooleanAttribute></AttributeList></Member>
    <Member Name="FinCondIni" Datatype="Bool" Remanence="NonRetain" Accessibility="Public"><AttributeList><BooleanAttribute Name="ExternalAccessible" SystemDefined="true">true</BooleanAttribute><BooleanAttribute Name="ExternalVisible" SystemDefined="true">true</BooleanAttribute><BooleanAttribute Name="ExternalWritable" SystemDefined="true">true</BooleanAttribute><BooleanAttribute Name="UserVisible" Informative="true" SystemDefined="true">true</BooleanAttribute><BooleanAttribute Name="UserReadOnly" Informative="true" SystemDefined="true">false</BooleanAttribute><BooleanAttribute Name="UserDeletable" Informative="true" SystemDefined="true">true</BooleanAttribute></AttributeList></Member>
    <Member Name="FinMarchaPre" Datatype="Bool" Remanence="NonRetain" Accessibility="Public"><AttributeList><BooleanAttribute Name="ExternalAccessible" SystemDefined="true">true</BooleanAttribute><BooleanAttribute Name="ExternalVisible" SystemDefined="true">true</BooleanAttribute><BooleanAttribute Name="ExternalWritable" SystemDefined="true">true</BooleanAttribute><BooleanAttribute Name="UserVisible" Informative="true" SystemDefined="true">true</BooleanAttribute><BooleanAttribute Name="UserReadOnly" Informative="true" SystemDefined="true">false</BooleanAttribute><BooleanAttribute Name="UserDeletable" Informative="true" SystemDefined="true">true</BooleanAttribute></AttributeList></Member>
    <Member Name="SolParoFC" Datatype="Bool" Remanence="NonRetain" Accessibility="Public"><AttributeList><BooleanAttribute Name="ExternalAccessible" SystemDefined="true">true</BooleanAttribute><BooleanAttribute Name="ExternalVisible" SystemDefined="true">true</BooleanAttribute><BooleanAttribute Name="ExternalWritable" SystemDefined="true">true</BooleanAttribute><BooleanAttribute Name="UserVisible" Informative="true" SystemDefined="true">true</BooleanAttribute><BooleanAttribute Name="UserReadOnly" Informative="true" SystemDefined="true">false</BooleanAttribute><BooleanAttribute Name="UserDeletable" Informative="true" SystemDefined="true">true</BooleanAttribute></AttributeList></Member>
    <Member Name="FinProces" Datatype="Bool" Remanence="NonRetain" Accessibility="Public"><AttributeList><BooleanAttribute Name="ExternalAccessible" SystemDefined="true">true</BooleanAttribute><BooleanAttribute Name="ExternalVisible" SystemDefined="true">true</BooleanAttribute><BooleanAttribute Name="ExternalWritable" SystemDefined="true">true</BooleanAttribute><BooleanAttribute Name="UserVisible" Informative="true" SystemDefined="true">true</BooleanAttribute><BooleanAttribute Name="UserReadOnly" Informative="true" SystemDefined="true">false</BooleanAttribute><BooleanAttribute Name="UserDeletable" Informative="true" SystemDefined="true">true</BooleanAttribute></AttributeList></Member>
    <Member Name="FinMarchaFin" Datatype="Bool" Remanence="NonRetain" Accessibility="Public"><AttributeList><BooleanAttribute Name="ExternalAccessible" SystemDefined="true">true</BooleanAttribute><BooleanAttribute Name="ExternalVisible" SystemDefined="true">true</BooleanAttribute><BooleanAttribute Name="ExternalWritable" SystemDefined="true">true</BooleanAttribute><BooleanAttribute Name="UserVisible" Informative="true" SystemDefined="true">true</BooleanAttribute><BooleanAttribute Name="UserReadOnly" Informative="true" SystemDefined="true">false</BooleanAttribute><BooleanAttribute Name="UserDeletable" Informative="true" SystemDefined="true">true</BooleanAttribute></AttributeList></Member>
  </Section>
  <Section Name="Output">
    <Member Name="S_NO" Datatype="Int" Remanence="NonRetain" Accessibility="Public"><AttributeList><BooleanAttribute Name="ExternalAccessible" SystemDefined="true">false</BooleanAttribute><BooleanAttribute Name="ExternalVisible" SystemDefined="true">false</BooleanAttribute><BooleanAttribute Name="ExternalWritable" SystemDefined="true">false</BooleanAttribute><BooleanAttribute Name="UserVisible" Informative="true" SystemDefined="true">true</BooleanAttribute><BooleanAttribute Name="UserReadOnly" Informative="true" SystemDefined="true">true</BooleanAttribute><BooleanAttribute Name="UserDeletable" Informative="true" SystemDefined="true">true</BooleanAttribute></AttributeList><Comment Informative="true"><MultiLanguageText Lang="es-ES">Step number</MultiLanguageText><MultiLanguageText Lang="de-DE">Step number</MultiLanguageText><MultiLanguageText Lang="en-US">Step number</MultiLanguageText><MultiLanguageText Lang="fr-FR">Step number</MultiLanguageText><MultiLanguageText Lang="it-IT">Step number</MultiLanguageText><MultiLanguageText Lang="zh-CN">Step number</MultiLanguageText><MultiLanguageText Lang="ja-JP">Step number</MultiLanguageText></Comment><StartValue Informative="true">0</StartValue></Member>
    <Member Name="S_MORE" Datatype="Bool" Remanence="NonRetain" Accessibility="Public"><AttributeList><BooleanAttribute Name="ExternalAccessible" SystemDefined="true">false</BooleanAttribute><BooleanAttribute Name="ExternalVisible" SystemDefined="true">false</BooleanAttribute><BooleanAttribute Name="ExternalWritable" SystemDefined="true">false</BooleanAttribute><BooleanAttribute Name="UserVisible" Informative="true" SystemDefined="true">true</BooleanAttribute><BooleanAttribute Name="UserReadOnly" Informative="true" SystemDefined="true">true</BooleanAttribute><BooleanAttribute Name="UserDeletable" Informative="true" SystemDefined="true">true</BooleanAttribute></AttributeList><Comment Informative="true"><MultiLanguageText Lang="es-ES">More steps are available and can be shown in S_NO</MultiLanguageText><MultiLanguageText Lang="de-DE">More steps are available and can be shown in S_NO</MultiLanguageText><MultiLanguageText Lang="en-US">More steps are available and can be shown in S_NO</MultiLanguageText><MultiLanguageText Lang="fr-FR">More steps are available and can be shown in S_NO</MultiLanguageText><MultiLanguageText Lang="it-IT">More steps are available and can be shown in S_NO</MultiLanguageText><MultiLanguageText Lang="zh-CN">More steps are available and can be shown in S_NO</MultiLanguageText><MultiLanguageText Lang="ja-JP">More steps are available and can be shown in S_NO</MultiLanguageText></Comment><StartValue Informative="true">false</StartValue></Member>
    <Member Name="S_ACTIVE" Datatype="Bool" Remanence="NonRetain" Accessibility="Public"><AttributeList><BooleanAttribute Name="ExternalAccessible" SystemDefined="true">false</BooleanAttribute><BooleanAttribute Name="ExternalVisible" SystemDefined="true">false</BooleanAttribute><BooleanAttribute Name="ExternalWritable" SystemDefined="true">false</BooleanAttribute><BooleanAttribute Name="UserVisible" Informative="true" SystemDefined="true">true</BooleanAttribute><BooleanAttribute Name="UserReadOnly" Informative="true" SystemDefined="true">true</BooleanAttribute><BooleanAttribute Name="UserDeletable" Informative="true" SystemDefined="true">true</BooleanAttribute></AttributeList><Comment Informative="true"><MultiLanguageText Lang="es-ES">Step indicated in S_NO is active</MultiLanguageText><MultiLanguageText Lang="de-DE">Step indicated in S_NO is active</MultiLanguageText><MultiLanguageText Lang="en-US">Step indicated in S_NO is active</MultiLanguageText><MultiLanguageText Lang="fr-FR">Step indicated in S_NO is active</MultiLanguageText><MultiLanguageText Lang="it-IT">Step indicated in S_NO is active</MultiLanguageText><MultiLanguageText Lang="zh-CN">Step indicated in S_NO is active</MultiLanguageText><MultiLanguageText Lang="ja-JP">Step indicated in S_NO is active</MultiLanguageText></Comment><StartValue Informative="true">false</StartValue></Member>
    <Member Name="ERR_FLT" Datatype="Bool" Remanence="NonRetain" Accessibility="Public"><AttributeList><BooleanAttribute Name="ExternalAccessible" SystemDefined="true">false</BooleanAttribute><BooleanAttribute Name="ExternalVisible" SystemDefined="true">false</BooleanAttribute><BooleanAttribute Name="ExternalWritable" SystemDefined="true">false</BooleanAttribute><BooleanAttribute Name="UserVisible" Informative="true" SystemDefined="true">true</BooleanAttribute><BooleanAttribute Name="UserReadOnly" Informative="true" SystemDefined="true">true</BooleanAttribute><BooleanAttribute Name="UserDeletable" Informative="true" SystemDefined="true">true</BooleanAttribute></AttributeList><Comment Informative="true"><MultiLanguageText Lang="es-ES">Interlock or supervision group error</MultiLanguageText><MultiLanguageText Lang="de-DE">Interlock or supervision group error</MultiLanguageText><MultiLanguageText Lang="en-US">Interlock or supervision group error</MultiLanguageText><MultiLanguageText Lang="fr-FR">Interlock or supervision group error</MultiLanguageText><MultiLanguageText Lang="it-IT">Interlock or supervision group error</MultiLanguageText><MultiLanguageText Lang="zh-CN">Interlock or supervision group error</MultiLanguageText><MultiLanguageText Lang="ja-JP">Interlock or supervision group error</MultiLanguageText></Comment><StartValue Informative="true">false</StartValue></Member>
    <Member Name="AUTO_ON" Datatype="Bool" Remanence="NonRetain" Accessibility="Public"><AttributeList><BooleanAttribute Name="ExternalAccessible" SystemDefined="true">false</BooleanAttribute><BooleanAttribute Name="ExternalVisible" SystemDefined="true">false</BooleanAttribute><BooleanAttribute Name="ExternalWritable" SystemDefined="true">false</BooleanAttribute><BooleanAttribute Name="UserVisible" Informative="true" SystemDefined="true">true</BooleanAttribute><BooleanAttribute Name="UserReadOnly" Informative="true" SystemDefined="true">true</BooleanAttribute><BooleanAttribute Name="UserDeletable" Informative="true" SystemDefined="true">true</BooleanAttribute></AttributeList><Comment Informative="true"><MultiLanguageText Lang="es-ES">Automatic mode is active</MultiLanguageText><MultiLanguageText Lang="de-DE">Automatic mode is active</MultiLanguageText><MultiLanguageText Lang="en-US">Automatic mode is active</MultiLanguageText><MultiLanguageText Lang="fr-FR">Automatic mode is active</MultiLanguageText><MultiLanguageText Lang="it-IT">Automatic mode is active</MultiLanguageText><MultiLanguageText Lang="zh-CN">Automatic mode is active</MultiLanguageText><MultiLanguageText Lang="ja-JP">Automatic mode is active</MultiLanguageText></Comment><StartValue Informative="true">false</StartValue></Member>
    <Member Name="TAP_ON" Datatype="Bool" Remanence="NonRetain" Accessibility="Public"><AttributeList><BooleanAttribute Name="ExternalAccessible" SystemDefined="true">false</BooleanAttribute><BooleanAttribute Name="ExternalVisible" SystemDefined="true">false</BooleanAttribute><BooleanAttribute Name="ExternalWritable" SystemDefined="true">false</BooleanAttribute><BooleanAttribute Name="UserVisible" Informative="true" SystemDefined="true">true</BooleanAttribute><BooleanAttribute Name="UserReadOnly" Informative="true" SystemDefined="true">true</BooleanAttribute><BooleanAttribute Name="UserDeletable" Informative="true" SystemDefined="true">true</BooleanAttribute></AttributeList><Comment Informative="true"><MultiLanguageText Lang="es-ES">Semiautomatic mode/step with transition enabled</MultiLanguageText><MultiLanguageText Lang="de-DE">Semiautomatic mode/step with transition enabled</MultiLanguageText><MultiLanguageText Lang="en-US">Semiautomatic mode/step with transition enabled</MultiLanguageText><MultiLanguageText Lang="fr-FR">Semiautomatic mode/step with transition enabled</MultiLanguageText><MultiLanguageText Lang="it-IT">Semiautomatic mode/step with transition enabled</MultiLanguageText><MultiLanguageText Lang="zh-CN">Semiautomatic mode/step with transition enabled</MultiLanguageText><MultiLanguageText Lang="ja-JP">Semiautomatic mode/step with transition enabled</MultiLanguageText></Comment><StartValue Informative="true">false</StartValue></Member>
    <Member Name="TOP_ON" Datatype="Bool" Remanence="NonRetain" Accessibility="Public"><AttributeList><BooleanAttribute Name="ExternalAccessible" SystemDefined="true">false</BooleanAttribute><BooleanAttribute Name="ExternalVisible" SystemDefined="true">false</BooleanAttribute><BooleanAttribute Name="ExternalWritable" SystemDefined="true">false</BooleanAttribute><BooleanAttribute Name="UserVisible" Informative="true" SystemDefined="true">true</BooleanAttribute><BooleanAttribute Name="UserReadOnly" Informative="true" SystemDefined="true">true</BooleanAttribute><BooleanAttribute Name="UserDeletable" Informative="true" SystemDefined="true">true</BooleanAttribute></AttributeList><Comment Informative="true"><MultiLanguageText Lang="es-ES">Semiautomatic mode/ignore transition enabled</MultiLanguageText><MultiLanguageText Lang="de-DE">Semiautomatic mode/ignore transition enabled</MultiLanguageText><MultiLanguageText Lang="en-US">Semiautomatic mode/ignore transition enabled</MultiLanguageText><MultiLanguageText Lang="fr-FR">Semiautomatic mode/ignore transition enabled</MultiLanguageText><MultiLanguageText Lang="it-IT">Semiautomatic mode/ignore transition enabled</MultiLanguageText><MultiLanguageText Lang="zh-CN">Semiautomatic mode/ignore transition enabled</MultiLanguageText><MultiLanguageText Lang="ja-JP">Semiautomatic mode/ignore transition enabled</MultiLanguageText></Comment><StartValue Informative="true">false</StartValue></Member>
    <Member Name="MAN_ON" Datatype="Bool" Remanence="NonRetain" Accessibility="Public"><AttributeList><BooleanAttribute Name="ExternalAccessible" SystemDefined="true">false</BooleanAttribute><BooleanAttribute Name="ExternalVisible" SystemDefined="true">false</BooleanAttribute><BooleanAttribute Name="ExternalWritable" SystemDefined="true">false</BooleanAttribute><BooleanAttribute Name="UserVisible" Informative="true" SystemDefined="true">true</BooleanAttribute><BooleanAttribute Name="UserReadOnly" Informative="true" SystemDefined="true">true</BooleanAttribute><BooleanAttribute Name="UserDeletable" Informative="true" SystemDefined="true">true</BooleanAttribute></AttributeList><Comment Informative="true"><MultiLanguageText Lang="es-ES">Manual mode is active</MultiLanguageText><MultiLanguageText Lang="de-DE">Manual mode is active</MultiLanguageText><MultiLanguageText Lang="en-US">Manual mode is active</MultiLanguageText><MultiLanguageText Lang="fr-FR">Manual mode is active</MultiLanguageText><MultiLanguageText Lang="it-IT">Manual mode is active</MultiLanguageText><MultiLanguageText Lang="zh-CN">Manual mode is active</MultiLanguageText><MultiLanguageText Lang="ja-JP">Manual mode is active</MultiLanguageText></Comment><StartValue Informative="true">false</StartValue></Member>
    <Member Name="InicioAuto" Datatype="Bool" Remanence="NonRetain" Accessibility="Public"><AttributeList><BooleanAttribute Name="ExternalAccessible" SystemDefined="true">true</BooleanAttribute><BooleanAttribute Name="ExternalVisible" SystemDefined="true">true</BooleanAttribute><BooleanAttribute Name="ExternalWritable" SystemDefined="true">true</BooleanAttribute><BooleanAttribute Name="UserVisible" Informative="true" SystemDefined="true">true</BooleanAttribute><BooleanAttribute Name="UserReadOnly" Informative="true" SystemDefined="true">false</BooleanAttribute><BooleanAttribute Name="UserDeletable" Informative="true" SystemDefined="true">true</BooleanAttribute></AttributeList></Member>
    <Member Name="SolCondIni" Datatype="Bool" Remanence="NonRetain" Accessibility="Public"><AttributeList><BooleanAttribute Name="ExternalAccessible" SystemDefined="true">true</BooleanAttribute><BooleanAttribute Name="ExternalVisible" SystemDefined="true">true</BooleanAttribute><BooleanAttribute Name="ExternalWritable" SystemDefined="true">true</BooleanAttribute><BooleanAttribute Name="UserVisible" Informative="true" SystemDefined="true">true</BooleanAttribute><BooleanAttribute Name="UserReadOnly" Informative="true" SystemDefined="true">false</BooleanAttribute><BooleanAttribute Name="UserDeletable" Informative="true" SystemDefined="true">true</BooleanAttribute></AttributeList></Member>
    <Member Name="SolMarchaPre" Datatype="Bool" Remanence="NonRetain" Accessibility="Public"><AttributeList><BooleanAttribute Name="ExternalAccessible" SystemDefined="true">true</BooleanAttribute><BooleanAttribute Name="ExternalVisible" SystemDefined="true">true</BooleanAttribute><BooleanAttribute Name="ExternalWritable" SystemDefined="true">true</BooleanAttribute><BooleanAttribute Name="UserVisible" Informative="true" SystemDefined="true">true</BooleanAttribute><BooleanAttribute Name="UserReadOnly" Informative="true" SystemDefined="true">false</BooleanAttribute><BooleanAttribute Name="UserDeletable" Informative="true" SystemDefined="true">true</BooleanAttribute></AttributeList></Member>
    <Member Name="ProdNorm" Datatype="Bool" Remanence="NonRetain" Accessibility="Public"><AttributeList><BooleanAttribute Name="ExternalAccessible" SystemDefined="true">true</BooleanAttribute><BooleanAttribute Name="ExternalVisible" SystemDefined="true">true</BooleanAttribute><BooleanAttribute Name="ExternalWritable" SystemDefined="true">true</BooleanAttribute><BooleanAttribute Name="UserVisible" Informative="true" SystemDefined="true">true</BooleanAttribute><BooleanAttribute Name="UserReadOnly" Informative="true" SystemDefined="true">false</BooleanAttribute><BooleanAttribute Name="UserDeletable" Informative="true" SystemDefined="true">true</BooleanAttribute></AttributeList></Member>
    <Member Name="ParoFC" Datatype="Bool" Remanence="NonRetain" Accessibility="Public"><AttributeList><BooleanAttribute Name="ExternalAccessible" SystemDefined="true">true</BooleanAttribute><BooleanAttribute Name="ExternalVisible" SystemDefined="true">true</BooleanAttribute><BooleanAttribute Name="ExternalWritable" SystemDefined="true">true</BooleanAttribute><BooleanAttribute Name="UserVisible" Informative="true" SystemDefined="true">true</BooleanAttribute><BooleanAttribute Name="UserReadOnly" Informative="true" SystemDefined="true">false</BooleanAttribute><BooleanAttribute Name="UserDeletable" Informative="true" SystemDefined="true">true</BooleanAttribute></AttributeList></Member>
    <Member Name="SolMarchaFin" Datatype="Bool" Remanence="NonRetain" Accessibility="Public"><AttributeList><BooleanAttribute Name="ExternalAccessible" SystemDefined="true">true</BooleanAttribute><BooleanAttribute Name="ExternalVisible" SystemDefined="true">true</BooleanAttribute><BooleanAttribute Name="ExternalWritable" SystemDefined="true">true</BooleanAttribute><BooleanAttribute Name="UserVisible" Informative="true" SystemDefined="true">true</BooleanAttribute><BooleanAttribute Name="UserReadOnly" Informative="true" SystemDefined="true">false</BooleanAttribute><BooleanAttribute Name="UserDeletable" Informative="true" SystemDefined="true">true</BooleanAttribute></AttributeList></Member>
  </Section>
  <Section Name="InOut" />
  <Section Name="Static">
    <Member Name="RT_DATA" Datatype="G7_RTDataPlus" Version="1.0" Remanence="NonRetain" Accessibility="Public"><AttributeList><BooleanAttribute Name="ExternalAccessible" SystemDefined="true">false</BooleanAttribute><BooleanAttribute Name="ExternalVisible" SystemDefined="true">false</BooleanAttribute><BooleanAttribute Name="ExternalWritable" SystemDefined="true">false</BooleanAttribute><BooleanAttribute Name="UserVisible" Informative="true" SystemDefined="true">true</BooleanAttribute><BooleanAttribute Name="UserReadOnly" Informative="true" SystemDefined="true">true</BooleanAttribute><BooleanAttribute Name="UserDeletable" Informative="true" SystemDefined="true">false</BooleanAttribute><BooleanAttribute Name="SetPoint" Informative="true" SystemDefined="true">true</BooleanAttribute></AttributeList><Comment Informative="true"><MultiLanguageText Lang="es-ES">Internal data area</MultiLanguageText><MultiLanguageText Lang="de-DE">Internal data area</MultiLanguageText><MultiLanguageText Lang="en-US">Internal data area</MultiLanguageText><MultiLanguageText Lang="fr-FR">Internal data area</MultiLanguageText><MultiLanguageText Lang="it-IT">Internal data area</MultiLanguageText><MultiLanguageText Lang="zh-CN">Internal data area</MultiLanguageText><MultiLanguageText Lang="ja-JP">Internal data area</MultiLanguageText></Comment><Sections><Section Name="None"><Member Name="S_DISPLAY" Datatype="Int" /><Member Name="S_SEL_OLD" Datatype="Int" /><Member Name="S_DISPIDX" Datatype="USInt"><StartValue Informative="true">255</StartValue></Member><Member Name="T_DISPIDX" Datatype="USInt"><StartValue Informative="true">255</StartValue></Member><Member Name="MOP_EDGE" Datatype="G7_MOPPlus" Version="1.0"><Sections><Section Name="None"><Member Name="AUTO" Datatype="Bool" /><Member Name="MAN" Datatype="Bool" /><Member Name="TAP" Datatype="Bool" /><Member Name="TOP" Datatype="Bool" /><Member Name="ACK_S" Datatype="Bool" /><Member Name="REG_S" Datatype="Bool" /><Member Name="T_PREV" Datatype="Bool" /><Member Name="T_NEXT" Datatype="Bool" /><Member Name="LOCK" Datatype="Bool" /><Member Name="SUP" Datatype="Bool" /><Member Name="ACKREQ" Datatype="Bool" /><Member Name="SSKIP" Datatype="Bool" /><Member Name="OFF" Datatype="Bool" /><Member Name="INIT" Datatype="Bool" /><Member Name="HALT" Datatype="Bool" /><Member Name="TMS_HALT" Datatype="Bool" /><Member Name="OPS_ZERO" Datatype="Bool" /><Member Name="SACT_DISP" Datatype="Bool" /><Member Name="SEF_DISP" Datatype="Bool" /><Member Name="SALL_DISP" Datatype="Bool" /><Member Name="S_PREV" Datatype="Bool" /><Member Name="S_NEXT" Datatype="Bool" /><Member Name="S_SELOK" Datatype="Bool" /><Member Name="S_ON" Datatype="Bool" /><Member Name="S_OFF" Datatype="Bool" /><Member Name="T_PUSH" Datatype="Bool" /><Member Name="REG" Datatype="Bool" /><Member Name="ACK" Datatype="Bool" /><Member Name="IL_PERM" Datatype="Bool" /><Member Name="T_PERM" Datatype="Bool" /><Member Name="ILP_MAN" Datatype="Bool" /></Section></Sections></Member><Member Name="MOP" Datatype="G7_MOPPlus" Version="1.0"><Sections><Section Name="None"><Member Name="AUTO" Datatype="Bool"><StartValue Informative="true">true</StartValue></Member><Member Name="MAN" Datatype="Bool" /><Member Name="TAP" Datatype="Bool" /><Member Name="TOP" Datatype="Bool" /><Member Name="ACK_S" Datatype="Bool" /><Member Name="REG_S" Datatype="Bool" /><Member Name="T_PREV" Datatype="Bool" /><Member Name="T_NEXT" Datatype="Bool" /><Member Name="LOCK" Datatype="Bool"><StartValue Informative="true">true</StartValue></Member><Member Name="SUP" Datatype="Bool"><StartValue Informative="true">true</StartValue></Member><Member Name="ACKREQ" Datatype="Bool"><StartValue Informative="true">true</StartValue></Member><Member Name="SSKIP" Datatype="Bool" /><Member Name="OFF" Datatype="Bool" /><Member Name="INIT" Datatype="Bool"><StartValue Informative="true">true</StartValue></Member><Member Name="HALT" Datatype="Bool" /><Member Name="TMS_HALT" Datatype="Bool" /><Member Name="OPS_ZERO" Datatype="Bool" /><Member Name="SACT_DISP" Datatype="Bool"><StartValue Informative="true">true</StartValue></Member><Member Name="SEF_DISP" Datatype="Bool" /><Member Name="SALL_DISP" Datatype="Bool" /><Member Name="S_PREV" Datatype="Bool" /><Member Name="S_NEXT" Datatype="Bool" /><Member Name="S_SELOK" Datatype="Bool" /><Member Name="S_ON" Datatype="Bool" /><Member Name="S_OFF" Datatype="Bool" /><Member Name="T_PUSH" Datatype="Bool" /><Member Name="REG" Datatype="Bool" /><Member Name="ACK" Datatype="Bool" /><Member Name="IL_PERM" Datatype="Bool" /><Member Name="T_PERM" Datatype="Bool" /><Member Name="ILP_MAN" Datatype="Bool" /></Section></Sections></Member><Member Name="TIME_DELTA" Datatype="Time" /><Member Name="SQ_FLAGS" Datatype="G7_SQFlagsPlus" Version="1.0"><Sections><Section Name="None"><Member Name="ERR_FLT" Datatype="Bool" /><Member Name="ERROR" Datatype="Bool" /><Member Name="FAULT" Datatype="Bool" /><Member Name="RT_FAIL" Datatype="Bool" /><Member Name="NO_SNO" Datatype="Bool" /><Member Name="NF_OFL" Datatype="Bool" /><Member Name="SA_OFL" Datatype="Bool" /><Member Name="TV_OFL" Datatype="Bool" /><Member Name="MSG_OFL" Datatype="Bool" /><Member Name="NO_SWI" Datatype="Bool" /><Member Name="CYC_OP" Datatype="Bool" /><Member Name="AS_MSG" Datatype="Bool"><StartValue Informative="true">true</StartValue></Member><Member Name="AS_SEND" Datatype="Bool" /><Member Name="SQ_BUSY" Datatype="Bool" /><Member Name="SA_BUSY" Datatype="Bool" /><Member Name="AS_SIG" Datatype="Bool" /></Section></Sections></Member><Member Name="PRE_CNT" Datatype="USInt"><StartValue Informative="true">1</StartValue></Member><Member Name="POST_CNT" Datatype="USInt"><StartValue Informative="true">1</StartValue></Member><Member Name="SQ_CNT" Datatype="USInt"><StartValue Informative="true">1</StartValue></Member><Member Name="S_CNT" Datatype="USInt"><StartValue Informative="true">6</StartValue></Member><Member Name="LOCK_CNT" Datatype="USInt" /><Member Name="SUP_CNT" Datatype="USInt" /><Member Name="T_CNT" Datatype="USInt"><StartValue Informative="true">6</StartValue></Member><Member Name="SQ_PART_CNT" Datatype="USInt"><StartValue Informative="true">1</StartValue></Member><Member Name="MAX_TVAL" Datatype="USInt"><StartValue Informative="true">1</StartValue></Member><Member Name="MAX_SACT" Datatype="USInt"><StartValue Informative="true">1</StartValue></Member><Member Name="AS_MSG" Datatype="Byte"><StartValue Informative="true">16#45</StartValue></Member><Member Name="EXEC_BITS" Datatype="Array[0..249] of Bool" /><Member Name="OFFSETS" Datatype="G7_OffsetsPlus" Version="1.0"><Sections><Section Name="None"><Member Name="SINI_OFFSET" Datatype="UInt" /><Member Name="LSTT_OFFSET" Datatype="UInt"><StartValue Informative="true">2</StartValue></Member><Member Name="ATAJ_OFFSET" Datatype="UInt"><StartValue Informative="true">8</StartValue></Member><Member Name="ATAB_OFFSET" Datatype="UInt"><StartValue Informative="true">14</StartValue></Member><Member Name="PSTT_OFFSET" Datatype="UInt"><StartValue Informative="true">20</StartValue></Member><Member Name="NSTT_OFFSET" Datatype="UInt"><StartValue Informative="true">26</StartValue></Member><Member Name="ASSJ_OFFSET" Datatype="UInt"><StartValue Informative="true">32</StartValue></Member><Member Name="ASSB_OFFSET" Datatype="UInt"><StartValue Informative="true">38</StartValue></Member><Member Name="PTTS_OFFSET" Datatype="UInt"><StartValue Informative="true">44</StartValue></Member><Member Name="NTTS_OFFSET" Datatype="UInt"><StartValue Informative="true">50</StartValue></Member><Member Name="SW_SQTS_OFFSET" Datatype="UInt"><StartValue Informative="true">56</StartValue></Member><Member Name="SWITCH_OFFSET" Datatype="UInt"><StartValue Informative="true">62</StartValue></Member><Member Name="TVX_OFFSET" Datatype="UInt"><StartValue Informative="true">63</StartValue></Member><Member Name="TTX_OFFSET" Datatype="UInt"><StartValue Informative="true">65</StartValue></Member><Member Name="TSX_OFFSET" Datatype="UInt"><StartValue Informative="true">67</StartValue></Member><Member Name="S00X_OFFSET" Datatype="UInt"><StartValue Informative="true">69</StartValue></Member><Member Name="SOFFX_OFFSET" Datatype="UInt"><StartValue Informative="true">71</StartValue></Member><Member Name="SONX_OFFSET" Datatype="UInt"><StartValue Informative="true">73</StartValue></Member><Member Name="SAX_OFFSET" Datatype="UInt"><StartValue Informative="true">75</StartValue></Member><Member Name="SERRX_OFFSET" Datatype="UInt"><StartValue Informative="true">77</StartValue></Member><Member Name="SMX_OFFSET" Datatype="UInt"><StartValue Informative="true">84</StartValue></Member><Member Name="S0X_OFFSET" Datatype="UInt"><StartValue Informative="true">91</StartValue></Member><Member Name="S1X_OFFSET" Datatype="UInt"><StartValue Informative="true">98</StartValue></Member></Section></Sections></Member></Section></Sections></Member>
    <Member Name="Trans1" Datatype="G7_TransitionPlus" Version="1.0" Remanence="NonRetain" Accessibility="Public"><AttributeList><BooleanAttribute Name="ExternalAccessible" SystemDefined="true">false</BooleanAttribute><BooleanAttribute Name="ExternalVisible" SystemDefined="true">false</BooleanAttribute><BooleanAttribute Name="ExternalWritable" SystemDefined="true">false</BooleanAttribute><BooleanAttribute Name="UserVisible" Informative="true" SystemDefined="true">true</BooleanAttribute><BooleanAttribute Name="UserReadOnly" Informative="true" SystemDefined="true">true</BooleanAttribute><BooleanAttribute Name="UserDeletable" Informative="true" SystemDefined="true">false</BooleanAttribute><BooleanAttribute Name="SetPoint" Informative="true" SystemDefined="true">true</BooleanAttribute></AttributeList><Sections><Section Name="None"><Member Name="TV" Datatype="Bool" /><Member Name="TT" Datatype="Bool" /><Member Name="TS" Datatype="Bool" /><Member Name="TNO" Datatype="Int"><StartValue Informative="true">1</StartValue></Member></Section></Sections></Member>
    <Member Name="Trans2" Datatype="G7_TransitionPlus" Version="1.0" Remanence="NonRetain" Accessibility="Public"><AttributeList><BooleanAttribute Name="ExternalAccessible" SystemDefined="true">false</BooleanAttribute><BooleanAttribute Name="ExternalVisible" SystemDefined="true">false</BooleanAttribute><BooleanAttribute Name="ExternalWritable" SystemDefined="true">false</BooleanAttribute><BooleanAttribute Name="UserVisible" Informative="true" SystemDefined="true">true</BooleanAttribute><BooleanAttribute Name="UserReadOnly" Informative="true" SystemDefined="true">true</BooleanAttribute><BooleanAttribute Name="UserDeletable" Informative="true" SystemDefined="true">false</BooleanAttribute><BooleanAttribute Name="SetPoint" Informative="true" SystemDefined="true">true</BooleanAttribute></AttributeList><Sections><Section Name="None"><Member Name="TV" Datatype="Bool" /><Member Name="TT" Datatype="Bool" /><Member Name="TS" Datatype="Bool" /><Member Name="TNO" Datatype="Int"><StartValue Informative="true">2</StartValue></Member></Section></Sections></Member>
    <Member Name="Trans3" Datatype="G7_TransitionPlus" Version="1.0" Remanence="NonRetain" Accessibility="Public"><AttributeList><BooleanAttribute Name="ExternalAccessible" SystemDefined="true">false</BooleanAttribute><BooleanAttribute Name="ExternalVisible" SystemDefined="true">false</BooleanAttribute><BooleanAttribute Name="ExternalWritable" SystemDefined="true">false</BooleanAttribute><BooleanAttribute Name="UserVisible" Informative="true" SystemDefined="true">true</BooleanAttribute><BooleanAttribute Name="UserReadOnly" Informative="true" SystemDefined="true">true</BooleanAttribute><BooleanAttribute Name="UserDeletable" Informative="true" SystemDefined="true">false</BooleanAttribute><BooleanAttribute Name="SetPoint" Informative="true" SystemDefined="true">true</BooleanAttribute></AttributeList><Sections><Section Name="None"><Member Name="TV" Datatype="Bool" /><Member Name="TT" Datatype="Bool" /><Member Name="TS" Datatype="Bool" /><Member Name="TNO" Datatype="Int"><StartValue Informative="true">3</StartValue></Member></Section></Sections></Member>
    <Member Name="Trans4" Datatype="G7_TransitionPlus" Version="1.0" Remanence="NonRetain" Accessibility="Public"><AttributeList><BooleanAttribute Name="ExternalAccessible" SystemDefined="true">false</BooleanAttribute><BooleanAttribute Name="ExternalVisible" SystemDefined="true">false</BooleanAttribute><BooleanAttribute Name="ExternalWritable" SystemDefined="true">false</BooleanAttribute><BooleanAttribute Name="UserVisible" Informative="true" SystemDefined="true">true</BooleanAttribute><BooleanAttribute Name="UserReadOnly" Informative="true" SystemDefined="true">true</BooleanAttribute><BooleanAttribute Name="UserDeletable" Informative="true" SystemDefined="true">false</BooleanAttribute><BooleanAttribute Name="SetPoint" Informative="true" SystemDefined="true">true</BooleanAttribute></AttributeList><Sections><Section Name="None"><Member Name="TV" Datatype="Bool" /><Member Name="TT" Datatype="Bool" /><Member Name="TS" Datatype="Bool" /><Member Name="TNO" Datatype="Int"><StartValue Informative="true">4</StartValue></Member></Section></Sections></Member>
    <Member Name="Trans5" Datatype="G7_TransitionPlus" Version="1.0" Remanence="NonRetain" Accessibility="Public"><AttributeList><BooleanAttribute Name="ExternalAccessible" SystemDefined="true">false</BooleanAttribute><BooleanAttribute Name="ExternalVisible" SystemDefined="true">false</BooleanAttribute><BooleanAttribute Name="ExternalWritable" SystemDefined="true">false</BooleanAttribute><BooleanAttribute Name="UserVisible" Informative="true" SystemDefined="true">true</BooleanAttribute><BooleanAttribute Name="UserReadOnly" Informative="true" SystemDefined="true">true</BooleanAttribute><BooleanAttribute Name="UserDeletable" Informative="true" SystemDefined="true">false</BooleanAttribute><BooleanAttribute Name="SetPoint" Informative="true" SystemDefined="true">true</BooleanAttribute></AttributeList><Sections><Section Name="None"><Member Name="TV" Datatype="Bool" /><Member Name="TT" Datatype="Bool" /><Member Name="TS" Datatype="Bool" /><Member Name="TNO" Datatype="Int"><StartValue Informative="true">5</StartValue></Member></Section></Sections></Member>
    <Member Name="Trans6" Datatype="G7_TransitionPlus" Version="1.0" Remanence="NonRetain" Accessibility="Public"><AttributeList><BooleanAttribute Name="ExternalAccessible" SystemDefined="true">false</BooleanAttribute><BooleanAttribute Name="ExternalVisible" SystemDefined="true">false</BooleanAttribute><BooleanAttribute Name="ExternalWritable" SystemDefined="true">false</BooleanAttribute><BooleanAttribute Name="UserVisible" Informative="true" SystemDefined="true">true</BooleanAttribute><BooleanAttribute Name="UserReadOnly" Informative="true" SystemDefined="true">true</BooleanAttribute><BooleanAttribute Name="UserDeletable" Informative="true" SystemDefined="true">false</BooleanAttribute><BooleanAttribute Name="SetPoint" Informative="true" SystemDefined="true">true</BooleanAttribute></AttributeList><Sections><Section Name="None"><Member Name="TV" Datatype="Bool" /><Member Name="TT" Datatype="Bool" /><Member Name="TS" Datatype="Bool" /><Member Name="TNO" Datatype="Int"><StartValue Informative="true">6</StartValue></Member></Section></Sections></Member>
    <Member Name="X0" Datatype="G7_StepPlus" Version="1.0" Remanence="NonRetain" Accessibility="Public"><AttributeList><BooleanAttribute Name="ExternalAccessible" SystemDefined="true">false</BooleanAttribute><BooleanAttribute Name="ExternalVisible" SystemDefined="true">false</BooleanAttribute><BooleanAttribute Name="ExternalWritable" SystemDefined="true">false</BooleanAttribute><BooleanAttribute Name="UserVisible" Informative="true" SystemDefined="true">true</BooleanAttribute><BooleanAttribute Name="UserReadOnly" Informative="true" SystemDefined="true">true</BooleanAttribute><BooleanAttribute Name="UserDeletable" Informative="true" SystemDefined="true">false</BooleanAttribute><BooleanAttribute Name="SetPoint" Informative="true" SystemDefined="true">true</BooleanAttribute></AttributeList><Sections><Section Name="None"><Member Name="S1" Datatype="Bool" /><Member Name="L1" Datatype="Bool" /><Member Name="V1" Datatype="Bool" /><Member Name="R1" Datatype="Bool" /><Member Name="A1" Datatype="Bool" /><Member Name="S0" Datatype="Bool" /><Member Name="L0" Datatype="Bool" /><Member Name="V0" Datatype="Bool" /><Member Name="X" Datatype="Bool" /><Member Name="LA" Datatype="Bool" /><Member Name="VA" Datatype="Bool" /><Member Name="RA" Datatype="Bool" /><Member Name="AA" Datatype="Bool" /><Member Name="SS" Datatype="Bool" /><Member Name="LS" Datatype="Bool" /><Member Name="VS" Datatype="Bool" /><Member Name="SNO" Datatype="Int"><StartValue Informative="true">1</StartValue></Member><Member Name="T" Datatype="Time" /><Member Name="U" Datatype="Time" /><Member Name="SM" Datatype="Bool" /><Member Name="H_IL_ERR" Datatype="Byte" /><Member Name="H_SV_FLT" Datatype="Byte" /></Section></Sections></Member>
    <Member Name="X2" Datatype="G7_StepPlus" Version="1.0" Remanence="NonRetain" Accessibility="Public"><AttributeList><BooleanAttribute Name="ExternalAccessible" SystemDefined="true">false</BooleanAttribute><BooleanAttribute Name="ExternalVisible" SystemDefined="true">false</BooleanAttribute><BooleanAttribute Name="ExternalWritable" SystemDefined="true">false</BooleanAttribute><BooleanAttribute Name="UserVisible" Informative="true" SystemDefined="true">true</BooleanAttribute><BooleanAttribute Name="UserReadOnly" Informative="true" SystemDefined="true">true</BooleanAttribute><BooleanAttribute Name="UserDeletable" Informative="true" SystemDefined="true">false</BooleanAttribute><BooleanAttribute Name="SetPoint" Informative="true" SystemDefined="true">true</BooleanAttribute></AttributeList><Sections><Section Name="None"><Member Name="S1" Datatype="Bool" /><Member Name="L1" Datatype="Bool" /><Member Name="V1" Datatype="Bool" /><Member Name="R1" Datatype="Bool" /><Member Name="A1" Datatype="Bool" /><Member Name="S0" Datatype="Bool" /><Member Name="L0" Datatype="Bool" /><Member Name="V0" Datatype="Bool" /><Member Name="X" Datatype="Bool" /><Member Name="LA" Datatype="Bool" /><Member Name="VA" Datatype="Bool" /><Member Name="RA" Datatype="Bool" /><Member Name="AA" Datatype="Bool" /><Member Name="SS" Datatype="Bool" /><Member Name="LS" Datatype="Bool" /><Member Name="VS" Datatype="Bool" /><Member Name="SNO" Datatype="Int"><StartValue Informative="true">2</StartValue></Member><Member Name="T" Datatype="Time" /><Member Name="U" Datatype="Time" /><Member Name="SM" Datatype="Bool" /><Member Name="H_IL_ERR" Datatype="Byte" /><Member Name="H_SV_FLT" Datatype="Byte" /></Section></Sections></Member>
    <Member Name="X3" Datatype="G7_StepPlus" Version="1.0" Remanence="NonRetain" Accessibility="Public"><AttributeList><BooleanAttribute Name="ExternalAccessible" SystemDefined="true">false</BooleanAttribute><BooleanAttribute Name="ExternalVisible" SystemDefined="true">false</BooleanAttribute><BooleanAttribute Name="ExternalWritable" SystemDefined="true">false</BooleanAttribute><BooleanAttribute Name="UserVisible" Informative="true" SystemDefined="true">true</BooleanAttribute><BooleanAttribute Name="UserReadOnly" Informative="true" SystemDefined="true">true</BooleanAttribute><BooleanAttribute Name="UserDeletable" Informative="true" SystemDefined="true">false</BooleanAttribute><BooleanAttribute Name="SetPoint" Informative="true" SystemDefined="true">true</BooleanAttribute></AttributeList><Sections><Section Name="None"><Member Name="S1" Datatype="Bool" /><Member Name="L1" Datatype="Bool" /><Member Name="V1" Datatype="Bool" /><Member Name="R1" Datatype="Bool" /><Member Name="A1" Datatype="Bool" /><Member Name="S0" Datatype="Bool" /><Member Name="L0" Datatype="Bool" /><Member Name="V0" Datatype="Bool" /><Member Name="X" Datatype="Bool" /><Member Name="LA" Datatype="Bool" /><Member Name="VA" Datatype="Bool" /><Member Name="RA" Datatype="Bool" /><Member Name="AA" Datatype="Bool" /><Member Name="SS" Datatype="Bool" /><Member Name="LS" Datatype="Bool" /><Member Name="VS" Datatype="Bool" /><Member Name="SNO" Datatype="Int"><StartValue Informative="true">3</StartValue></Member><Member Name="T" Datatype="Time" /><Member Name="U" Datatype="Time" /><Member Name="SM" Datatype="Bool" /><Member Name="H_IL_ERR" Datatype="Byte" /><Member Name="H_SV_FLT" Datatype="Byte" /></Section></Sections></Member>
    <Member Name="X4" Datatype="G7_StepPlus" Version="1.0" Remanence="NonRetain" Accessibility="Public"><AttributeList><BooleanAttribute Name="ExternalAccessible" SystemDefined="true">false</BooleanAttribute><BooleanAttribute Name="ExternalVisible" SystemDefined="true">false</BooleanAttribute><BooleanAttribute Name="ExternalWritable" SystemDefined="true">false</BooleanAttribute><BooleanAttribute Name="UserVisible" Informative="true" SystemDefined="true">true</BooleanAttribute><BooleanAttribute Name="UserReadOnly" Informative="true" SystemDefined="true">true</BooleanAttribute><BooleanAttribute Name="UserDeletable" Informative="true" SystemDefined="true">false</BooleanAttribute><BooleanAttribute Name="SetPoint" Informative="true" SystemDefined="true">true</BooleanAttribute></AttributeList><Sections><Section Name="None"><Member Name="S1" Datatype="Bool" /><Member Name="L1" Datatype="Bool" /><Member Name="V1" Datatype="Bool" /><Member Name="R1" Datatype="Bool" /><Member Name="A1" Datatype="Bool" /><Member Name="S0" Datatype="Bool" /><Member Name="L0" Datatype="Bool" /><Member Name="V0" Datatype="Bool" /><Member Name="X" Datatype="Bool" /><Member Name="LA" Datatype="Bool" /><Member Name="VA" Datatype="Bool" /><Member Name="RA" Datatype="Bool" /><Member Name="AA" Datatype="Bool" /><Member Name="SS" Datatype="Bool" /><Member Name="LS" Datatype="Bool" /><Member Name="VS" Datatype="Bool" /><Member Name="SNO" Datatype="Int"><StartValue Informative="true">4</StartValue></Member><Member Name="T" Datatype="Time" /><Member Name="U" Datatype="Time" /><Member Name="SM" Datatype="Bool" /><Member Name="H_IL_ERR" Datatype="Byte" /><Member Name="H_SV_FLT" Datatype="Byte" /></Section></Sections></Member>
    <Member Name="X5" Datatype="G7_StepPlus" Version="1.0" Remanence="NonRetain" Accessibility="Public"><AttributeList><BooleanAttribute Name="ExternalAccessible" SystemDefined="true">false</BooleanAttribute><BooleanAttribute Name="ExternalVisible" SystemDefined="true">false</BooleanAttribute><BooleanAttribute Name="ExternalWritable" SystemDefined="true">false</BooleanAttribute><BooleanAttribute Name="UserVisible" Informative="true" SystemDefined="true">true</BooleanAttribute><BooleanAttribute Name="UserReadOnly" Informative="true" SystemDefined="true">true</BooleanAttribute><BooleanAttribute Name="UserDeletable" Informative="true" SystemDefined="true">false</BooleanAttribute><BooleanAttribute Name="SetPoint" Informative="true" SystemDefined="true">true</BooleanAttribute></AttributeList><Sections><Section Name="None"><Member Name="S1" Datatype="Bool" /><Member Name="L1" Datatype="Bool" /><Member Name="V1" Datatype="Bool" /><Member Name="R1" Datatype="Bool" /><Member Name="A1" Datatype="Bool" /><Member Name="S0" Datatype="Bool" /><Member Name="L0" Datatype="Bool" /><Member Name="V0" Datatype="Bool" /><Member Name="X" Datatype="Bool" /><Member Name="LA" Datatype="Bool" /><Member Name="VA" Datatype="Bool" /><Member Name="RA" Datatype="Bool" /><Member Name="AA" Datatype="Bool" /><Member Name="SS" Datatype="Bool" /><Member Name="LS" Datatype="Bool" /><Member Name="VS" Datatype="Bool" /><Member Name="SNO" Datatype="Int"><StartValue Informative="true">5</StartValue></Member><Member Name="T" Datatype="Time" /><Member Name="U" Datatype="Time" /><Member Name="SM" Datatype="Bool" /><Member Name="H_IL_ERR" Datatype="Byte" /><Member Name="H_SV_FLT" Datatype="Byte" /></Section></Sections></Member>
    <Member Name="X6" Datatype="G7_StepPlus" Version="1.0" Remanence="NonRetain" Accessibility="Public"><AttributeList><BooleanAttribute Name="ExternalAccessible" SystemDefined="true">false</BooleanAttribute><BooleanAttribute Name="ExternalVisible" SystemDefined="true">false</BooleanAttribute><BooleanAttribute Name="ExternalWritable" SystemDefined="true">false</BooleanAttribute><BooleanAttribute Name="UserVisible" Informative="true" SystemDefined="true">true</BooleanAttribute><BooleanAttribute Name="UserReadOnly" Informative="true" SystemDefined="true">true</BooleanAttribute><BooleanAttribute Name="UserDeletable" Informative="true" SystemDefined="true">false</BooleanAttribute><BooleanAttribute Name="SetPoint" Informative="true" SystemDefined="true">true</BooleanAttribute></AttributeList><Sections><Section Name="None"><Member Name="S1" Datatype="Bool" /><Member Name="L1" Datatype="Bool" /><Member Name="V1" Datatype="Bool" /><Member Name="R1" Datatype="Bool" /><Member Name="A1" Datatype="Bool" /><Member Name="S0" Datatype="Bool" /><Member Name="L0" Datatype="Bool" /><Member Name="V0" Datatype="Bool" /><Member Name="X" Datatype="Bool" /><Member Name="LA" Datatype="Bool" /><Member Name="VA" Datatype="Bool" /><Member Name="RA" Datatype="Bool" /><Member Name="AA" Datatype="Bool" /><Member Name="SS" Datatype="Bool" /><Member Name="LS" Datatype="Bool" /><Member Name="VS" Datatype="Bool" /><Member Name="SNO" Datatype="Int"><StartValue Informative="true">6</StartValue></Member><Member Name="T" Datatype="Time" /><Member Name="U" Datatype="Time" /><Member Name="SM" Datatype="Bool" /><Member Name="H_IL_ERR" Datatype="Byte" /><Member Name="H_SV_FLT" Datatype="Byte" /></Section></Sections></Member>
  </Section>
  <Section Name="Temp" />
  <Section Name="Constant" />
</Sections></Interface>
      <InterfaceModifiedDate ReadOnly="true">2024-05-23T10:54:53.2473076Z</InterfaceModifiedDate>
      <IsConsistent ReadOnly="true">true</IsConsistent>
      <IsIECCheckEnabled>false</IsIECCheckEnabled>
      <IsKnowHowProtected ReadOnly="true">false</IsKnowHowProtected>
      <ISMultiInstanceCapable ReadOnly="true">false</ISMultiInstanceCapable>
      <IsWriteProtected ReadOnly="true">false</IsWriteProtected>
      <LanguageInNetworks>LAD</LanguageInNetworks>
      <LibraryConformanceStatus ReadOnly="true">The object is library-conformant.</LibraryConformanceStatus>
      <LockOperatingMode>false</LockOperatingMode>
      <MemoryLayout ReadOnly="true">Optimized</MemoryLayout>
      <ModifiedDate ReadOnly="true">2024-05-23T10:54:53.2473076Z</ModifiedDate>
      <Name>GS1_SecPrincipal</Name>
      <Number>20</Number>
      <ParameterModified ReadOnly="true">2024-05-23T10:44:09.4324288Z</ParameterModified>
      <PermanentILProcessingInMANMode>false</PermanentILProcessingInMANMode>
      <PLCSimAdvancedSupport ReadOnly="true">true</PLCSimAdvancedSupport>
      <ProgrammingLanguage>GRAPH</ProgrammingLanguage>
      <SetENOAutomatically>false</SetENOAutomatically>
      <SkipSteps>false</SkipSteps>
      <StructureModified ReadOnly="true">2024-05-23T10:44:09.4324288Z</StructureModified>
      <UDABlockProperties />
      <UDAEnableTagReadback>false</UDAEnableTagReadback>
      <WithAlarmHandling>true</WithAlarmHandling>
    </AttributeList>
    <ObjectList>
      <MultilingualText ID="1" CompositionName="Comment">
        <ObjectList>
          <MultilingualTextItem ID="2" CompositionName="Items">
            <AttributeList>
              <Culture>es-ES</Culture>
              <Text />
            </AttributeList>
          </MultilingualTextItem>
          <MultilingualTextItem ID="3" CompositionName="Items">
            <AttributeList>
              <Culture>de-DE</Culture>
              <Text />
            </AttributeList>
          </MultilingualTextItem>
          <MultilingualTextItem ID="4" CompositionName="Items">
            <AttributeList>
              <Culture>en-US</Culture>
              <Text />
            </AttributeList>
          </MultilingualTextItem>
          <MultilingualTextItem ID="5" CompositionName="Items">
            <AttributeList>
              <Culture>fr-FR</Culture>
              <Text />
            </AttributeList>
          </MultilingualTextItem>
          <MultilingualTextItem ID="6" CompositionName="Items">
            <AttributeList>
              <Culture>it-IT</Culture>
              <Text />
            </AttributeList>
          </MultilingualTextItem>
          <MultilingualTextItem ID="7" CompositionName="Items">
            <AttributeList>
              <Culture>zh-CN</Culture>
              <Text />
            </AttributeList>
          </MultilingualTextItem>
          <MultilingualTextItem ID="8" CompositionName="Items">
            <AttributeList>
              <Culture>ja-JP</Culture>
              <Text />
            </AttributeList>
          </MultilingualTextItem>
        </ObjectList>
      </MultilingualText>
      <SW.Blocks.CompileUnit ID="9" CompositionName="CompileUnits">
        <AttributeList>
          <NetworkSource><Graph xmlns="http://www.siemens.com/automation/Openness/SW/NetworkSource/Graph/v5">
  <PreOperations>
    <PermanentOperation ProgrammingLanguage="LAD" />
  </PreOperations>
  <Sequence>
    <Title />
    <Comment>
      <MultiLanguageText Lang="es-ES" />
      <MultiLanguageText Lang="de-DE" />
      <MultiLanguageText Lang="en-US" />
      <MultiLanguageText Lang="fr-FR" />
      <MultiLanguageText Lang="it-IT" />
      <MultiLanguageText Lang="zh-CN" />
      <MultiLanguageText Lang="ja-JP" />
    </Comment>
    <Steps>
      <Step Number="1" Init="true" Name="X0">
        <Actions>
          <Action Qualifier="N">
            <Token Text="#InicioAuto" />
            <Token Text="&#xA;" />
          </Action>
          <Action />
        </Actions>
        <Supervisions>
          <Supervision ProgrammingLanguage="LAD">
            <FlgNet>
              <Parts>
                <Part Name="SvCoil" UId="21" />
              </Parts>
              <Wires>
                <Wire UId="22">
                  <Powerrail />
                  <NameCon UId="21" Name="in" />
                </Wire>
              </Wires>
            </FlgNet>
          </Supervision>
        </Supervisions>
        <Interlocks>
          <Interlock ProgrammingLanguage="LAD">
            <FlgNet>
              <Parts>
                <Part Name="IlCoil" UId="21" />
              </Parts>
              <Wires>
                <Wire UId="22">
                  <Powerrail />
                  <NameCon UId="21" Name="in" />
                </Wire>
              </Wires>
            </FlgNet>
          </Interlock>
        </Interlocks>
      </Step>
      <Step Number="2" Init="false" Name="X2">
        <Actions>
          <Action Qualifier="N">
            <Token Text="#SolCondIni" />
            <Token Text="&#xA;" />
          </Action>
          <Action />
        </Actions>
        <Supervisions>
          <Supervision ProgrammingLanguage="LAD">
            <FlgNet>
              <Parts>
                <Part Name="SvCoil" UId="21" />
              </Parts>
              <Wires>
                <Wire UId="22">
                  <Powerrail />
                  <NameCon UId="21" Name="in" />
                </Wire>
              </Wires>
            </FlgNet>
          </Supervision>
        </Supervisions>
        <Interlocks>
          <Interlock ProgrammingLanguage="LAD">
            <FlgNet>
              <Parts>
                <Part Name="IlCoil" UId="21" />
              </Parts>
              <Wires>
                <Wire UId="22">
                  <Powerrail />
                  <NameCon UId="21" Name="in" />
                </Wire>
              </Wires>
            </FlgNet>
          </Interlock>
        </Interlocks>
      </Step>
      <Step Number="3" Init="false" Name="X3">
        <Actions>
          <Action Qualifier="N">
            <Token Text="#SolMarchaPre" />
            <Token Text="&#xA;" />
          </Action>
          <Action />
        </Actions>
        <Supervisions>
          <Supervision ProgrammingLanguage="LAD">
            <FlgNet>
              <Parts>
                <Part Name="SvCoil" UId="21" />
              </Parts>
              <Wires>
                <Wire UId="22">
                  <Powerrail />
                  <NameCon UId="21" Name="in" />
                </Wire>
              </Wires>
            </FlgNet>
          </Supervision>
        </Supervisions>
        <Interlocks>
          <Interlock ProgrammingLanguage="LAD">
            <FlgNet>
              <Parts>
                <Part Name="IlCoil" UId="21" />
              </Parts>
              <Wires>
                <Wire UId="22">
                  <Powerrail />
                  <NameCon UId="21" Name="in" />
                </Wire>
              </Wires>
            </FlgNet>
          </Interlock>
        </Interlocks>
      </Step>
      <Step Number="4" Init="false" Name="X4">
        <Actions>
          <Action Qualifier="N">
            <Token Text="#ProdNorm" />
            <Token Text="&#xA;" />
          </Action>
          <Action />
        </Actions>
        <Supervisions>
          <Supervision ProgrammingLanguage="LAD">
            <FlgNet>
              <Parts>
                <Part Name="SvCoil" UId="21" />
              </Parts>
              <Wires>
                <Wire UId="22">
                  <Powerrail />
                  <NameCon UId="21" Name="in" />
                </Wire>
              </Wires>
            </FlgNet>
          </Supervision>
        </Supervisions>
        <Interlocks>
          <Interlock ProgrammingLanguage="LAD">
            <FlgNet>
              <Parts>
                <Part Name="IlCoil" UId="21" />
              </Parts>
              <Wires>
                <Wire UId="22">
                  <Powerrail />
                  <NameCon UId="21" Name="in" />
                </Wire>
              </Wires>
            </FlgNet>
          </Interlock>
        </Interlocks>
      </Step>
      <Step Number="5" Init="false" Name="X5">
        <Actions>
          <Action Qualifier="N">
            <Token Text="#ParoFC" />
            <Token Text="&#xA;" />
          </Action>
          <Action />
        </Actions>
        <Supervisions>
          <Supervision ProgrammingLanguage="LAD">
            <FlgNet>
              <Parts>
                <Part Name="SvCoil" UId="21" />
              </Parts>
              <Wires>
                <Wire UId="22">
                  <Powerrail />
                  <NameCon UId="21" Name="in" />
                </Wire>
              </Wires>
            </FlgNet>
          </Supervision>
        </Supervisions>
        <Interlocks>
          <Interlock ProgrammingLanguage="LAD">
            <FlgNet>
              <Parts>
                <Part Name="IlCoil" UId="21" />
              </Parts>
              <Wires>
                <Wire UId="22">
                  <Powerrail />
                  <NameCon UId="21" Name="in" />
                </Wire>
              </Wires>
            </FlgNet>
          </Interlock>
        </Interlocks>
      </Step>
      <Step Number="6" Init="false" Name="X6">
        <Actions>
          <Action Qualifier="N">
            <Token Text="#SolMarchaFin" />
            <Token Text="&#xA;" />
          </Action>
          <Action />
        </Actions>
        <Supervisions>
          <Supervision ProgrammingLanguage="LAD">
            <FlgNet>
              <Parts>
                <Part Name="SvCoil" UId="21" />
              </Parts>
              <Wires>
                <Wire UId="22">
                  <Powerrail />
                  <NameCon UId="21" Name="in" />
                </Wire>
              </Wires>
            </FlgNet>
          </Supervision>
        </Supervisions>
        <Interlocks>
          <Interlock ProgrammingLanguage="LAD">
            <FlgNet>
              <Parts>
                <Part Name="IlCoil" UId="21" />
              </Parts>
              <Wires>
                <Wire UId="22">
                  <Powerrail />
                  <NameCon UId="21" Name="in" />
                </Wire>
              </Wires>
            </FlgNet>
          </Interlock>
        </Interlocks>
      </Step>
    </Steps>
    <Transitions>
      <Transition IsMissing="false" Name="Trans1" Number="1" ProgrammingLanguage="LAD">
        <FlgNet>
          <Parts>
            <Access Scope="LocalVariable" UId="21">
              <Symbol>
                <Component Name="SolModoAuto" />
              </Symbol>
            </Access>
            <Part Name="Contact" UId="22" />
            <Part Name="TrCoil" UId="23" />
          </Parts>
          <Wires>
            <Wire UId="24">
              <Powerrail />
              <NameCon UId="22" Name="in" />
            </Wire>
            <Wire UId="25">
              <IdentCon UId="21" />
              <NameCon UId="22" Name="operand" />
            </Wire>
            <Wire UId="26">
              <NameCon UId="22" Name="out" />
              <NameCon UId="23" Name="in" />
            </Wire>
          </Wires>
        </FlgNet>
      </Transition>
      <Transition IsMissing="false" Name="Trans2" Number="2" ProgrammingLanguage="LAD">
        <FlgNet>
          <Parts>
            <Access Scope="LocalVariable" UId="21">
              <Symbol>
                <Component Name="FinCondIni" />
              </Symbol>
            </Access>
            <Part Name="Contact" UId="22" />
            <Part Name="TrCoil" UId="23" />
          </Parts>
          <Wires>
            <Wire UId="24">
              <Powerrail />
              <NameCon UId="22" Name="in" />
            </Wire>
            <Wire UId="25">
              <IdentCon UId="21" />
              <NameCon UId="22" Name="operand" />
            </Wire>
            <Wire UId="26">
              <NameCon UId="22" Name="out" />
              <NameCon UId="23" Name="in" />
            </Wire>
          </Wires>
        </FlgNet>
      </Transition>
      <Transition IsMissing="false" Name="Trans3" Number="3" ProgrammingLanguage="LAD">
        <FlgNet>
          <Parts>
            <Access Scope="LocalVariable" UId="21">
              <Symbol>
                <Component Name="FinMarchaPre" />
              </Symbol>
            </Access>
            <Part Name="Contact" UId="22" />
            <Part Name="TrCoil" UId="23" />
          </Parts>
          <Wires>
            <Wire UId="24">
              <Powerrail />
              <NameCon UId="22" Name="in" />
            </Wire>
            <Wire UId="25">
              <IdentCon UId="21" />
              <NameCon UId="22" Name="operand" />
            </Wire>
            <Wire UId="26">
              <NameCon UId="22" Name="out" />
              <NameCon UId="23" Name="in" />
            </Wire>
          </Wires>
        </FlgNet>
      </Transition>
      <Transition IsMissing="false" Name="Trans4" Number="4" ProgrammingLanguage="LAD">
        <FlgNet>
          <Parts>
            <Access Scope="LocalVariable" UId="21">
              <Symbol>
                <Component Name="SolParoFC" />
              </Symbol>
            </Access>
            <Part Name="Contact" UId="22" />
            <Part Name="TrCoil" UId="23" />
          </Parts>
          <Wires>
            <Wire UId="24">
              <Powerrail />
              <NameCon UId="22" Name="in" />
            </Wire>
            <Wire UId="25">
              <IdentCon UId="21" />
              <NameCon UId="22" Name="operand" />
            </Wire>
            <Wire UId="26">
              <NameCon UId="22" Name="out" />
              <NameCon UId="23" Name="in" />
            </Wire>
          </Wires>
        </FlgNet>
      </Transition>
      <Transition IsMissing="false" Name="Trans5" Number="5" ProgrammingLanguage="LAD">
        <FlgNet>
          <Parts>
            <Access Scope="LocalVariable" UId="21">
              <Symbol>
                <Component Name="FinProces" />
              </Symbol>
            </Access>
            <Part Name="Contact" UId="22" />
            <Part Name="TrCoil" UId="23" />
          </Parts>
          <Wires>
            <Wire UId="24">
              <Powerrail />
              <NameCon UId="22" Name="in" />
            </Wire>
            <Wire UId="25">
              <IdentCon UId="21" />
              <NameCon UId="22" Name="operand" />
            </Wire>
            <Wire UId="26">
              <NameCon UId="22" Name="out" />
              <NameCon UId="23" Name="in" />
            </Wire>
          </Wires>
        </FlgNet>
      </Transition>
      <Transition IsMissing="false" Name="Trans6" Number="6" ProgrammingLanguage="LAD">
        <FlgNet>
          <Parts>
            <Access Scope="LocalVariable" UId="21">
              <Symbol>
                <Component Name="FinMarchaFin" />
              </Symbol>
            </Access>
            <Part Name="Contact" UId="22" />
            <Part Name="TrCoil" UId="23" />
          </Parts>
          <Wires>
            <Wire UId="24">
              <Powerrail />
              <NameCon UId="22" Name="in" />
            </Wire>
            <Wire UId="25">
              <IdentCon UId="21" />
              <NameCon UId="22" Name="operand" />
            </Wire>
            <Wire UId="26">
              <NameCon UId="22" Name="out" />
              <NameCon UId="23" Name="in" />
            </Wire>
          </Wires>
        </FlgNet>
      </Transition>
    </Transitions>
    <Branches />
    <Connections>
      <Connection>
        <NodeFrom>
          <StepRef Number="1" />
        </NodeFrom>
        <NodeTo>
          <TransitionRef Number="1" />
        </NodeTo>
        <LinkType>Direct</LinkType>
      </Connection>
      <Connection>
        <NodeFrom>
          <StepRef Number="2" />
        </NodeFrom>
        <NodeTo>
          <TransitionRef Number="2" />
        </NodeTo>
        <LinkType>Direct</LinkType>
      </Connection>
      <Connection>
        <NodeFrom>
          <TransitionRef Number="1" />
        </NodeFrom>
        <NodeTo>
          <StepRef Number="2" />
        </NodeTo>
        <LinkType>Direct</LinkType>
      </Connection>
      <Connection>
        <NodeFrom>
          <StepRef Number="3" />
        </NodeFrom>
        <NodeTo>
          <TransitionRef Number="3" />
        </NodeTo>
        <LinkType>Direct</LinkType>
      </Connection>
      <Connection>
        <NodeFrom>
          <TransitionRef Number="2" />
        </NodeFrom>
        <NodeTo>
          <StepRef Number="3" />
        </NodeTo>
        <LinkType>Direct</LinkType>
      </Connection>
      <Connection>
        <NodeFrom>
          <StepRef Number="4" />
        </NodeFrom>
        <NodeTo>
          <TransitionRef Number="4" />
        </NodeTo>
        <LinkType>Direct</LinkType>
      </Connection>
      <Connection>
        <NodeFrom>
          <TransitionRef Number="3" />
        </NodeFrom>
        <NodeTo>
          <StepRef Number="4" />
        </NodeTo>
        <LinkType>Direct</LinkType>
      </Connection>
      <Connection>
        <NodeFrom>
          <StepRef Number="5" />
        </NodeFrom>
        <NodeTo>
          <TransitionRef Number="5" />
        </NodeTo>
        <LinkType>Direct</LinkType>
      </Connection>
      <Connection>
        <NodeFrom>
          <TransitionRef Number="4" />
        </NodeFrom>
        <NodeTo>
          <StepRef Number="5" />
        </NodeTo>
        <LinkType>Direct</LinkType>
      </Connection>
      <Connection>
        <NodeFrom>
          <StepRef Number="6" />
        </NodeFrom>
        <NodeTo>
          <TransitionRef Number="6" />
        </NodeTo>
        <LinkType>Direct</LinkType>
      </Connection>
      <Connection>
        <NodeFrom>
          <TransitionRef Number="5" />
        </NodeFrom>
        <NodeTo>
          <StepRef Number="6" />
        </NodeTo>
        <LinkType>Direct</LinkType>
      </Connection>
      <Connection>
        <NodeFrom>
          <TransitionRef Number="6" />
        </NodeFrom>
        <NodeTo>
          <StepRef Number="1" />
        </NodeTo>
        <LinkType>Jump</LinkType>
      </Connection>
    </Connections>
  </Sequence>
  <PostOperations>
    <PermanentOperation ProgrammingLanguage="LAD" />
  </PostOperations>
  <AlarmsSettings>
    <AlarmSupervisionCategories>
      <AlarmSupervisionCategory Id="1" DisplayClass="0" />
      <AlarmSupervisionCategory Id="2" DisplayClass="0" />
      <AlarmSupervisionCategory Id="3" DisplayClass="0" />
      <AlarmSupervisionCategory Id="4" DisplayClass="0" />
      <AlarmSupervisionCategory Id="5" DisplayClass="0" />
      <AlarmSupervisionCategory Id="6" DisplayClass="0" />
      <AlarmSupervisionCategory Id="7" DisplayClass="0" />
      <AlarmSupervisionCategory Id="8" DisplayClass="0" />
    </AlarmSupervisionCategories>
    <AlarmInterlockCategory Id="1" />
    <AlarmSubcategory1Interlock Id="0" />
    <AlarmSubcategory2Interlock Id="0" />
    <AlarmCategorySupervision Id="1" />
    <AlarmSubcategory1Supervision Id="0" />
    <AlarmSubcategory2Supervision Id="0" />
    <AlarmWarningCategory Id="2" />
    <AlarmSubcategory1Warning Id="0" />
    <AlarmSubcategory2Warning Id="0" />
  </AlarmsSettings>
</Graph></NetworkSource>
          <ProgrammingLanguage>GRAPH</ProgrammingLanguage>
        </AttributeList>
        <ObjectList>
          <MultilingualText ID="A" CompositionName="Comment">
            <ObjectList>
              <MultilingualTextItem ID="B" CompositionName="Items">
                <AttributeList>
                  <Culture>es-ES</Culture>
                  <Text />
                </AttributeList>
              </MultilingualTextItem>
              <MultilingualTextItem ID="C" CompositionName="Items">
                <AttributeList>
                  <Culture>de-DE</Culture>
                  <Text />
                </AttributeList>
              </MultilingualTextItem>
              <MultilingualTextItem ID="D" CompositionName="Items">
                <AttributeList>
                  <Culture>en-US</Culture>
                  <Text />
                </AttributeList>
              </MultilingualTextItem>
              <MultilingualTextItem ID="E" CompositionName="Items">
                <AttributeList>
                  <Culture>fr-FR</Culture>
                  <Text />
                </AttributeList>
              </MultilingualTextItem>
              <MultilingualTextItem ID="F" CompositionName="Items">
                <AttributeList>
                  <Culture>it-IT</Culture>
                  <Text />
                </AttributeList>
              </MultilingualTextItem>
              <MultilingualTextItem ID="10" CompositionName="Items">
                <AttributeList>
                  <Culture>zh-CN</Culture>
                  <Text />
                </AttributeList>
              </MultilingualTextItem>
              <MultilingualTextItem ID="11" CompositionName="Items">
                <AttributeList>
                  <Culture>ja-JP</Culture>
                  <Text />
                </AttributeList>
              </MultilingualTextItem>
            </ObjectList>
          </MultilingualText>
          <MultilingualText ID="12" CompositionName="Title">
            <ObjectList>
              <MultilingualTextItem ID="13" CompositionName="Items">
                <AttributeList>
                  <Culture>es-ES</Culture>
                  <Text />
                </AttributeList>
              </MultilingualTextItem>
              <MultilingualTextItem ID="14" CompositionName="Items">
                <AttributeList>
                  <Culture>de-DE</Culture>
                  <Text />
                </AttributeList>
              </MultilingualTextItem>
              <MultilingualTextItem ID="15" CompositionName="Items">
                <AttributeList>
                  <Culture>en-US</Culture>
                  <Text />
                </AttributeList>
              </MultilingualTextItem>
              <MultilingualTextItem ID="16" CompositionName="Items">
                <AttributeList>
                  <Culture>fr-FR</Culture>
                  <Text />
                </AttributeList>
              </MultilingualTextItem>
              <MultilingualTextItem ID="17" CompositionName="Items">
                <AttributeList>
                  <Culture>it-IT</Culture>
                  <Text />
                </AttributeList>
              </MultilingualTextItem>
              <MultilingualTextItem ID="18" CompositionName="Items">
                <AttributeList>
                  <Culture>zh-CN</Culture>
                  <Text />
                </AttributeList>
              </MultilingualTextItem>
              <MultilingualTextItem ID="19" CompositionName="Items">
                <AttributeList>
                  <Culture>ja-JP</Culture>
                  <Text />
                </AttributeList>
              </MultilingualTextItem>
            </ObjectList>
          </MultilingualText>
        </ObjectList>
      </SW.Blocks.CompileUnit>
      <MultilingualText ID="1A" CompositionName="Title">
        <ObjectList>
          <MultilingualTextItem ID="1B" CompositionName="Items">
            <AttributeList>
              <Culture>es-ES</Culture>
              <Text />
            </AttributeList>
          </MultilingualTextItem>
          <MultilingualTextItem ID="1C" CompositionName="Items">
            <AttributeList>
              <Culture>de-DE</Culture>
              <Text />
            </AttributeList>
          </MultilingualTextItem>
          <MultilingualTextItem ID="1D" CompositionName="Items">
            <AttributeList>
              <Culture>en-US</Culture>
              <Text />
            </AttributeList>
          </MultilingualTextItem>
          <MultilingualTextItem ID="1E" CompositionName="Items">
            <AttributeList>
              <Culture>fr-FR</Culture>
              <Text />
            </AttributeList>
          </MultilingualTextItem>
          <MultilingualTextItem ID="1F" CompositionName="Items">
            <AttributeList>
              <Culture>it-IT</Culture>
              <Text />
            </AttributeList>
          </MultilingualTextItem>
          <MultilingualTextItem ID="20" CompositionName="Items">
            <AttributeList>
              <Culture>zh-CN</Culture>
              <Text />
            </AttributeList>
          </MultilingualTextItem>
          <MultilingualTextItem ID="21" CompositionName="Items">
            <AttributeList>
              <Culture>ja-JP</Culture>
              <Text />
            </AttributeList>
          </MultilingualTextItem>
        </ObjectList>
      </MultilingualText>
    </ObjectList>
  </SW.Blocks.FB>
</Document>