﻿<?xml version="1.0" encoding="utf-8"?>
<Document>
  <Engineering version="V17" />
  <DocumentInfo>
    <Created>2024-05-13T08:17:03.9925683Z</Created>
    <ExportSetting>WithDefaults, WithReadOnly</ExportSetting>
    <InstalledProducts>
      <Product>
        <DisplayName>Totally Integrated Automation Portal</DisplayName>
        <DisplayVersion>V17</DisplayVersion>
      </Product>
      <OptionPackage>
        <DisplayName>TIA Portal Openness</DisplayName>
        <DisplayVersion>V17</DisplayVersion>
      </OptionPackage>
      <OptionPackage>
        <DisplayName>TIA Portal Version Control Interface</DisplayName>
        <DisplayVersion>V17</DisplayVersion>
      </OptionPackage>
      <Product>
        <DisplayName>STEP 7 Professional</DisplayName>
        <DisplayVersion>V17</DisplayVersion>
      </Product>
      <OptionPackage>
        <DisplayName>STEP 7 Safety</DisplayName>
        <DisplayVersion>V17</DisplayVersion>
      </OptionPackage>
      <Product>
        <DisplayName>WinCC Advanced</DisplayName>
        <DisplayVersion>V17</DisplayVersion>
      </Product>
    </InstalledProducts>
  </DocumentInfo>
  <SW.Tags.PlcTagTable ID="0">
    <AttributeList>
      <Name>S3_Entradas</Name>
    </AttributeList>
    <ObjectList>
      <SW.Tags.PlcTag ID="1" CompositionName="Tags">
        <AttributeList>
          <DataTypeName>Bool</DataTypeName>
          <ExternalAccessible>true</ExternalAccessible>
          <ExternalVisible>true</ExternalVisible>
          <ExternalWritable>true</ExternalWritable>
          <LogicalAddress>%I100.0</LogicalAddress>
          <Name>S3_CA</Name>
        </AttributeList>
        <ObjectList>
          <MultilingualText ID="2" CompositionName="Comment">
            <ObjectList>
              <MultilingualTextItem ID="3" CompositionName="Items">
                <AttributeList>
                  <Culture>es-ES</Culture>
                  <Text>Identificación: Cilindro Medir Altura. Encoder Impulso A</Text>
                </AttributeList>
              </MultilingualTextItem>
              <MultilingualTextItem ID="4" CompositionName="Items">
                <AttributeList>
                  <Culture>de-DE</Culture>
                  <Text />
                </AttributeList>
              </MultilingualTextItem>
              <MultilingualTextItem ID="5" CompositionName="Items">
                <AttributeList>
                  <Culture>en-US</Culture>
                  <Text />
                </AttributeList>
              </MultilingualTextItem>
              <MultilingualTextItem ID="6" CompositionName="Items">
                <AttributeList>
                  <Culture>fr-FR</Culture>
                  <Text />
                </AttributeList>
              </MultilingualTextItem>
              <MultilingualTextItem ID="7" CompositionName="Items">
                <AttributeList>
                  <Culture>it-IT</Culture>
                  <Text />
                </AttributeList>
              </MultilingualTextItem>
              <MultilingualTextItem ID="8" CompositionName="Items">
                <AttributeList>
                  <Culture>zh-CN</Culture>
                  <Text />
                </AttributeList>
              </MultilingualTextItem>
              <MultilingualTextItem ID="9" CompositionName="Items">
                <AttributeList>
                  <Culture>ja-JP</Culture>
                  <Text />
                </AttributeList>
              </MultilingualTextItem>
            </ObjectList>
          </MultilingualText>
        </ObjectList>
      </SW.Tags.PlcTag>
      <SW.Tags.PlcTag ID="A" CompositionName="Tags">
        <AttributeList>
          <DataTypeName>Bool</DataTypeName>
          <ExternalAccessible>true</ExternalAccessible>
          <ExternalVisible>true</ExternalVisible>
          <ExternalWritable>true</ExternalWritable>
          <LogicalAddress>%I100.1</LogicalAddress>
          <Name>S3_CB</Name>
        </AttributeList>
        <ObjectList>
          <MultilingualText ID="B" CompositionName="Comment">
            <ObjectList>
              <MultilingualTextItem ID="C" CompositionName="Items">
                <AttributeList>
                  <Culture>es-ES</Culture>
                  <Text>Identificación: Cilindro Medir Altura. Encoder Impulso B</Text>
                </AttributeList>
              </MultilingualTextItem>
              <MultilingualTextItem ID="D" CompositionName="Items">
                <AttributeList>
                  <Culture>de-DE</Culture>
                  <Text />
                </AttributeList>
              </MultilingualTextItem>
              <MultilingualTextItem ID="E" CompositionName="Items">
                <AttributeList>
                  <Culture>en-US</Culture>
                  <Text />
                </AttributeList>
              </MultilingualTextItem>
              <MultilingualTextItem ID="F" CompositionName="Items">
                <AttributeList>
                  <Culture>fr-FR</Culture>
                  <Text />
                </AttributeList>
              </MultilingualTextItem>
              <MultilingualTextItem ID="10" CompositionName="Items">
                <AttributeList>
                  <Culture>it-IT</Culture>
                  <Text />
                </AttributeList>
              </MultilingualTextItem>
              <MultilingualTextItem ID="11" CompositionName="Items">
                <AttributeList>
                  <Culture>zh-CN</Culture>
                  <Text />
                </AttributeList>
              </MultilingualTextItem>
              <MultilingualTextItem ID="12" CompositionName="Items">
                <AttributeList>
                  <Culture>ja-JP</Culture>
                  <Text />
                </AttributeList>
              </MultilingualTextItem>
            </ObjectList>
          </MultilingualText>
        </ObjectList>
      </SW.Tags.PlcTag>
      <SW.Tags.PlcTag ID="13" CompositionName="Tags">
        <AttributeList>
          <DataTypeName>Bool</DataTypeName>
          <ExternalAccessible>true</ExternalAccessible>
          <ExternalVisible>true</ExternalVisible>
          <ExternalWritable>true</ExternalWritable>
          <LogicalAddress>%I100.6</LogicalAddress>
          <Name>S3_a1</Name>
        </AttributeList>
        <ObjectList>
          <MultilingualText ID="14" CompositionName="Comment">
            <ObjectList>
              <MultilingualTextItem ID="15" CompositionName="Items">
                <AttributeList>
                  <Culture>es-ES</Culture>
                  <Text>Alimentador: Cilindro Alimentación Vertical Extendido</Text>
                </AttributeList>
              </MultilingualTextItem>
              <MultilingualTextItem ID="16" CompositionName="Items">
                <AttributeList>
                  <Culture>de-DE</Culture>
                  <Text />
                </AttributeList>
              </MultilingualTextItem>
              <MultilingualTextItem ID="17" CompositionName="Items">
                <AttributeList>
                  <Culture>en-US</Culture>
                  <Text />
                </AttributeList>
              </MultilingualTextItem>
              <MultilingualTextItem ID="18" CompositionName="Items">
                <AttributeList>
                  <Culture>fr-FR</Culture>
                  <Text />
                </AttributeList>
              </MultilingualTextItem>
              <MultilingualTextItem ID="19" CompositionName="Items">
                <AttributeList>
                  <Culture>it-IT</Culture>
                  <Text />
                </AttributeList>
              </MultilingualTextItem>
              <MultilingualTextItem ID="1A" CompositionName="Items">
                <AttributeList>
                  <Culture>zh-CN</Culture>
                  <Text />
                </AttributeList>
              </MultilingualTextItem>
              <MultilingualTextItem ID="1B" CompositionName="Items">
                <AttributeList>
                  <Culture>ja-JP</Culture>
                  <Text />
                </AttributeList>
              </MultilingualTextItem>
            </ObjectList>
          </MultilingualText>
        </ObjectList>
      </SW.Tags.PlcTag>
      <SW.Tags.PlcTag ID="1C" CompositionName="Tags">
        <AttributeList>
          <DataTypeName>Bool</DataTypeName>
          <ExternalAccessible>true</ExternalAccessible>
          <ExternalVisible>true</ExternalVisible>
          <ExternalWritable>true</ExternalWritable>
          <LogicalAddress>%I100.7</LogicalAddress>
          <Name>S3_a0</Name>
        </AttributeList>
        <ObjectList>
          <MultilingualText ID="1D" CompositionName="Comment">
            <ObjectList>
              <MultilingualTextItem ID="1E" CompositionName="Items">
                <AttributeList>
                  <Culture>es-ES</Culture>
                  <Text>Alimentador: Cilindro Alimentación Vertical Recogido</Text>
                </AttributeList>
              </MultilingualTextItem>
              <MultilingualTextItem ID="1F" CompositionName="Items">
                <AttributeList>
                  <Culture>de-DE</Culture>
                  <Text />
                </AttributeList>
              </MultilingualTextItem>
              <MultilingualTextItem ID="20" CompositionName="Items">
                <AttributeList>
                  <Culture>en-US</Culture>
                  <Text />
                </AttributeList>
              </MultilingualTextItem>
              <MultilingualTextItem ID="21" CompositionName="Items">
                <AttributeList>
                  <Culture>fr-FR</Culture>
                  <Text />
                </AttributeList>
              </MultilingualTextItem>
              <MultilingualTextItem ID="22" CompositionName="Items">
                <AttributeList>
                  <Culture>it-IT</Culture>
                  <Text />
                </AttributeList>
              </MultilingualTextItem>
              <MultilingualTextItem ID="23" CompositionName="Items">
                <AttributeList>
                  <Culture>zh-CN</Culture>
                  <Text />
                </AttributeList>
              </MultilingualTextItem>
              <MultilingualTextItem ID="24" CompositionName="Items">
                <AttributeList>
                  <Culture>ja-JP</Culture>
                  <Text />
                </AttributeList>
              </MultilingualTextItem>
            </ObjectList>
          </MultilingualText>
        </ObjectList>
      </SW.Tags.PlcTag>
      <SW.Tags.PlcTag ID="25" CompositionName="Tags">
        <AttributeList>
          <DataTypeName>Bool</DataTypeName>
          <ExternalAccessible>true</ExternalAccessible>
          <ExternalVisible>true</ExternalVisible>
          <ExternalWritable>true</ExternalWritable>
          <LogicalAddress>%I101.0</LogicalAddress>
          <Name>S3_b0</Name>
        </AttributeList>
        <ObjectList>
          <MultilingualText ID="26" CompositionName="Comment">
            <ObjectList>
              <MultilingualTextItem ID="27" CompositionName="Items">
                <AttributeList>
                  <Culture>es-ES</Culture>
                  <Text>Alimentador: Giro Alimentación Posicion en Almacen</Text>
                </AttributeList>
              </MultilingualTextItem>
              <MultilingualTextItem ID="28" CompositionName="Items">
                <AttributeList>
                  <Culture>de-DE</Culture>
                  <Text />
                </AttributeList>
              </MultilingualTextItem>
              <MultilingualTextItem ID="29" CompositionName="Items">
                <AttributeList>
                  <Culture>en-US</Culture>
                  <Text />
                </AttributeList>
              </MultilingualTextItem>
              <MultilingualTextItem ID="2A" CompositionName="Items">
                <AttributeList>
                  <Culture>fr-FR</Culture>
                  <Text />
                </AttributeList>
              </MultilingualTextItem>
              <MultilingualTextItem ID="2B" CompositionName="Items">
                <AttributeList>
                  <Culture>it-IT</Culture>
                  <Text />
                </AttributeList>
              </MultilingualTextItem>
              <MultilingualTextItem ID="2C" CompositionName="Items">
                <AttributeList>
                  <Culture>zh-CN</Culture>
                  <Text />
                </AttributeList>
              </MultilingualTextItem>
              <MultilingualTextItem ID="2D" CompositionName="Items">
                <AttributeList>
                  <Culture>ja-JP</Culture>
                  <Text />
                </AttributeList>
              </MultilingualTextItem>
            </ObjectList>
          </MultilingualText>
        </ObjectList>
      </SW.Tags.PlcTag>
      <SW.Tags.PlcTag ID="2E" CompositionName="Tags">
        <AttributeList>
          <DataTypeName>Bool</DataTypeName>
          <ExternalAccessible>true</ExternalAccessible>
          <ExternalVisible>true</ExternalVisible>
          <ExternalWritable>true</ExternalWritable>
          <LogicalAddress>%I101.1</LogicalAddress>
          <Name>S3_b1</Name>
        </AttributeList>
        <ObjectList>
          <MultilingualText ID="2F" CompositionName="Comment">
            <ObjectList>
              <MultilingualTextItem ID="30" CompositionName="Items">
                <AttributeList>
                  <Culture>es-ES</Culture>
                  <Text>Alimentador: Giro Alimentación Posicion en Plato</Text>
                </AttributeList>
              </MultilingualTextItem>
              <MultilingualTextItem ID="31" CompositionName="Items">
                <AttributeList>
                  <Culture>de-DE</Culture>
                  <Text />
                </AttributeList>
              </MultilingualTextItem>
              <MultilingualTextItem ID="32" CompositionName="Items">
                <AttributeList>
                  <Culture>en-US</Culture>
                  <Text />
                </AttributeList>
              </MultilingualTextItem>
              <MultilingualTextItem ID="33" CompositionName="Items">
                <AttributeList>
                  <Culture>fr-FR</Culture>
                  <Text />
                </AttributeList>
              </MultilingualTextItem>
              <MultilingualTextItem ID="34" CompositionName="Items">
                <AttributeList>
                  <Culture>it-IT</Culture>
                  <Text />
                </AttributeList>
              </MultilingualTextItem>
              <MultilingualTextItem ID="35" CompositionName="Items">
                <AttributeList>
                  <Culture>zh-CN</Culture>
                  <Text />
                </AttributeList>
              </MultilingualTextItem>
              <MultilingualTextItem ID="36" CompositionName="Items">
                <AttributeList>
                  <Culture>ja-JP</Culture>
                  <Text />
                </AttributeList>
              </MultilingualTextItem>
            </ObjectList>
          </MultilingualText>
        </ObjectList>
      </SW.Tags.PlcTag>
      <SW.Tags.PlcTag ID="37" CompositionName="Tags">
        <AttributeList>
          <DataTypeName>Bool</DataTypeName>
          <ExternalAccessible>true</ExternalAccessible>
          <ExternalVisible>true</ExternalVisible>
          <ExternalWritable>true</ExternalWritable>
          <LogicalAddress>%I101.2</LogicalAddress>
          <Name>S3_d0</Name>
        </AttributeList>
        <ObjectList>
          <MultilingualText ID="38" CompositionName="Comment">
            <ObjectList>
              <MultilingualTextItem ID="39" CompositionName="Items">
                <AttributeList>
                  <Culture>es-ES</Culture>
                  <Text>Plato Divisor: Cilindro Empujador Recogido</Text>
                </AttributeList>
              </MultilingualTextItem>
              <MultilingualTextItem ID="3A" CompositionName="Items">
                <AttributeList>
                  <Culture>de-DE</Culture>
                  <Text />
                </AttributeList>
              </MultilingualTextItem>
              <MultilingualTextItem ID="3B" CompositionName="Items">
                <AttributeList>
                  <Culture>en-US</Culture>
                  <Text />
                </AttributeList>
              </MultilingualTextItem>
              <MultilingualTextItem ID="3C" CompositionName="Items">
                <AttributeList>
                  <Culture>fr-FR</Culture>
                  <Text />
                </AttributeList>
              </MultilingualTextItem>
              <MultilingualTextItem ID="3D" CompositionName="Items">
                <AttributeList>
                  <Culture>it-IT</Culture>
                  <Text />
                </AttributeList>
              </MultilingualTextItem>
              <MultilingualTextItem ID="3E" CompositionName="Items">
                <AttributeList>
                  <Culture>zh-CN</Culture>
                  <Text />
                </AttributeList>
              </MultilingualTextItem>
              <MultilingualTextItem ID="3F" CompositionName="Items">
                <AttributeList>
                  <Culture>ja-JP</Culture>
                  <Text />
                </AttributeList>
              </MultilingualTextItem>
            </ObjectList>
          </MultilingualText>
        </ObjectList>
      </SW.Tags.PlcTag>
      <SW.Tags.PlcTag ID="40" CompositionName="Tags">
        <AttributeList>
          <DataTypeName>Bool</DataTypeName>
          <ExternalAccessible>true</ExternalAccessible>
          <ExternalVisible>true</ExternalVisible>
          <ExternalWritable>true</ExternalWritable>
          <LogicalAddress>%I101.3</LogicalAddress>
          <Name>S3_f0</Name>
        </AttributeList>
        <ObjectList>
          <MultilingualText ID="41" CompositionName="Comment">
            <ObjectList>
              <MultilingualTextItem ID="42" CompositionName="Items">
                <AttributeList>
                  <Culture>es-ES</Culture>
                  <Text>Manipulador Expulsar: Cilindro Horizontal Recogido</Text>
                </AttributeList>
              </MultilingualTextItem>
              <MultilingualTextItem ID="43" CompositionName="Items">
                <AttributeList>
                  <Culture>de-DE</Culture>
                  <Text />
                </AttributeList>
              </MultilingualTextItem>
              <MultilingualTextItem ID="44" CompositionName="Items">
                <AttributeList>
                  <Culture>en-US</Culture>
                  <Text />
                </AttributeList>
              </MultilingualTextItem>
              <MultilingualTextItem ID="45" CompositionName="Items">
                <AttributeList>
                  <Culture>fr-FR</Culture>
                  <Text />
                </AttributeList>
              </MultilingualTextItem>
              <MultilingualTextItem ID="46" CompositionName="Items">
                <AttributeList>
                  <Culture>it-IT</Culture>
                  <Text />
                </AttributeList>
              </MultilingualTextItem>
              <MultilingualTextItem ID="47" CompositionName="Items">
                <AttributeList>
                  <Culture>zh-CN</Culture>
                  <Text />
                </AttributeList>
              </MultilingualTextItem>
              <MultilingualTextItem ID="48" CompositionName="Items">
                <AttributeList>
                  <Culture>ja-JP</Culture>
                  <Text />
                </AttributeList>
              </MultilingualTextItem>
            </ObjectList>
          </MultilingualText>
        </ObjectList>
      </SW.Tags.PlcTag>
      <SW.Tags.PlcTag ID="49" CompositionName="Tags">
        <AttributeList>
          <DataTypeName>Bool</DataTypeName>
          <ExternalAccessible>true</ExternalAccessible>
          <ExternalVisible>true</ExternalVisible>
          <ExternalWritable>true</ExternalWritable>
          <LogicalAddress>%I101.4</LogicalAddress>
          <Name>S3_f1</Name>
        </AttributeList>
        <ObjectList>
          <MultilingualText ID="4A" CompositionName="Comment">
            <ObjectList>
              <MultilingualTextItem ID="4B" CompositionName="Items">
                <AttributeList>
                  <Culture>es-ES</Culture>
                  <Text>Manipulador Expulsar: Cilindro Horizontal Extendido</Text>
                </AttributeList>
              </MultilingualTextItem>
              <MultilingualTextItem ID="4C" CompositionName="Items">
                <AttributeList>
                  <Culture>de-DE</Culture>
                  <Text />
                </AttributeList>
              </MultilingualTextItem>
              <MultilingualTextItem ID="4D" CompositionName="Items">
                <AttributeList>
                  <Culture>en-US</Culture>
                  <Text />
                </AttributeList>
              </MultilingualTextItem>
              <MultilingualTextItem ID="4E" CompositionName="Items">
                <AttributeList>
                  <Culture>fr-FR</Culture>
                  <Text />
                </AttributeList>
              </MultilingualTextItem>
              <MultilingualTextItem ID="4F" CompositionName="Items">
                <AttributeList>
                  <Culture>it-IT</Culture>
                  <Text />
                </AttributeList>
              </MultilingualTextItem>
              <MultilingualTextItem ID="50" CompositionName="Items">
                <AttributeList>
                  <Culture>zh-CN</Culture>
                  <Text />
                </AttributeList>
              </MultilingualTextItem>
              <MultilingualTextItem ID="51" CompositionName="Items">
                <AttributeList>
                  <Culture>ja-JP</Culture>
                  <Text />
                </AttributeList>
              </MultilingualTextItem>
            </ObjectList>
          </MultilingualText>
        </ObjectList>
      </SW.Tags.PlcTag>
      <SW.Tags.PlcTag ID="52" CompositionName="Tags">
        <AttributeList>
          <DataTypeName>Bool</DataTypeName>
          <ExternalAccessible>true</ExternalAccessible>
          <ExternalVisible>true</ExternalVisible>
          <ExternalWritable>true</ExternalWritable>
          <LogicalAddress>%I101.5</LogicalAddress>
          <Name>S3_g0</Name>
        </AttributeList>
        <ObjectList>
          <MultilingualText ID="53" CompositionName="Comment">
            <ObjectList>
              <MultilingualTextItem ID="54" CompositionName="Items">
                <AttributeList>
                  <Culture>es-ES</Culture>
                  <Text>NO ESTÁ EN EL MODELO FÍSICO. Manipulador Expulsar: Cilindro Vertical Recogido</Text>
                </AttributeList>
              </MultilingualTextItem>
              <MultilingualTextItem ID="55" CompositionName="Items">
                <AttributeList>
                  <Culture>de-DE</Culture>
                  <Text />
                </AttributeList>
              </MultilingualTextItem>
              <MultilingualTextItem ID="56" CompositionName="Items">
                <AttributeList>
                  <Culture>en-US</Culture>
                  <Text />
                </AttributeList>
              </MultilingualTextItem>
              <MultilingualTextItem ID="57" CompositionName="Items">
                <AttributeList>
                  <Culture>fr-FR</Culture>
                  <Text />
                </AttributeList>
              </MultilingualTextItem>
              <MultilingualTextItem ID="58" CompositionName="Items">
                <AttributeList>
                  <Culture>it-IT</Culture>
                  <Text />
                </AttributeList>
              </MultilingualTextItem>
              <MultilingualTextItem ID="59" CompositionName="Items">
                <AttributeList>
                  <Culture>zh-CN</Culture>
                  <Text />
                </AttributeList>
              </MultilingualTextItem>
              <MultilingualTextItem ID="5A" CompositionName="Items">
                <AttributeList>
                  <Culture>ja-JP</Culture>
                  <Text />
                </AttributeList>
              </MultilingualTextItem>
            </ObjectList>
          </MultilingualText>
        </ObjectList>
      </SW.Tags.PlcTag>
      <SW.Tags.PlcTag ID="5B" CompositionName="Tags">
        <AttributeList>
          <DataTypeName>Bool</DataTypeName>
          <ExternalAccessible>true</ExternalAccessible>
          <ExternalVisible>true</ExternalVisible>
          <ExternalWritable>true</ExternalWritable>
          <LogicalAddress>%I101.6</LogicalAddress>
          <Name>S3_h1</Name>
        </AttributeList>
        <ObjectList>
          <MultilingualText ID="5C" CompositionName="Comment">
            <ObjectList>
              <MultilingualTextItem ID="5D" CompositionName="Items">
                <AttributeList>
                  <Culture>es-ES</Culture>
                  <Text>Manipulador Insertar: Cilindro Vertical Extendido</Text>
                </AttributeList>
              </MultilingualTextItem>
              <MultilingualTextItem ID="5E" CompositionName="Items">
                <AttributeList>
                  <Culture>de-DE</Culture>
                  <Text />
                </AttributeList>
              </MultilingualTextItem>
              <MultilingualTextItem ID="5F" CompositionName="Items">
                <AttributeList>
                  <Culture>en-US</Culture>
                  <Text />
                </AttributeList>
              </MultilingualTextItem>
              <MultilingualTextItem ID="60" CompositionName="Items">
                <AttributeList>
                  <Culture>fr-FR</Culture>
                  <Text />
                </AttributeList>
              </MultilingualTextItem>
              <MultilingualTextItem ID="61" CompositionName="Items">
                <AttributeList>
                  <Culture>it-IT</Culture>
                  <Text />
                </AttributeList>
              </MultilingualTextItem>
              <MultilingualTextItem ID="62" CompositionName="Items">
                <AttributeList>
                  <Culture>zh-CN</Culture>
                  <Text />
                </AttributeList>
              </MultilingualTextItem>
              <MultilingualTextItem ID="63" CompositionName="Items">
                <AttributeList>
                  <Culture>ja-JP</Culture>
                  <Text />
                </AttributeList>
              </MultilingualTextItem>
            </ObjectList>
          </MultilingualText>
        </ObjectList>
      </SW.Tags.PlcTag>
      <SW.Tags.PlcTag ID="64" CompositionName="Tags">
        <AttributeList>
          <DataTypeName>Bool</DataTypeName>
          <ExternalAccessible>true</ExternalAccessible>
          <ExternalVisible>true</ExternalVisible>
          <ExternalWritable>true</ExternalWritable>
          <LogicalAddress>%I101.7</LogicalAddress>
          <Name>S3_h0</Name>
        </AttributeList>
        <ObjectList>
          <MultilingualText ID="65" CompositionName="Comment">
            <ObjectList>
              <MultilingualTextItem ID="66" CompositionName="Items">
                <AttributeList>
                  <Culture>es-ES</Culture>
                  <Text>Manipulador Insertar: Cilindro Vertical Recogido</Text>
                </AttributeList>
              </MultilingualTextItem>
              <MultilingualTextItem ID="67" CompositionName="Items">
                <AttributeList>
                  <Culture>de-DE</Culture>
                  <Text />
                </AttributeList>
              </MultilingualTextItem>
              <MultilingualTextItem ID="68" CompositionName="Items">
                <AttributeList>
                  <Culture>en-US</Culture>
                  <Text />
                </AttributeList>
              </MultilingualTextItem>
              <MultilingualTextItem ID="69" CompositionName="Items">
                <AttributeList>
                  <Culture>fr-FR</Culture>
                  <Text />
                </AttributeList>
              </MultilingualTextItem>
              <MultilingualTextItem ID="6A" CompositionName="Items">
                <AttributeList>
                  <Culture>it-IT</Culture>
                  <Text />
                </AttributeList>
              </MultilingualTextItem>
              <MultilingualTextItem ID="6B" CompositionName="Items">
                <AttributeList>
                  <Culture>zh-CN</Culture>
                  <Text />
                </AttributeList>
              </MultilingualTextItem>
              <MultilingualTextItem ID="6C" CompositionName="Items">
                <AttributeList>
                  <Culture>ja-JP</Culture>
                  <Text />
                </AttributeList>
              </MultilingualTextItem>
            </ObjectList>
          </MultilingualText>
        </ObjectList>
      </SW.Tags.PlcTag>
      <SW.Tags.PlcTag ID="6D" CompositionName="Tags">
        <AttributeList>
          <DataTypeName>Bool</DataTypeName>
          <ExternalAccessible>true</ExternalAccessible>
          <ExternalVisible>true</ExternalVisible>
          <ExternalWritable>true</ExternalWritable>
          <LogicalAddress>%I102.2</LogicalAddress>
          <Name>S3_dc</Name>
        </AttributeList>
        <ObjectList>
          <MultilingualText ID="6E" CompositionName="Comment">
            <ObjectList>
              <MultilingualTextItem ID="6F" CompositionName="Items">
                <AttributeList>
                  <Culture>es-ES</Culture>
                  <Text>Identificación: Sensor Color Tapa (si pieza negra: dc=0)</Text>
                </AttributeList>
              </MultilingualTextItem>
              <MultilingualTextItem ID="70" CompositionName="Items">
                <AttributeList>
                  <Culture>de-DE</Culture>
                  <Text />
                </AttributeList>
              </MultilingualTextItem>
              <MultilingualTextItem ID="71" CompositionName="Items">
                <AttributeList>
                  <Culture>en-US</Culture>
                  <Text />
                </AttributeList>
              </MultilingualTextItem>
              <MultilingualTextItem ID="72" CompositionName="Items">
                <AttributeList>
                  <Culture>fr-FR</Culture>
                  <Text />
                </AttributeList>
              </MultilingualTextItem>
              <MultilingualTextItem ID="73" CompositionName="Items">
                <AttributeList>
                  <Culture>it-IT</Culture>
                  <Text />
                </AttributeList>
              </MultilingualTextItem>
              <MultilingualTextItem ID="74" CompositionName="Items">
                <AttributeList>
                  <Culture>zh-CN</Culture>
                  <Text />
                </AttributeList>
              </MultilingualTextItem>
              <MultilingualTextItem ID="75" CompositionName="Items">
                <AttributeList>
                  <Culture>ja-JP</Culture>
                  <Text />
                </AttributeList>
              </MultilingualTextItem>
            </ObjectList>
          </MultilingualText>
        </ObjectList>
      </SW.Tags.PlcTag>
      <SW.Tags.PlcTag ID="76" CompositionName="Tags">
        <AttributeList>
          <DataTypeName>Bool</DataTypeName>
          <ExternalAccessible>true</ExternalAccessible>
          <ExternalVisible>true</ExternalVisible>
          <ExternalWritable>true</ExternalWritable>
          <LogicalAddress>%I102.3</LogicalAddress>
          <Name>S3_v1</Name>
        </AttributeList>
        <ObjectList>
          <MultilingualText ID="77" CompositionName="Comment">
            <ObjectList>
              <MultilingualTextItem ID="78" CompositionName="Items">
                <AttributeList>
                  <Culture>es-ES</Culture>
                  <Text>Manipulador Expulsar: Ventosa Activa</Text>
                </AttributeList>
              </MultilingualTextItem>
              <MultilingualTextItem ID="79" CompositionName="Items">
                <AttributeList>
                  <Culture>de-DE</Culture>
                  <Text />
                </AttributeList>
              </MultilingualTextItem>
              <MultilingualTextItem ID="7A" CompositionName="Items">
                <AttributeList>
                  <Culture>en-US</Culture>
                  <Text />
                </AttributeList>
              </MultilingualTextItem>
              <MultilingualTextItem ID="7B" CompositionName="Items">
                <AttributeList>
                  <Culture>fr-FR</Culture>
                  <Text />
                </AttributeList>
              </MultilingualTextItem>
              <MultilingualTextItem ID="7C" CompositionName="Items">
                <AttributeList>
                  <Culture>it-IT</Culture>
                  <Text />
                </AttributeList>
              </MultilingualTextItem>
              <MultilingualTextItem ID="7D" CompositionName="Items">
                <AttributeList>
                  <Culture>zh-CN</Culture>
                  <Text />
                </AttributeList>
              </MultilingualTextItem>
              <MultilingualTextItem ID="7E" CompositionName="Items">
                <AttributeList>
                  <Culture>ja-JP</Culture>
                  <Text />
                </AttributeList>
              </MultilingualTextItem>
            </ObjectList>
          </MultilingualText>
        </ObjectList>
      </SW.Tags.PlcTag>
      <SW.Tags.PlcTag ID="7F" CompositionName="Tags">
        <AttributeList>
          <DataTypeName>Bool</DataTypeName>
          <ExternalAccessible>true</ExternalAccessible>
          <ExternalVisible>true</ExternalVisible>
          <ExternalWritable>true</ExternalWritable>
          <LogicalAddress>%I102.4</LogicalAddress>
          <Name>S3_i0</Name>
        </AttributeList>
        <ObjectList>
          <MultilingualText ID="80" CompositionName="Comment">
            <ObjectList>
              <MultilingualTextItem ID="81" CompositionName="Items">
                <AttributeList>
                  <Culture>es-ES</Culture>
                  <Text>Manipulador Insertar: Giro Horizontal Posición en Plato</Text>
                </AttributeList>
              </MultilingualTextItem>
              <MultilingualTextItem ID="82" CompositionName="Items">
                <AttributeList>
                  <Culture>de-DE</Culture>
                  <Text />
                </AttributeList>
              </MultilingualTextItem>
              <MultilingualTextItem ID="83" CompositionName="Items">
                <AttributeList>
                  <Culture>en-US</Culture>
                  <Text />
                </AttributeList>
              </MultilingualTextItem>
              <MultilingualTextItem ID="84" CompositionName="Items">
                <AttributeList>
                  <Culture>fr-FR</Culture>
                  <Text />
                </AttributeList>
              </MultilingualTextItem>
              <MultilingualTextItem ID="85" CompositionName="Items">
                <AttributeList>
                  <Culture>it-IT</Culture>
                  <Text />
                </AttributeList>
              </MultilingualTextItem>
              <MultilingualTextItem ID="86" CompositionName="Items">
                <AttributeList>
                  <Culture>zh-CN</Culture>
                  <Text />
                </AttributeList>
              </MultilingualTextItem>
              <MultilingualTextItem ID="87" CompositionName="Items">
                <AttributeList>
                  <Culture>ja-JP</Culture>
                  <Text />
                </AttributeList>
              </MultilingualTextItem>
            </ObjectList>
          </MultilingualText>
        </ObjectList>
      </SW.Tags.PlcTag>
      <SW.Tags.PlcTag ID="88" CompositionName="Tags">
        <AttributeList>
          <DataTypeName>Bool</DataTypeName>
          <ExternalAccessible>true</ExternalAccessible>
          <ExternalVisible>true</ExternalVisible>
          <ExternalWritable>true</ExternalWritable>
          <LogicalAddress>%I102.5</LogicalAddress>
          <Name>S3_i1</Name>
        </AttributeList>
        <ObjectList>
          <MultilingualText ID="89" CompositionName="Comment">
            <ObjectList>
              <MultilingualTextItem ID="8A" CompositionName="Items">
                <AttributeList>
                  <Culture>es-ES</Culture>
                  <Text>Manipulador Insertar: Giro Horizontal Posición en Transporte</Text>
                </AttributeList>
              </MultilingualTextItem>
              <MultilingualTextItem ID="8B" CompositionName="Items">
                <AttributeList>
                  <Culture>de-DE</Culture>
                  <Text />
                </AttributeList>
              </MultilingualTextItem>
              <MultilingualTextItem ID="8C" CompositionName="Items">
                <AttributeList>
                  <Culture>en-US</Culture>
                  <Text />
                </AttributeList>
              </MultilingualTextItem>
              <MultilingualTextItem ID="8D" CompositionName="Items">
                <AttributeList>
                  <Culture>fr-FR</Culture>
                  <Text />
                </AttributeList>
              </MultilingualTextItem>
              <MultilingualTextItem ID="8E" CompositionName="Items">
                <AttributeList>
                  <Culture>it-IT</Culture>
                  <Text />
                </AttributeList>
              </MultilingualTextItem>
              <MultilingualTextItem ID="8F" CompositionName="Items">
                <AttributeList>
                  <Culture>zh-CN</Culture>
                  <Text />
                </AttributeList>
              </MultilingualTextItem>
              <MultilingualTextItem ID="90" CompositionName="Items">
                <AttributeList>
                  <Culture>ja-JP</Culture>
                  <Text />
                </AttributeList>
              </MultilingualTextItem>
            </ObjectList>
          </MultilingualText>
        </ObjectList>
      </SW.Tags.PlcTag>
      <SW.Tags.PlcTag ID="91" CompositionName="Tags">
        <AttributeList>
          <DataTypeName>Bool</DataTypeName>
          <ExternalAccessible>true</ExternalAccessible>
          <ExternalVisible>true</ExternalVisible>
          <ExternalWritable>true</ExternalWritable>
          <LogicalAddress>%I102.6</LogicalAddress>
          <Name>S3_k1</Name>
        </AttributeList>
        <ObjectList>
          <MultilingualText ID="92" CompositionName="Comment">
            <ObjectList>
              <MultilingualTextItem ID="93" CompositionName="Items">
                <AttributeList>
                  <Culture>es-ES</Culture>
                  <Text>Alimentador: Cilindro Extraer Extendido</Text>
                </AttributeList>
              </MultilingualTextItem>
              <MultilingualTextItem ID="94" CompositionName="Items">
                <AttributeList>
                  <Culture>de-DE</Culture>
                  <Text />
                </AttributeList>
              </MultilingualTextItem>
              <MultilingualTextItem ID="95" CompositionName="Items">
                <AttributeList>
                  <Culture>en-US</Culture>
                  <Text />
                </AttributeList>
              </MultilingualTextItem>
              <MultilingualTextItem ID="96" CompositionName="Items">
                <AttributeList>
                  <Culture>fr-FR</Culture>
                  <Text />
                </AttributeList>
              </MultilingualTextItem>
              <MultilingualTextItem ID="97" CompositionName="Items">
                <AttributeList>
                  <Culture>it-IT</Culture>
                  <Text />
                </AttributeList>
              </MultilingualTextItem>
              <MultilingualTextItem ID="98" CompositionName="Items">
                <AttributeList>
                  <Culture>zh-CN</Culture>
                  <Text />
                </AttributeList>
              </MultilingualTextItem>
              <MultilingualTextItem ID="99" CompositionName="Items">
                <AttributeList>
                  <Culture>ja-JP</Culture>
                  <Text />
                </AttributeList>
              </MultilingualTextItem>
            </ObjectList>
          </MultilingualText>
        </ObjectList>
      </SW.Tags.PlcTag>
      <SW.Tags.PlcTag ID="9A" CompositionName="Tags">
        <AttributeList>
          <DataTypeName>Bool</DataTypeName>
          <ExternalAccessible>true</ExternalAccessible>
          <ExternalVisible>true</ExternalVisible>
          <ExternalWritable>true</ExternalWritable>
          <LogicalAddress>%I102.7</LogicalAddress>
          <Name>S3_pt</Name>
        </AttributeList>
        <ObjectList>
          <MultilingualText ID="9B" CompositionName="Comment">
            <ObjectList>
              <MultilingualTextItem ID="9C" CompositionName="Items">
                <AttributeList>
                  <Culture>es-ES</Culture>
                  <Text>PENSAR DONDE METERLA EN MF Y QUE NOMBRE DARLE</Text>
                </AttributeList>
              </MultilingualTextItem>
              <MultilingualTextItem ID="9D" CompositionName="Items">
                <AttributeList>
                  <Culture>de-DE</Culture>
                  <Text />
                </AttributeList>
              </MultilingualTextItem>
              <MultilingualTextItem ID="9E" CompositionName="Items">
                <AttributeList>
                  <Culture>en-US</Culture>
                  <Text />
                </AttributeList>
              </MultilingualTextItem>
              <MultilingualTextItem ID="9F" CompositionName="Items">
                <AttributeList>
                  <Culture>fr-FR</Culture>
                  <Text />
                </AttributeList>
              </MultilingualTextItem>
              <MultilingualTextItem ID="A0" CompositionName="Items">
                <AttributeList>
                  <Culture>it-IT</Culture>
                  <Text />
                </AttributeList>
              </MultilingualTextItem>
              <MultilingualTextItem ID="A1" CompositionName="Items">
                <AttributeList>
                  <Culture>zh-CN</Culture>
                  <Text />
                </AttributeList>
              </MultilingualTextItem>
              <MultilingualTextItem ID="A2" CompositionName="Items">
                <AttributeList>
                  <Culture>ja-JP</Culture>
                  <Text />
                </AttributeList>
              </MultilingualTextItem>
            </ObjectList>
          </MultilingualText>
        </ObjectList>
      </SW.Tags.PlcTag>
      <SW.Tags.PlcTag ID="A3" CompositionName="Tags">
        <AttributeList>
          <DataTypeName>Bool</DataTypeName>
          <ExternalAccessible>true</ExternalAccessible>
          <ExternalVisible>true</ExternalVisible>
          <ExternalWritable>true</ExternalWritable>
          <LogicalAddress>%I102.1</LogicalAddress>
          <Name>S3_dp</Name>
        </AttributeList>
        <ObjectList>
          <MultilingualText ID="A4" CompositionName="Comment">
            <ObjectList>
              <MultilingualTextItem ID="A5" CompositionName="Items">
                <AttributeList>
                  <Culture>es-ES</Culture>
                  <Text>Identificación: sensor pieza nylon</Text>
                </AttributeList>
              </MultilingualTextItem>
              <MultilingualTextItem ID="A6" CompositionName="Items">
                <AttributeList>
                  <Culture>de-DE</Culture>
                  <Text />
                </AttributeList>
              </MultilingualTextItem>
              <MultilingualTextItem ID="A7" CompositionName="Items">
                <AttributeList>
                  <Culture>en-US</Culture>
                  <Text />
                </AttributeList>
              </MultilingualTextItem>
              <MultilingualTextItem ID="A8" CompositionName="Items">
                <AttributeList>
                  <Culture>fr-FR</Culture>
                  <Text />
                </AttributeList>
              </MultilingualTextItem>
              <MultilingualTextItem ID="A9" CompositionName="Items">
                <AttributeList>
                  <Culture>it-IT</Culture>
                  <Text />
                </AttributeList>
              </MultilingualTextItem>
              <MultilingualTextItem ID="AA" CompositionName="Items">
                <AttributeList>
                  <Culture>zh-CN</Culture>
                  <Text />
                </AttributeList>
              </MultilingualTextItem>
              <MultilingualTextItem ID="AB" CompositionName="Items">
                <AttributeList>
                  <Culture>ja-JP</Culture>
                  <Text />
                </AttributeList>
              </MultilingualTextItem>
            </ObjectList>
          </MultilingualText>
        </ObjectList>
      </SW.Tags.PlcTag>
      <SW.Tags.PlcTag ID="AC" CompositionName="Tags">
        <AttributeList>
          <DataTypeName>Bool</DataTypeName>
          <ExternalAccessible>true</ExternalAccessible>
          <ExternalVisible>true</ExternalVisible>
          <ExternalWritable>true</ExternalWritable>
          <LogicalAddress>%I102.0</LogicalAddress>
          <Name>S3_dm</Name>
        </AttributeList>
        <ObjectList>
          <MultilingualText ID="AD" CompositionName="Comment">
            <ObjectList>
              <MultilingualTextItem ID="AE" CompositionName="Items">
                <AttributeList>
                  <Culture>es-ES</Culture>
                  <Text>Identificación: sensor pieza metálica</Text>
                </AttributeList>
              </MultilingualTextItem>
              <MultilingualTextItem ID="AF" CompositionName="Items">
                <AttributeList>
                  <Culture>de-DE</Culture>
                  <Text />
                </AttributeList>
              </MultilingualTextItem>
              <MultilingualTextItem ID="B0" CompositionName="Items">
                <AttributeList>
                  <Culture>en-US</Culture>
                  <Text />
                </AttributeList>
              </MultilingualTextItem>
              <MultilingualTextItem ID="B1" CompositionName="Items">
                <AttributeList>
                  <Culture>fr-FR</Culture>
                  <Text />
                </AttributeList>
              </MultilingualTextItem>
              <MultilingualTextItem ID="B2" CompositionName="Items">
                <AttributeList>
                  <Culture>it-IT</Culture>
                  <Text />
                </AttributeList>
              </MultilingualTextItem>
              <MultilingualTextItem ID="B3" CompositionName="Items">
                <AttributeList>
                  <Culture>zh-CN</Culture>
                  <Text />
                </AttributeList>
              </MultilingualTextItem>
              <MultilingualTextItem ID="B4" CompositionName="Items">
                <AttributeList>
                  <Culture>ja-JP</Culture>
                  <Text />
                </AttributeList>
              </MultilingualTextItem>
            </ObjectList>
          </MultilingualText>
        </ObjectList>
      </SW.Tags.PlcTag>
      <SW.Tags.PlcTag ID="B5" CompositionName="Tags">
        <AttributeList>
          <DataTypeName>Bool</DataTypeName>
          <ExternalAccessible>true</ExternalAccessible>
          <ExternalVisible>true</ExternalVisible>
          <ExternalWritable>true</ExternalWritable>
          <LogicalAddress>%M23.0</LogicalAddress>
          <Name>S3_senSWPinzaAlimentarTapa</Name>
        </AttributeList>
        <ObjectList>
          <MultilingualText ID="B6" CompositionName="Comment">
            <ObjectList>
              <MultilingualTextItem ID="B7" CompositionName="Items">
                <AttributeList>
                  <Culture>es-ES</Culture>
                  <Text />
                </AttributeList>
              </MultilingualTextItem>
              <MultilingualTextItem ID="B8" CompositionName="Items">
                <AttributeList>
                  <Culture>de-DE</Culture>
                  <Text />
                </AttributeList>
              </MultilingualTextItem>
              <MultilingualTextItem ID="B9" CompositionName="Items">
                <AttributeList>
                  <Culture>en-US</Culture>
                  <Text />
                </AttributeList>
              </MultilingualTextItem>
              <MultilingualTextItem ID="BA" CompositionName="Items">
                <AttributeList>
                  <Culture>fr-FR</Culture>
                  <Text />
                </AttributeList>
              </MultilingualTextItem>
              <MultilingualTextItem ID="BB" CompositionName="Items">
                <AttributeList>
                  <Culture>it-IT</Culture>
                  <Text />
                </AttributeList>
              </MultilingualTextItem>
              <MultilingualTextItem ID="BC" CompositionName="Items">
                <AttributeList>
                  <Culture>zh-CN</Culture>
                  <Text />
                </AttributeList>
              </MultilingualTextItem>
              <MultilingualTextItem ID="BD" CompositionName="Items">
                <AttributeList>
                  <Culture>ja-JP</Culture>
                  <Text />
                </AttributeList>
              </MultilingualTextItem>
            </ObjectList>
          </MultilingualText>
        </ObjectList>
      </SW.Tags.PlcTag>
      <SW.Tags.PlcTag ID="BE" CompositionName="Tags">
        <AttributeList>
          <DataTypeName>Bool</DataTypeName>
          <ExternalAccessible>true</ExternalAccessible>
          <ExternalVisible>true</ExternalVisible>
          <ExternalWritable>true</ExternalWritable>
          <LogicalAddress>%M23.1</LogicalAddress>
          <Name>S3_senSWPinzaInsertarTapa</Name>
        </AttributeList>
        <ObjectList>
          <MultilingualText ID="BF" CompositionName="Comment">
            <ObjectList>
              <MultilingualTextItem ID="C0" CompositionName="Items">
                <AttributeList>
                  <Culture>es-ES</Culture>
                  <Text />
                </AttributeList>
              </MultilingualTextItem>
              <MultilingualTextItem ID="C1" CompositionName="Items">
                <AttributeList>
                  <Culture>de-DE</Culture>
                  <Text />
                </AttributeList>
              </MultilingualTextItem>
              <MultilingualTextItem ID="C2" CompositionName="Items">
                <AttributeList>
                  <Culture>en-US</Culture>
                  <Text />
                </AttributeList>
              </MultilingualTextItem>
              <MultilingualTextItem ID="C3" CompositionName="Items">
                <AttributeList>
                  <Culture>fr-FR</Culture>
                  <Text />
                </AttributeList>
              </MultilingualTextItem>
              <MultilingualTextItem ID="C4" CompositionName="Items">
                <AttributeList>
                  <Culture>it-IT</Culture>
                  <Text />
                </AttributeList>
              </MultilingualTextItem>
              <MultilingualTextItem ID="C5" CompositionName="Items">
                <AttributeList>
                  <Culture>zh-CN</Culture>
                  <Text />
                </AttributeList>
              </MultilingualTextItem>
              <MultilingualTextItem ID="C6" CompositionName="Items">
                <AttributeList>
                  <Culture>ja-JP</Culture>
                  <Text />
                </AttributeList>
              </MultilingualTextItem>
            </ObjectList>
          </MultilingualText>
        </ObjectList>
      </SW.Tags.PlcTag>
      <SW.Tags.PlcTag ID="C7" CompositionName="Tags">
        <AttributeList>
          <DataTypeName>Int</DataTypeName>
          <ExternalAccessible>true</ExternalAccessible>
          <ExternalVisible>true</ExternalVisible>
          <ExternalWritable>true</ExternalWritable>
          <LogicalAddress>%MW50</LogicalAddress>
          <Name>Cont_Tapas</Name>
        </AttributeList>
        <ObjectList>
          <MultilingualText ID="C8" CompositionName="Comment">
            <ObjectList>
              <MultilingualTextItem ID="C9" CompositionName="Items">
                <AttributeList>
                  <Culture>es-ES</Culture>
                  <Text />
                </AttributeList>
              </MultilingualTextItem>
              <MultilingualTextItem ID="CA" CompositionName="Items">
                <AttributeList>
                  <Culture>de-DE</Culture>
                  <Text />
                </AttributeList>
              </MultilingualTextItem>
              <MultilingualTextItem ID="CB" CompositionName="Items">
                <AttributeList>
                  <Culture>en-US</Culture>
                  <Text />
                </AttributeList>
              </MultilingualTextItem>
              <MultilingualTextItem ID="CC" CompositionName="Items">
                <AttributeList>
                  <Culture>fr-FR</Culture>
                  <Text />
                </AttributeList>
              </MultilingualTextItem>
              <MultilingualTextItem ID="CD" CompositionName="Items">
                <AttributeList>
                  <Culture>it-IT</Culture>
                  <Text />
                </AttributeList>
              </MultilingualTextItem>
              <MultilingualTextItem ID="CE" CompositionName="Items">
                <AttributeList>
                  <Culture>zh-CN</Culture>
                  <Text />
                </AttributeList>
              </MultilingualTextItem>
              <MultilingualTextItem ID="CF" CompositionName="Items">
                <AttributeList>
                  <Culture>ja-JP</Culture>
                  <Text />
                </AttributeList>
              </MultilingualTextItem>
            </ObjectList>
          </MultilingualText>
        </ObjectList>
      </SW.Tags.PlcTag>
      <SW.Tags.PlcTag ID="D0" CompositionName="Tags">
        <AttributeList>
          <DataTypeName>Int</DataTypeName>
          <ExternalAccessible>true</ExternalAccessible>
          <ExternalVisible>true</ExternalVisible>
          <ExternalWritable>true</ExternalWritable>
          <LogicalAddress>%MW38</LogicalAddress>
          <Name>Cont_Vaciado</Name>
        </AttributeList>
        <ObjectList>
          <MultilingualText ID="D1" CompositionName="Comment">
            <ObjectList>
              <MultilingualTextItem ID="D2" CompositionName="Items">
                <AttributeList>
                  <Culture>es-ES</Culture>
                  <Text />
                </AttributeList>
              </MultilingualTextItem>
              <MultilingualTextItem ID="D3" CompositionName="Items">
                <AttributeList>
                  <Culture>de-DE</Culture>
                  <Text />
                </AttributeList>
              </MultilingualTextItem>
              <MultilingualTextItem ID="D4" CompositionName="Items">
                <AttributeList>
                  <Culture>en-US</Culture>
                  <Text />
                </AttributeList>
              </MultilingualTextItem>
              <MultilingualTextItem ID="D5" CompositionName="Items">
                <AttributeList>
                  <Culture>fr-FR</Culture>
                  <Text />
                </AttributeList>
              </MultilingualTextItem>
              <MultilingualTextItem ID="D6" CompositionName="Items">
                <AttributeList>
                  <Culture>it-IT</Culture>
                  <Text />
                </AttributeList>
              </MultilingualTextItem>
              <MultilingualTextItem ID="D7" CompositionName="Items">
                <AttributeList>
                  <Culture>zh-CN</Culture>
                  <Text />
                </AttributeList>
              </MultilingualTextItem>
              <MultilingualTextItem ID="D8" CompositionName="Items">
                <AttributeList>
                  <Culture>ja-JP</Culture>
                  <Text />
                </AttributeList>
              </MultilingualTextItem>
            </ObjectList>
          </MultilingualText>
        </ObjectList>
      </SW.Tags.PlcTag>
    </ObjectList>
  </SW.Tags.PlcTagTable>
</Document>