﻿<?xml version="1.0" encoding="utf-8"?>
<Document>
  <Engineering version="V17" />
  <DocumentInfo>
    <Created>2024-05-15T17:44:14.4146118Z</Created>
    <ExportSetting>WithDefaults, WithReadOnly</ExportSetting>
    <InstalledProducts>
      <Product>
        <DisplayName>Totally Integrated Automation Portal</DisplayName>
        <DisplayVersion>V17</DisplayVersion>
      </Product>
      <OptionPackage>
        <DisplayName>TIA Portal Openness</DisplayName>
        <DisplayVersion>V17</DisplayVersion>
      </OptionPackage>
      <OptionPackage>
        <DisplayName>TIA Portal Version Control Interface</DisplayName>
        <DisplayVersion>V17</DisplayVersion>
      </OptionPackage>
      <Product>
        <DisplayName>STEP 7 Professional</DisplayName>
        <DisplayVersion>V17</DisplayVersion>
      </Product>
      <OptionPackage>
        <DisplayName>STEP 7 Safety</DisplayName>
        <DisplayVersion>V17</DisplayVersion>
      </OptionPackage>
      <Product>
        <DisplayName>WinCC Advanced</DisplayName>
        <DisplayVersion>V17</DisplayVersion>
      </Product>
    </InstalledProducts>
  </DocumentInfo>
  <SW.Blocks.InstanceDB ID="0">
    <AttributeList>
      <AutoNumber>true</AutoNumber>
      <CodeModifiedDate ReadOnly="true">2023-07-28T09:11:40.8541774Z</CodeModifiedDate>
      <CompileDate ReadOnly="true">2023-07-28T09:11:41.7152967Z</CompileDate>
      <CreationDate ReadOnly="true">2023-06-27T11:04:11.8713276Z</CreationDate>
      <DBAccessibleFromOPCUA ReadOnly="true">true</DBAccessibleFromOPCUA>
      <DBAccessibleFromWebserver ReadOnly="true">true</DBAccessibleFromWebserver>
      <DownloadWithoutReinit ReadOnly="true">false</DownloadWithoutReinit>
      <HeaderAuthor />
      <HeaderFamily />
      <HeaderName />
      <HeaderVersion>0.1</HeaderVersion>
      <InstanceOfName>S3_Ubicacion Tapa_GF</InstanceOfName>
      <InstanceOfNumber ReadOnly="true">3</InstanceOfNumber>
      <InstanceOfType>FB</InstanceOfType>
      <Interface><Sections xmlns="http://www.siemens.com/automation/Openness/SW/Interface/v5">
  <Section Name="Input">
    <Member Name="Init" Datatype="Bool" Remanence="NonRetain" Accessibility="Public"><AttributeList><BooleanAttribute Name="ExternalAccessible" SystemDefined="true">true</BooleanAttribute><BooleanAttribute Name="ExternalVisible" SystemDefined="true">true</BooleanAttribute><BooleanAttribute Name="ExternalWritable" SystemDefined="true">true</BooleanAttribute><BooleanAttribute Name="UserVisible" Informative="true" SystemDefined="true">true</BooleanAttribute><BooleanAttribute Name="UserReadOnly" Informative="true" SystemDefined="true">false</BooleanAttribute><BooleanAttribute Name="UserDeletable" Informative="true" SystemDefined="true">true</BooleanAttribute></AttributeList></Member>
    <Member Name="Reset" Datatype="Bool" Remanence="NonRetain" Accessibility="Public"><AttributeList><BooleanAttribute Name="ExternalAccessible" SystemDefined="true">true</BooleanAttribute><BooleanAttribute Name="ExternalVisible" SystemDefined="true">true</BooleanAttribute><BooleanAttribute Name="ExternalWritable" SystemDefined="true">true</BooleanAttribute><BooleanAttribute Name="UserVisible" Informative="true" SystemDefined="true">true</BooleanAttribute><BooleanAttribute Name="UserReadOnly" Informative="true" SystemDefined="true">false</BooleanAttribute><BooleanAttribute Name="UserDeletable" Informative="true" SystemDefined="true">true</BooleanAttribute></AttributeList></Member>
    <Member Name="CG_SolModoAuto" Datatype="Bool" Remanence="NonRetain" Accessibility="Public"><AttributeList><BooleanAttribute Name="ExternalAccessible" SystemDefined="true">true</BooleanAttribute><BooleanAttribute Name="ExternalVisible" SystemDefined="true">true</BooleanAttribute><BooleanAttribute Name="ExternalWritable" SystemDefined="true">true</BooleanAttribute><BooleanAttribute Name="UserVisible" Informative="true" SystemDefined="true">true</BooleanAttribute><BooleanAttribute Name="UserReadOnly" Informative="true" SystemDefined="true">false</BooleanAttribute><BooleanAttribute Name="UserDeletable" Informative="true" SystemDefined="true">true</BooleanAttribute></AttributeList></Member>
    <Member Name="S3_TiempoCondIni" Datatype="Time" Remanence="NonRetain" Accessibility="Public"><AttributeList><BooleanAttribute Name="ExternalAccessible" SystemDefined="true">true</BooleanAttribute><BooleanAttribute Name="ExternalVisible" SystemDefined="true">true</BooleanAttribute><BooleanAttribute Name="ExternalWritable" SystemDefined="true">true</BooleanAttribute><BooleanAttribute Name="UserVisible" Informative="true" SystemDefined="true">true</BooleanAttribute><BooleanAttribute Name="UserReadOnly" Informative="true" SystemDefined="true">false</BooleanAttribute><BooleanAttribute Name="UserDeletable" Informative="true" SystemDefined="true">true</BooleanAttribute></AttributeList></Member>
    <Member Name="S3_TiempoMarchaPre" Datatype="Time" Remanence="NonRetain" Accessibility="Public"><AttributeList><BooleanAttribute Name="ExternalAccessible" SystemDefined="true">true</BooleanAttribute><BooleanAttribute Name="ExternalVisible" SystemDefined="true">true</BooleanAttribute><BooleanAttribute Name="ExternalWritable" SystemDefined="true">true</BooleanAttribute><BooleanAttribute Name="UserVisible" Informative="true" SystemDefined="true">true</BooleanAttribute><BooleanAttribute Name="UserReadOnly" Informative="true" SystemDefined="true">false</BooleanAttribute><BooleanAttribute Name="UserDeletable" Informative="true" SystemDefined="true">true</BooleanAttribute></AttributeList></Member>
    <Member Name="S3_TiempoMontarTapa" Datatype="Time" Remanence="NonRetain" Accessibility="Public"><AttributeList><BooleanAttribute Name="ExternalAccessible" SystemDefined="true">true</BooleanAttribute><BooleanAttribute Name="ExternalVisible" SystemDefined="true">true</BooleanAttribute><BooleanAttribute Name="ExternalWritable" SystemDefined="true">true</BooleanAttribute><BooleanAttribute Name="UserVisible" Informative="true" SystemDefined="true">true</BooleanAttribute><BooleanAttribute Name="UserReadOnly" Informative="true" SystemDefined="true">false</BooleanAttribute><BooleanAttribute Name="UserDeletable" Informative="true" SystemDefined="true">true</BooleanAttribute></AttributeList></Member>
    <Member Name="S3_TiempoFinProces" Datatype="Time" Remanence="NonRetain" Accessibility="Public"><AttributeList><BooleanAttribute Name="ExternalAccessible" SystemDefined="true">true</BooleanAttribute><BooleanAttribute Name="ExternalVisible" SystemDefined="true">true</BooleanAttribute><BooleanAttribute Name="ExternalWritable" SystemDefined="true">true</BooleanAttribute><BooleanAttribute Name="UserVisible" Informative="true" SystemDefined="true">true</BooleanAttribute><BooleanAttribute Name="UserReadOnly" Informative="true" SystemDefined="true">false</BooleanAttribute><BooleanAttribute Name="UserDeletable" Informative="true" SystemDefined="true">true</BooleanAttribute></AttributeList></Member>
  </Section>
  <Section Name="Output" />
  <Section Name="InOut" />
  <Section Name="Static">
    <Member Name="MI" Datatype="Struct" Remanence="NonRetain" Accessibility="Public"><AttributeList><BooleanAttribute Name="ExternalAccessible" SystemDefined="true">true</BooleanAttribute><BooleanAttribute Name="ExternalVisible" SystemDefined="true">true</BooleanAttribute><BooleanAttribute Name="ExternalWritable" SystemDefined="true">true</BooleanAttribute><BooleanAttribute Name="UserVisible" Informative="true" SystemDefined="true">true</BooleanAttribute><BooleanAttribute Name="UserReadOnly" Informative="true" SystemDefined="true">false</BooleanAttribute><BooleanAttribute Name="UserDeletable" Informative="true" SystemDefined="true">true</BooleanAttribute><BooleanAttribute Name="SetPoint" SystemDefined="true">false</BooleanAttribute></AttributeList><Member Name="CG Celula" Datatype="Struct"><AttributeList><BooleanAttribute Name="ExternalAccessible" SystemDefined="true">true</BooleanAttribute><BooleanAttribute Name="ExternalVisible" SystemDefined="true">true</BooleanAttribute><BooleanAttribute Name="ExternalWritable" SystemDefined="true">true</BooleanAttribute><BooleanAttribute Name="UserVisible" Informative="true" SystemDefined="true">true</BooleanAttribute><BooleanAttribute Name="UserReadOnly" Informative="true" SystemDefined="true">false</BooleanAttribute><BooleanAttribute Name="UserDeletable" Informative="true" SystemDefined="true">true</BooleanAttribute><BooleanAttribute Name="SetPoint" SystemDefined="true">false</BooleanAttribute></AttributeList><Member Name="PS" Datatype="Struct"><AttributeList><BooleanAttribute Name="ExternalAccessible" SystemDefined="true">true</BooleanAttribute><BooleanAttribute Name="ExternalVisible" SystemDefined="true">true</BooleanAttribute><BooleanAttribute Name="ExternalWritable" SystemDefined="true">true</BooleanAttribute><BooleanAttribute Name="UserVisible" Informative="true" SystemDefined="true">true</BooleanAttribute><BooleanAttribute Name="UserReadOnly" Informative="true" SystemDefined="true">false</BooleanAttribute><BooleanAttribute Name="UserDeletable" Informative="true" SystemDefined="true">true</BooleanAttribute><BooleanAttribute Name="SetPoint" SystemDefined="true">false</BooleanAttribute></AttributeList><Member Name="PSOA_S3_SolCondIni" Datatype="Bool"><AttributeList><BooleanAttribute Name="ExternalAccessible" SystemDefined="true">true</BooleanAttribute><BooleanAttribute Name="ExternalVisible" SystemDefined="true">true</BooleanAttribute><BooleanAttribute Name="ExternalWritable" SystemDefined="true">true</BooleanAttribute><BooleanAttribute Name="UserVisible" Informative="true" SystemDefined="true">true</BooleanAttribute><BooleanAttribute Name="UserReadOnly" Informative="true" SystemDefined="true">false</BooleanAttribute><BooleanAttribute Name="UserDeletable" Informative="true" SystemDefined="true">true</BooleanAttribute><BooleanAttribute Name="SetPoint" SystemDefined="true">false</BooleanAttribute></AttributeList></Member><Member Name="PSOA_S3_SolMarchaPre" Datatype="Bool"><AttributeList><BooleanAttribute Name="ExternalAccessible" SystemDefined="true">true</BooleanAttribute><BooleanAttribute Name="ExternalVisible" SystemDefined="true">true</BooleanAttribute><BooleanAttribute Name="ExternalWritable" SystemDefined="true">true</BooleanAttribute><BooleanAttribute Name="UserVisible" Informative="true" SystemDefined="true">true</BooleanAttribute><BooleanAttribute Name="UserReadOnly" Informative="true" SystemDefined="true">false</BooleanAttribute><BooleanAttribute Name="UserDeletable" Informative="true" SystemDefined="true">true</BooleanAttribute><BooleanAttribute Name="SetPoint" SystemDefined="true">false</BooleanAttribute></AttributeList></Member><Member Name="PSM_SE_S3_ProdNorm" Datatype="Bool"><AttributeList><BooleanAttribute Name="ExternalAccessible" SystemDefined="true">true</BooleanAttribute><BooleanAttribute Name="ExternalVisible" SystemDefined="true">true</BooleanAttribute><BooleanAttribute Name="ExternalWritable" SystemDefined="true">true</BooleanAttribute><BooleanAttribute Name="UserVisible" Informative="true" SystemDefined="true">true</BooleanAttribute><BooleanAttribute Name="UserReadOnly" Informative="true" SystemDefined="true">false</BooleanAttribute><BooleanAttribute Name="UserDeletable" Informative="true" SystemDefined="true">true</BooleanAttribute><BooleanAttribute Name="SetPoint" SystemDefined="true">false</BooleanAttribute></AttributeList></Member><Member Name="PSM_SE_S3_ParoFC" Datatype="Bool"><AttributeList><BooleanAttribute Name="ExternalAccessible" SystemDefined="true">true</BooleanAttribute><BooleanAttribute Name="ExternalVisible" SystemDefined="true">true</BooleanAttribute><BooleanAttribute Name="ExternalWritable" SystemDefined="true">true</BooleanAttribute><BooleanAttribute Name="UserVisible" Informative="true" SystemDefined="true">true</BooleanAttribute><BooleanAttribute Name="UserReadOnly" Informative="true" SystemDefined="true">false</BooleanAttribute><BooleanAttribute Name="UserDeletable" Informative="true" SystemDefined="true">true</BooleanAttribute><BooleanAttribute Name="SetPoint" SystemDefined="true">false</BooleanAttribute></AttributeList></Member><Member Name="PSOP_S3_MontarTapa" Datatype="Bool"><AttributeList><BooleanAttribute Name="ExternalAccessible" SystemDefined="true">true</BooleanAttribute><BooleanAttribute Name="ExternalVisible" SystemDefined="true">true</BooleanAttribute><BooleanAttribute Name="ExternalWritable" SystemDefined="true">true</BooleanAttribute><BooleanAttribute Name="UserVisible" Informative="true" SystemDefined="true">true</BooleanAttribute><BooleanAttribute Name="UserReadOnly" Informative="true" SystemDefined="true">false</BooleanAttribute><BooleanAttribute Name="UserDeletable" Informative="true" SystemDefined="true">true</BooleanAttribute><BooleanAttribute Name="SetPoint" SystemDefined="true">false</BooleanAttribute></AttributeList></Member></Member></Member></Member>
    <Member Name="MSC" Datatype="Struct" Remanence="NonRetain" Accessibility="Public"><AttributeList><BooleanAttribute Name="ExternalAccessible" SystemDefined="true">true</BooleanAttribute><BooleanAttribute Name="ExternalVisible" SystemDefined="true">true</BooleanAttribute><BooleanAttribute Name="ExternalWritable" SystemDefined="true">true</BooleanAttribute><BooleanAttribute Name="UserVisible" Informative="true" SystemDefined="true">true</BooleanAttribute><BooleanAttribute Name="UserReadOnly" Informative="true" SystemDefined="true">false</BooleanAttribute><BooleanAttribute Name="UserDeletable" Informative="true" SystemDefined="true">true</BooleanAttribute><BooleanAttribute Name="SetPoint" SystemDefined="true">false</BooleanAttribute></AttributeList><Member Name="Automatico" Datatype="Struct"><AttributeList><BooleanAttribute Name="ExternalAccessible" SystemDefined="true">true</BooleanAttribute><BooleanAttribute Name="ExternalVisible" SystemDefined="true">true</BooleanAttribute><BooleanAttribute Name="ExternalWritable" SystemDefined="true">true</BooleanAttribute><BooleanAttribute Name="UserVisible" Informative="true" SystemDefined="true">true</BooleanAttribute><BooleanAttribute Name="UserReadOnly" Informative="true" SystemDefined="true">false</BooleanAttribute><BooleanAttribute Name="UserDeletable" Informative="true" SystemDefined="true">true</BooleanAttribute><BooleanAttribute Name="SetPoint" SystemDefined="true">false</BooleanAttribute></AttributeList><Member Name="InicioAuto" Datatype="Bool"><AttributeList><BooleanAttribute Name="ExternalAccessible" SystemDefined="true">true</BooleanAttribute><BooleanAttribute Name="ExternalVisible" SystemDefined="true">true</BooleanAttribute><BooleanAttribute Name="ExternalWritable" SystemDefined="true">true</BooleanAttribute><BooleanAttribute Name="UserVisible" Informative="true" SystemDefined="true">true</BooleanAttribute><BooleanAttribute Name="UserReadOnly" Informative="true" SystemDefined="true">false</BooleanAttribute><BooleanAttribute Name="UserDeletable" Informative="true" SystemDefined="true">true</BooleanAttribute><BooleanAttribute Name="SetPoint" SystemDefined="true">false</BooleanAttribute></AttributeList></Member><Member Name="ProdNorm" Datatype="Bool"><AttributeList><BooleanAttribute Name="ExternalAccessible" SystemDefined="true">true</BooleanAttribute><BooleanAttribute Name="ExternalVisible" SystemDefined="true">true</BooleanAttribute><BooleanAttribute Name="ExternalWritable" SystemDefined="true">true</BooleanAttribute><BooleanAttribute Name="UserVisible" Informative="true" SystemDefined="true">true</BooleanAttribute><BooleanAttribute Name="UserReadOnly" Informative="true" SystemDefined="true">false</BooleanAttribute><BooleanAttribute Name="UserDeletable" Informative="true" SystemDefined="true">true</BooleanAttribute><BooleanAttribute Name="SetPoint" SystemDefined="true">false</BooleanAttribute></AttributeList></Member><Member Name="ParoFC" Datatype="Bool"><AttributeList><BooleanAttribute Name="ExternalAccessible" SystemDefined="true">true</BooleanAttribute><BooleanAttribute Name="ExternalVisible" SystemDefined="true">true</BooleanAttribute><BooleanAttribute Name="ExternalWritable" SystemDefined="true">true</BooleanAttribute><BooleanAttribute Name="UserVisible" Informative="true" SystemDefined="true">true</BooleanAttribute><BooleanAttribute Name="UserReadOnly" Informative="true" SystemDefined="true">false</BooleanAttribute><BooleanAttribute Name="UserDeletable" Informative="true" SystemDefined="true">true</BooleanAttribute><BooleanAttribute Name="SetPoint" SystemDefined="true">false</BooleanAttribute></AttributeList></Member><Member Name="FinProces" Datatype="Bool"><AttributeList><BooleanAttribute Name="ExternalAccessible" SystemDefined="true">true</BooleanAttribute><BooleanAttribute Name="ExternalVisible" SystemDefined="true">true</BooleanAttribute><BooleanAttribute Name="ExternalWritable" SystemDefined="true">true</BooleanAttribute><BooleanAttribute Name="UserVisible" Informative="true" SystemDefined="true">true</BooleanAttribute><BooleanAttribute Name="UserReadOnly" Informative="true" SystemDefined="true">false</BooleanAttribute><BooleanAttribute Name="UserDeletable" Informative="true" SystemDefined="true">true</BooleanAttribute><BooleanAttribute Name="SetPoint" SystemDefined="true">false</BooleanAttribute></AttributeList></Member><Member Name="CondIni" Datatype="Struct"><AttributeList><BooleanAttribute Name="ExternalAccessible" SystemDefined="true">true</BooleanAttribute><BooleanAttribute Name="ExternalVisible" SystemDefined="true">true</BooleanAttribute><BooleanAttribute Name="ExternalWritable" SystemDefined="true">true</BooleanAttribute><BooleanAttribute Name="UserVisible" Informative="true" SystemDefined="true">true</BooleanAttribute><BooleanAttribute Name="UserReadOnly" Informative="true" SystemDefined="true">false</BooleanAttribute><BooleanAttribute Name="UserDeletable" Informative="true" SystemDefined="true">true</BooleanAttribute><BooleanAttribute Name="SetPoint" SystemDefined="true">false</BooleanAttribute></AttributeList><Member Name="FinCondIni" Datatype="Bool"><AttributeList><BooleanAttribute Name="ExternalAccessible" SystemDefined="true">true</BooleanAttribute><BooleanAttribute Name="ExternalVisible" SystemDefined="true">true</BooleanAttribute><BooleanAttribute Name="ExternalWritable" SystemDefined="true">true</BooleanAttribute><BooleanAttribute Name="UserVisible" Informative="true" SystemDefined="true">true</BooleanAttribute><BooleanAttribute Name="UserReadOnly" Informative="true" SystemDefined="true">false</BooleanAttribute><BooleanAttribute Name="UserDeletable" Informative="true" SystemDefined="true">true</BooleanAttribute><BooleanAttribute Name="SetPoint" SystemDefined="true">false</BooleanAttribute></AttributeList></Member></Member><Member Name="MarchaPre" Datatype="Struct"><AttributeList><BooleanAttribute Name="ExternalAccessible" SystemDefined="true">true</BooleanAttribute><BooleanAttribute Name="ExternalVisible" SystemDefined="true">true</BooleanAttribute><BooleanAttribute Name="ExternalWritable" SystemDefined="true">true</BooleanAttribute><BooleanAttribute Name="UserVisible" Informative="true" SystemDefined="true">true</BooleanAttribute><BooleanAttribute Name="UserReadOnly" Informative="true" SystemDefined="true">false</BooleanAttribute><BooleanAttribute Name="UserDeletable" Informative="true" SystemDefined="true">true</BooleanAttribute><BooleanAttribute Name="SetPoint" SystemDefined="true">false</BooleanAttribute></AttributeList><Member Name="FinMarchaPre" Datatype="Bool"><AttributeList><BooleanAttribute Name="ExternalAccessible" SystemDefined="true">true</BooleanAttribute><BooleanAttribute Name="ExternalVisible" SystemDefined="true">true</BooleanAttribute><BooleanAttribute Name="ExternalWritable" SystemDefined="true">true</BooleanAttribute><BooleanAttribute Name="UserVisible" Informative="true" SystemDefined="true">true</BooleanAttribute><BooleanAttribute Name="UserReadOnly" Informative="true" SystemDefined="true">false</BooleanAttribute><BooleanAttribute Name="UserDeletable" Informative="true" SystemDefined="true">true</BooleanAttribute><BooleanAttribute Name="SetPoint" SystemDefined="true">false</BooleanAttribute></AttributeList></Member></Member></Member><Member Name="Emergencia" Datatype="Struct"><AttributeList><BooleanAttribute Name="ExternalAccessible" SystemDefined="true">true</BooleanAttribute><BooleanAttribute Name="ExternalVisible" SystemDefined="true">true</BooleanAttribute><BooleanAttribute Name="ExternalWritable" SystemDefined="true">true</BooleanAttribute><BooleanAttribute Name="UserVisible" Informative="true" SystemDefined="true">true</BooleanAttribute><BooleanAttribute Name="UserReadOnly" Informative="true" SystemDefined="true">false</BooleanAttribute><BooleanAttribute Name="UserDeletable" Informative="true" SystemDefined="true">true</BooleanAttribute><BooleanAttribute Name="SetPoint" SystemDefined="true">false</BooleanAttribute></AttributeList><Member Name="SolEmergencia" Datatype="Bool"><AttributeList><BooleanAttribute Name="ExternalAccessible" SystemDefined="true">true</BooleanAttribute><BooleanAttribute Name="ExternalVisible" SystemDefined="true">true</BooleanAttribute><BooleanAttribute Name="ExternalWritable" SystemDefined="true">true</BooleanAttribute><BooleanAttribute Name="UserVisible" Informative="true" SystemDefined="true">true</BooleanAttribute><BooleanAttribute Name="UserReadOnly" Informative="true" SystemDefined="true">false</BooleanAttribute><BooleanAttribute Name="UserDeletable" Informative="true" SystemDefined="true">true</BooleanAttribute><BooleanAttribute Name="SetPoint" SystemDefined="true">false</BooleanAttribute></AttributeList></Member></Member><Member Name="OperProd" Datatype="Struct"><AttributeList><BooleanAttribute Name="ExternalAccessible" SystemDefined="true">true</BooleanAttribute><BooleanAttribute Name="ExternalVisible" SystemDefined="true">true</BooleanAttribute><BooleanAttribute Name="ExternalWritable" SystemDefined="true">true</BooleanAttribute><BooleanAttribute Name="UserVisible" Informative="true" SystemDefined="true">true</BooleanAttribute><BooleanAttribute Name="UserReadOnly" Informative="true" SystemDefined="true">false</BooleanAttribute><BooleanAttribute Name="UserDeletable" Informative="true" SystemDefined="true">true</BooleanAttribute><BooleanAttribute Name="SetPoint" SystemDefined="true">false</BooleanAttribute></AttributeList><Member Name="Coord" Datatype="Struct"><AttributeList><BooleanAttribute Name="ExternalAccessible" SystemDefined="true">true</BooleanAttribute><BooleanAttribute Name="ExternalVisible" SystemDefined="true">true</BooleanAttribute><BooleanAttribute Name="ExternalWritable" SystemDefined="true">true</BooleanAttribute><BooleanAttribute Name="UserVisible" Informative="true" SystemDefined="true">true</BooleanAttribute><BooleanAttribute Name="UserReadOnly" Informative="true" SystemDefined="true">false</BooleanAttribute><BooleanAttribute Name="UserDeletable" Informative="true" SystemDefined="true">true</BooleanAttribute><BooleanAttribute Name="SetPoint" SystemDefined="true">false</BooleanAttribute></AttributeList><Member Name="TapaMontada" Datatype="Bool"><AttributeList><BooleanAttribute Name="ExternalAccessible" SystemDefined="true">true</BooleanAttribute><BooleanAttribute Name="ExternalVisible" SystemDefined="true">true</BooleanAttribute><BooleanAttribute Name="ExternalWritable" SystemDefined="true">true</BooleanAttribute><BooleanAttribute Name="UserVisible" Informative="true" SystemDefined="true">true</BooleanAttribute><BooleanAttribute Name="UserReadOnly" Informative="true" SystemDefined="true">false</BooleanAttribute><BooleanAttribute Name="UserDeletable" Informative="true" SystemDefined="true">true</BooleanAttribute><BooleanAttribute Name="SetPoint" SystemDefined="true">false</BooleanAttribute></AttributeList></Member></Member></Member></Member>
    <Member Name="X1300" Datatype="Bool" Remanence="NonRetain" Accessibility="Public"><AttributeList><BooleanAttribute Name="ExternalAccessible" SystemDefined="true">true</BooleanAttribute><BooleanAttribute Name="ExternalVisible" SystemDefined="true">true</BooleanAttribute><BooleanAttribute Name="ExternalWritable" SystemDefined="true">true</BooleanAttribute><BooleanAttribute Name="UserVisible" Informative="true" SystemDefined="true">true</BooleanAttribute><BooleanAttribute Name="UserReadOnly" Informative="true" SystemDefined="true">false</BooleanAttribute><BooleanAttribute Name="UserDeletable" Informative="true" SystemDefined="true">true</BooleanAttribute><BooleanAttribute Name="SetPoint" SystemDefined="true">false</BooleanAttribute></AttributeList></Member>
    <Member Name="X1301" Datatype="Bool" Remanence="NonRetain" Accessibility="Public"><AttributeList><BooleanAttribute Name="ExternalAccessible" SystemDefined="true">true</BooleanAttribute><BooleanAttribute Name="ExternalVisible" SystemDefined="true">true</BooleanAttribute><BooleanAttribute Name="ExternalWritable" SystemDefined="true">true</BooleanAttribute><BooleanAttribute Name="UserVisible" Informative="true" SystemDefined="true">true</BooleanAttribute><BooleanAttribute Name="UserReadOnly" Informative="true" SystemDefined="true">false</BooleanAttribute><BooleanAttribute Name="UserDeletable" Informative="true" SystemDefined="true">true</BooleanAttribute><BooleanAttribute Name="SetPoint" SystemDefined="true">false</BooleanAttribute></AttributeList></Member>
    <Member Name="X1302" Datatype="Bool" Remanence="NonRetain" Accessibility="Public"><AttributeList><BooleanAttribute Name="ExternalAccessible" SystemDefined="true">true</BooleanAttribute><BooleanAttribute Name="ExternalVisible" SystemDefined="true">true</BooleanAttribute><BooleanAttribute Name="ExternalWritable" SystemDefined="true">true</BooleanAttribute><BooleanAttribute Name="UserVisible" Informative="true" SystemDefined="true">true</BooleanAttribute><BooleanAttribute Name="UserReadOnly" Informative="true" SystemDefined="true">false</BooleanAttribute><BooleanAttribute Name="UserDeletable" Informative="true" SystemDefined="true">true</BooleanAttribute><BooleanAttribute Name="SetPoint" SystemDefined="true">false</BooleanAttribute></AttributeList></Member>
    <Member Name="X1303" Datatype="Bool" Remanence="NonRetain" Accessibility="Public"><AttributeList><BooleanAttribute Name="ExternalAccessible" SystemDefined="true">true</BooleanAttribute><BooleanAttribute Name="ExternalVisible" SystemDefined="true">true</BooleanAttribute><BooleanAttribute Name="ExternalWritable" SystemDefined="true">true</BooleanAttribute><BooleanAttribute Name="UserVisible" Informative="true" SystemDefined="true">true</BooleanAttribute><BooleanAttribute Name="UserReadOnly" Informative="true" SystemDefined="true">false</BooleanAttribute><BooleanAttribute Name="UserDeletable" Informative="true" SystemDefined="true">true</BooleanAttribute><BooleanAttribute Name="SetPoint" SystemDefined="true">false</BooleanAttribute></AttributeList></Member>
    <Member Name="X1304" Datatype="Bool" Remanence="NonRetain" Accessibility="Public"><AttributeList><BooleanAttribute Name="ExternalAccessible" SystemDefined="true">true</BooleanAttribute><BooleanAttribute Name="ExternalVisible" SystemDefined="true">true</BooleanAttribute><BooleanAttribute Name="ExternalWritable" SystemDefined="true">true</BooleanAttribute><BooleanAttribute Name="UserVisible" Informative="true" SystemDefined="true">true</BooleanAttribute><BooleanAttribute Name="UserReadOnly" Informative="true" SystemDefined="true">false</BooleanAttribute><BooleanAttribute Name="UserDeletable" Informative="true" SystemDefined="true">true</BooleanAttribute><BooleanAttribute Name="SetPoint" SystemDefined="true">false</BooleanAttribute></AttributeList></Member>
    <Member Name="X1305" Datatype="Bool" Remanence="NonRetain" Accessibility="Public"><AttributeList><BooleanAttribute Name="ExternalAccessible" SystemDefined="true">true</BooleanAttribute><BooleanAttribute Name="ExternalVisible" SystemDefined="true">true</BooleanAttribute><BooleanAttribute Name="ExternalWritable" SystemDefined="true">true</BooleanAttribute><BooleanAttribute Name="UserVisible" Informative="true" SystemDefined="true">true</BooleanAttribute><BooleanAttribute Name="UserReadOnly" Informative="true" SystemDefined="true">false</BooleanAttribute><BooleanAttribute Name="UserDeletable" Informative="true" SystemDefined="true">true</BooleanAttribute><BooleanAttribute Name="SetPoint" SystemDefined="true">false</BooleanAttribute></AttributeList></Member>
    <Member Name="X1306" Datatype="Bool" Remanence="NonRetain" Accessibility="Public"><AttributeList><BooleanAttribute Name="ExternalAccessible" SystemDefined="true">true</BooleanAttribute><BooleanAttribute Name="ExternalVisible" SystemDefined="true">true</BooleanAttribute><BooleanAttribute Name="ExternalWritable" SystemDefined="true">true</BooleanAttribute><BooleanAttribute Name="UserVisible" Informative="true" SystemDefined="true">true</BooleanAttribute><BooleanAttribute Name="UserReadOnly" Informative="true" SystemDefined="true">false</BooleanAttribute><BooleanAttribute Name="UserDeletable" Informative="true" SystemDefined="true">true</BooleanAttribute><BooleanAttribute Name="SetPoint" SystemDefined="true">false</BooleanAttribute></AttributeList></Member>
    <Member Name="X1307" Datatype="Bool" Remanence="NonRetain" Accessibility="Public"><AttributeList><BooleanAttribute Name="ExternalAccessible" SystemDefined="true">true</BooleanAttribute><BooleanAttribute Name="ExternalVisible" SystemDefined="true">true</BooleanAttribute><BooleanAttribute Name="ExternalWritable" SystemDefined="true">true</BooleanAttribute><BooleanAttribute Name="UserVisible" Informative="true" SystemDefined="true">true</BooleanAttribute><BooleanAttribute Name="UserReadOnly" Informative="true" SystemDefined="true">false</BooleanAttribute><BooleanAttribute Name="UserDeletable" Informative="true" SystemDefined="true">true</BooleanAttribute><BooleanAttribute Name="SetPoint" SystemDefined="true">false</BooleanAttribute></AttributeList></Member>
    <Member Name="X1308" Datatype="Bool" Remanence="NonRetain" Accessibility="Public"><AttributeList><BooleanAttribute Name="ExternalAccessible" SystemDefined="true">true</BooleanAttribute><BooleanAttribute Name="ExternalVisible" SystemDefined="true">true</BooleanAttribute><BooleanAttribute Name="ExternalWritable" SystemDefined="true">true</BooleanAttribute><BooleanAttribute Name="UserVisible" Informative="true" SystemDefined="true">true</BooleanAttribute><BooleanAttribute Name="UserReadOnly" Informative="true" SystemDefined="true">false</BooleanAttribute><BooleanAttribute Name="UserDeletable" Informative="true" SystemDefined="true">true</BooleanAttribute><BooleanAttribute Name="SetPoint" SystemDefined="true">false</BooleanAttribute></AttributeList></Member>
    <Member Name="X1309" Datatype="Bool" Remanence="NonRetain" Accessibility="Public"><AttributeList><BooleanAttribute Name="ExternalAccessible" SystemDefined="true">true</BooleanAttribute><BooleanAttribute Name="ExternalVisible" SystemDefined="true">true</BooleanAttribute><BooleanAttribute Name="ExternalWritable" SystemDefined="true">true</BooleanAttribute><BooleanAttribute Name="UserVisible" Informative="true" SystemDefined="true">true</BooleanAttribute><BooleanAttribute Name="UserReadOnly" Informative="true" SystemDefined="true">false</BooleanAttribute><BooleanAttribute Name="UserDeletable" Informative="true" SystemDefined="true">true</BooleanAttribute><BooleanAttribute Name="SetPoint" SystemDefined="true">false</BooleanAttribute></AttributeList></Member>
    <Member Name="X1310" Datatype="Bool" Remanence="NonRetain" Accessibility="Public"><AttributeList><BooleanAttribute Name="ExternalAccessible" SystemDefined="true">true</BooleanAttribute><BooleanAttribute Name="ExternalVisible" SystemDefined="true">true</BooleanAttribute><BooleanAttribute Name="ExternalWritable" SystemDefined="true">true</BooleanAttribute><BooleanAttribute Name="UserVisible" Informative="true" SystemDefined="true">true</BooleanAttribute><BooleanAttribute Name="UserReadOnly" Informative="true" SystemDefined="true">false</BooleanAttribute><BooleanAttribute Name="UserDeletable" Informative="true" SystemDefined="true">true</BooleanAttribute><BooleanAttribute Name="SetPoint" SystemDefined="true">false</BooleanAttribute></AttributeList></Member>
    <Member Name="X1311" Datatype="Bool" Remanence="NonRetain" Accessibility="Public"><AttributeList><BooleanAttribute Name="ExternalAccessible" SystemDefined="true">true</BooleanAttribute><BooleanAttribute Name="ExternalVisible" SystemDefined="true">true</BooleanAttribute><BooleanAttribute Name="ExternalWritable" SystemDefined="true">true</BooleanAttribute><BooleanAttribute Name="UserVisible" Informative="true" SystemDefined="true">true</BooleanAttribute><BooleanAttribute Name="UserReadOnly" Informative="true" SystemDefined="true">false</BooleanAttribute><BooleanAttribute Name="UserDeletable" Informative="true" SystemDefined="true">true</BooleanAttribute><BooleanAttribute Name="SetPoint" SystemDefined="true">false</BooleanAttribute></AttributeList></Member>
    <Member Name="X1312" Datatype="Bool" Remanence="NonRetain" Accessibility="Public"><AttributeList><BooleanAttribute Name="ExternalAccessible" SystemDefined="true">true</BooleanAttribute><BooleanAttribute Name="ExternalVisible" SystemDefined="true">true</BooleanAttribute><BooleanAttribute Name="ExternalWritable" SystemDefined="true">true</BooleanAttribute><BooleanAttribute Name="UserVisible" Informative="true" SystemDefined="true">true</BooleanAttribute><BooleanAttribute Name="UserReadOnly" Informative="true" SystemDefined="true">false</BooleanAttribute><BooleanAttribute Name="UserDeletable" Informative="true" SystemDefined="true">true</BooleanAttribute><BooleanAttribute Name="SetPoint" SystemDefined="true">false</BooleanAttribute></AttributeList></Member>
    <Member Name="X1313" Datatype="Bool" Remanence="NonRetain" Accessibility="Public"><AttributeList><BooleanAttribute Name="ExternalAccessible" SystemDefined="true">true</BooleanAttribute><BooleanAttribute Name="ExternalVisible" SystemDefined="true">true</BooleanAttribute><BooleanAttribute Name="ExternalWritable" SystemDefined="true">true</BooleanAttribute><BooleanAttribute Name="UserVisible" Informative="true" SystemDefined="true">true</BooleanAttribute><BooleanAttribute Name="UserReadOnly" Informative="true" SystemDefined="true">false</BooleanAttribute><BooleanAttribute Name="UserDeletable" Informative="true" SystemDefined="true">true</BooleanAttribute><BooleanAttribute Name="SetPoint" SystemDefined="true">false</BooleanAttribute></AttributeList></Member>
    <Member Name="X1314" Datatype="Bool" Remanence="NonRetain" Accessibility="Public"><AttributeList><BooleanAttribute Name="ExternalAccessible" SystemDefined="true">true</BooleanAttribute><BooleanAttribute Name="ExternalVisible" SystemDefined="true">true</BooleanAttribute><BooleanAttribute Name="ExternalWritable" SystemDefined="true">true</BooleanAttribute><BooleanAttribute Name="UserVisible" Informative="true" SystemDefined="true">true</BooleanAttribute><BooleanAttribute Name="UserReadOnly" Informative="true" SystemDefined="true">false</BooleanAttribute><BooleanAttribute Name="UserDeletable" Informative="true" SystemDefined="true">true</BooleanAttribute><BooleanAttribute Name="SetPoint" SystemDefined="true">false</BooleanAttribute></AttributeList></Member>
    <Member Name="X1315" Datatype="Bool" Remanence="NonRetain" Accessibility="Public"><AttributeList><BooleanAttribute Name="ExternalAccessible" SystemDefined="true">true</BooleanAttribute><BooleanAttribute Name="ExternalVisible" SystemDefined="true">true</BooleanAttribute><BooleanAttribute Name="ExternalWritable" SystemDefined="true">true</BooleanAttribute><BooleanAttribute Name="UserVisible" Informative="true" SystemDefined="true">true</BooleanAttribute><BooleanAttribute Name="UserReadOnly" Informative="true" SystemDefined="true">false</BooleanAttribute><BooleanAttribute Name="UserDeletable" Informative="true" SystemDefined="true">true</BooleanAttribute><BooleanAttribute Name="SetPoint" SystemDefined="true">false</BooleanAttribute></AttributeList></Member>
  </Section>
</Sections></Interface>
      <InterfaceModifiedDate ReadOnly="true">2023-07-28T09:10:42.9082726Z</InterfaceModifiedDate>
      <IsConsistent ReadOnly="true">true</IsConsistent>
      <IsKnowHowProtected ReadOnly="true">false</IsKnowHowProtected>
      <IsRetainMemResEnabled ReadOnly="true">false</IsRetainMemResEnabled>
      <MemoryLayout ReadOnly="true">Optimized</MemoryLayout>
      <MemoryReserve ReadOnly="true">100</MemoryReserve>
      <ModifiedDate ReadOnly="true">2023-07-28T09:11:40.8541774Z</ModifiedDate>
      <Name>S3_Ubicacion Tapa_GF_DB</Name>
      <Number>6</Number>
      <ParameterModified ReadOnly="true">2023-07-28T09:07:36.1520931Z</ParameterModified>
      <ProgrammingLanguage>DB</ProgrammingLanguage>
      <StructureModified ReadOnly="true">2023-07-28T09:10:42.9082726Z</StructureModified>
      <UDABlockProperties ReadOnly="true" />
      <UDAEnableTagReadback ReadOnly="true">false</UDAEnableTagReadback>
    </AttributeList>
    <ObjectList>
      <MultilingualText ID="1" CompositionName="Comment">
        <ObjectList>
          <MultilingualTextItem ID="2" CompositionName="Items">
            <AttributeList>
              <Culture>es-ES</Culture>
              <Text />
            </AttributeList>
          </MultilingualTextItem>
          <MultilingualTextItem ID="3" CompositionName="Items">
            <AttributeList>
              <Culture>de-DE</Culture>
              <Text />
            </AttributeList>
          </MultilingualTextItem>
          <MultilingualTextItem ID="4" CompositionName="Items">
            <AttributeList>
              <Culture>en-US</Culture>
              <Text />
            </AttributeList>
          </MultilingualTextItem>
          <MultilingualTextItem ID="5" CompositionName="Items">
            <AttributeList>
              <Culture>fr-FR</Culture>
              <Text />
            </AttributeList>
          </MultilingualTextItem>
          <MultilingualTextItem ID="6" CompositionName="Items">
            <AttributeList>
              <Culture>it-IT</Culture>
              <Text />
            </AttributeList>
          </MultilingualTextItem>
          <MultilingualTextItem ID="7" CompositionName="Items">
            <AttributeList>
              <Culture>zh-CN</Culture>
              <Text />
            </AttributeList>
          </MultilingualTextItem>
          <MultilingualTextItem ID="8" CompositionName="Items">
            <AttributeList>
              <Culture>ja-JP</Culture>
              <Text />
            </AttributeList>
          </MultilingualTextItem>
        </ObjectList>
      </MultilingualText>
      <MultilingualText ID="9" CompositionName="Title">
        <ObjectList>
          <MultilingualTextItem ID="A" CompositionName="Items">
            <AttributeList>
              <Culture>es-ES</Culture>
              <Text />
            </AttributeList>
          </MultilingualTextItem>
          <MultilingualTextItem ID="B" CompositionName="Items">
            <AttributeList>
              <Culture>de-DE</Culture>
              <Text />
            </AttributeList>
          </MultilingualTextItem>
          <MultilingualTextItem ID="C" CompositionName="Items">
            <AttributeList>
              <Culture>en-US</Culture>
              <Text />
            </AttributeList>
          </MultilingualTextItem>
          <MultilingualTextItem ID="D" CompositionName="Items">
            <AttributeList>
              <Culture>fr-FR</Culture>
              <Text />
            </AttributeList>
          </MultilingualTextItem>
          <MultilingualTextItem ID="E" CompositionName="Items">
            <AttributeList>
              <Culture>it-IT</Culture>
              <Text />
            </AttributeList>
          </MultilingualTextItem>
          <MultilingualTextItem ID="F" CompositionName="Items">
            <AttributeList>
              <Culture>zh-CN</Culture>
              <Text />
            </AttributeList>
          </MultilingualTextItem>
          <MultilingualTextItem ID="10" CompositionName="Items">
            <AttributeList>
              <Culture>ja-JP</Culture>
              <Text />
            </AttributeList>
          </MultilingualTextItem>
        </ObjectList>
      </MultilingualText>
    </ObjectList>
  </SW.Blocks.InstanceDB>
</Document>