﻿<?xml version="1.0" encoding="utf-8"?>
<Sequence>
  <Steps>
	  <Step Number="5" Init="false" Name="X1034" MaximumStepTime="T#10S" WarningTime="T#7S">
        <Actions>
          <Action Qualifier="N">
            <Token Text="&quot;S1_Ubicacion Base_GF_DB&quot;.MI.&quot;CG Celula&quot;.PS.PSOA_S1_SolMarchaPre" />
            <Token Text="&#xA;" />
          </Action>
          <Action Qualifier="N">
            <Token Text="&quot;S1_Ubicacion Base_DB&quot;.MI.&quot;CG Celula&quot;.PS.PSOA_S1_SolMarchaPre" />
            <Token Text="&#xA;" />
          </Action>
          <Action />
        </Actions>
        <Supervisions>
          <Supervision ProgrammingLanguage="LAD">
            <FlgNet>
              <Parts>
                <Part Name="SvCoil" UId="21" />
              </Parts>
              <Wires>
                <Wire UId="22">
                  <Powerrail />
                  <NameCon UId="21" Name="in" />
                </Wire>
              </Wires>
            </FlgNet>
          </Supervision>
        </Supervisions>
        <Interlocks>
          <Interlock ProgrammingLanguage="LAD">
            <FlgNet>
              <Parts>
                <Part Name="IlCoil" UId="21" />
              </Parts>
              <Wires>
                <Wire UId="22">
                  <Powerrail />
                  <NameCon UId="21" Name="in" />
                </Wire>
              </Wires>
            </FlgNet>
          </Interlock>
        </Interlocks>
      </Step>
      <Step Number="6" Init="false" Name="X1035" MaximumStepTime="T#10S" WarningTime="T#7S">
        <Actions>
          <Action />
        </Actions>
        <Supervisions>
          <Supervision ProgrammingLanguage="LAD">
            <FlgNet>
              <Parts>
                <Part Name="SvCoil" UId="21" />
              </Parts>
              <Wires>
                <Wire UId="22">
                  <Powerrail />
                  <NameCon UId="21" Name="in" />
                </Wire>
              </Wires>
            </FlgNet>
          </Supervision>
        </Supervisions>
        <Interlocks>
          <Interlock ProgrammingLanguage="LAD">
            <FlgNet>
              <Parts>
                <Part Name="IlCoil" UId="21" />
              </Parts>
              <Wires>
                <Wire UId="22">
                  <Powerrail />
                  <NameCon UId="21" Name="in" />
                </Wire>
              </Wires>
            </FlgNet>
          </Interlock>
        </Interlocks>
      </Step>
  </Steps>
  <Transitions>
	  <Transition IsMissing="false" Name="Trans4" Number="4" ProgrammingLanguage="LAD">
        <FlgNet>
          <Parts>
            <Access Scope="GlobalVariable" UId="21">
              <Symbol>
                <Component Name="S1_Ubicacion Base_GF_DB" />
                <Component Name="MSC" />
                <Component Name="Automatico" />
                <Component Name="MarchaPre" />
                <Component Name="FinMarchaPre" />
                <Address Area="None" Type="Bool" BlockNumber="157" BitOffset="264" Informative="true" />
              </Symbol>
            </Access>
            <Access Scope="GlobalVariable" UId="22">
              <Symbol>
                <Component Name="S1_Ubicacion Base_DB" />
                <Component Name="MSC" />
                <Component Name="Automatico" />
                <Component Name="MarchaPre" />
                <Component Name="FinMarchaPre" />
                <Address Area="None" Type="Bool" BlockNumber="72" BitOffset="512" Informative="true" />
              </Symbol>
            </Access>
            <Part Name="Contact" UId="23" />
            <Part Name="Contact" UId="24" />
            <Part Name="O" UId="25">
              <TemplateValue Name="Card" Type="Cardinality">2</TemplateValue>
            </Part>
            <Part Name="TrCoil" UId="26" />
          </Parts>
          <Wires>
            <Wire UId="27">
              <Powerrail />
              <NameCon UId="23" Name="in" />
              <NameCon UId="24" Name="in" />
            </Wire>
            <Wire UId="28">
              <IdentCon UId="21" />
              <NameCon UId="23" Name="operand" />
            </Wire>
            <Wire UId="29">
              <NameCon UId="23" Name="out" />
              <NameCon UId="25" Name="in1" />
            </Wire>
            <Wire UId="30">
              <IdentCon UId="22" />
              <NameCon UId="24" Name="operand" />
            </Wire>
            <Wire UId="31">
              <NameCon UId="24" Name="out" />
              <NameCon UId="25" Name="in2" />
            </Wire>
            <Wire UId="32">
              <NameCon UId="25" Name="out" />
              <NameCon UId="26" Name="in" />
            </Wire>
          </Wires>
        </FlgNet>
      </Transition>
  </Transitions>
  <Connections>
      <Connection>
        <NodeFrom>
          <BranchRef Number="1" Out="1" />
        </NodeFrom>
        <NodeTo>
          <StepRef Number="5" />
        </NodeTo>
        <LinkType>Direct</LinkType>
      </Connection>
	  <Connection>
        <NodeFrom>
          <StepRef Number="5" />
        </NodeFrom>
        <NodeTo>
          <TransitionRef Number="4" />
        </NodeTo>
        <LinkType>Direct</LinkType>
      </Connection>
      <Connection>
        <NodeFrom>
          <TransitionRef Number="4" />
        </NodeFrom>
        <NodeTo>
          <StepRef Number="6" />
        </NodeTo>
        <LinkType>Direct</LinkType>
      </Connection>
	  <Connection>
        <NodeFrom>
          <StepRef Number="6" />
        </NodeFrom>
        <NodeTo>
          <BranchRef Number="2" In="1" />
        </NodeTo>
        <LinkType>Direct</LinkType>
      </Connection>
  </Connections>
</Sequence>