﻿<?xml version="1.0" encoding="utf-8"?>
<Sequence>
  <Steps>
	  <Step Number="14" Init="false" Name="X1063" MaximumStepTime="T#10S" WarningTime="T#7S">
        <Actions>
          <Action Qualifier="N">
            <Token Text="&quot;ST_Sistema Transporte_GF_DB&quot;.MI.&quot;CG Celula&quot;.PS.PSM_SE_ST_ProdNorm" />
            <Token Text="&#xA;" />
          </Action>
          <Action Qualifier="N">
            <Token Text="&quot;ST_SistemaTransporte_DB&quot;.MI.CG_Celula.PS.PSM_SE_ST_ProdNorm" />
            <Token Text="&#xA;" />
          </Action>
          <Action />
        </Actions>
        <Supervisions>
          <Supervision ProgrammingLanguage="LAD">
            <FlgNet>
              <Parts>
                <Part Name="SvCoil" UId="21" />
              </Parts>
              <Wires>
                <Wire UId="22">
                  <Powerrail />
                  <NameCon UId="21" Name="in" />
                </Wire>
              </Wires>
            </FlgNet>
          </Supervision>
        </Supervisions>
        <Interlocks>
          <Interlock ProgrammingLanguage="LAD">
            <FlgNet>
              <Parts>
                <Part Name="IlCoil" UId="21" />
              </Parts>
              <Wires>
                <Wire UId="22">
                  <Powerrail />
                  <NameCon UId="21" Name="in" />
                </Wire>
              </Wires>
            </FlgNet>
          </Interlock>
        </Interlocks>
      </Step>
      <Step Number="15" Init="false" Name="X1064" MaximumStepTime="T#10S" WarningTime="T#7S">
        <Actions>
          <Action Qualifier="N">
            <Token Text="&quot;ST_Sistema Transporte_GF_DB&quot;.MI.&quot;CG Celula&quot;.PS.PSM_SE_ST_ParoFC" />
            <Token Text="&#xA;" />
          </Action>
          <Action Qualifier="N">
            <Token Text="&quot;ST_SistemaTransporte_DB&quot;.MI.CG_Celula.PS.PSM_SE_ST_ParoFC" />
            <Token Text="&#xA;" />
          </Action>
          <Action />
        </Actions>
        <Supervisions>
          <Supervision ProgrammingLanguage="LAD">
            <FlgNet>
              <Parts>
                <Part Name="SvCoil" UId="21" />
              </Parts>
              <Wires>
                <Wire UId="22">
                  <Powerrail />
                  <NameCon UId="21" Name="in" />
                </Wire>
              </Wires>
            </FlgNet>
          </Supervision>
        </Supervisions>
        <Interlocks>
          <Interlock ProgrammingLanguage="LAD">
            <FlgNet>
              <Parts>
                <Part Name="IlCoil" UId="21" />
              </Parts>
              <Wires>
                <Wire UId="22">
                  <Powerrail />
                  <NameCon UId="21" Name="in" />
                </Wire>
              </Wires>
            </FlgNet>
          </Interlock>
        </Interlocks>
      </Step>
      <Step Number="16" Init="false" Name="X1065" MaximumStepTime="T#10S" WarningTime="T#7S">
        <Actions>
          <Action />
        </Actions>
        <Supervisions>
          <Supervision ProgrammingLanguage="LAD">
            <FlgNet>
              <Parts>
                <Part Name="SvCoil" UId="21" />
              </Parts>
              <Wires>
                <Wire UId="22">
                  <Powerrail />
                  <NameCon UId="21" Name="in" />
                </Wire>
              </Wires>
            </FlgNet>
          </Supervision>
        </Supervisions>
        <Interlocks>
          <Interlock ProgrammingLanguage="LAD">
            <FlgNet>
              <Parts>
                <Part Name="IlCoil" UId="21" />
              </Parts>
              <Wires>
                <Wire UId="22">
                  <Powerrail />
                  <NameCon UId="21" Name="in" />
                </Wire>
              </Wires>
            </FlgNet>
          </Interlock>
        </Interlocks>
      </Step>
  </Steps>
  <Transitions>
	  <Transition IsMissing="false" Name="Trans10" Number="10" ProgrammingLanguage="LAD">
        <FlgNet>
          <Parts>
            <Access Scope="GlobalVariable" UId="21">
              <Symbol>
                <Component Name="CG Celula_DB" />
                <Component Name="MSC" />
                <Component Name="Automatico" />
                <Component Name="ParoFC" />
                <Address Area="None" Type="Bool" BlockNumber="24" BitOffset="2256" Informative="true" />
              </Symbol>
            </Access>
            <Access Scope="GlobalVariable" UId="22">
              <Symbol>
                <Component Name="ST_Sistema Transporte_GF_DB" />
                <Component Name="MSC" />
                <Component Name="OperProd" />
                <Component Name="Coord" />
                <Component Name="Vacio" />
                <Address Area="None" Type="Bool" BlockNumber="5" BitOffset="520" Informative="true" />
              </Symbol>
            </Access>
            <Access Scope="GlobalVariable" UId="23">
              <Symbol>
                <Component Name="ST_SistemaTransporte_DB" />
                <Component Name="MSC" />
                <Component Name="OperProd" />
                <Component Name="Coord" />
                <Component Name="Vacio" />
                <Address Area="None" Type="Bool" BlockNumber="165" BitOffset="1080" Informative="true" />
              </Symbol>
            </Access>
            <Part Name="Contact" UId="24" />
            <Part Name="Contact" UId="25" />
            <Part Name="Contact" UId="26" />
            <Part Name="O" UId="27">
              <TemplateValue Name="Card" Type="Cardinality">2</TemplateValue>
            </Part>
            <Part Name="TrCoil" UId="28" />
          </Parts>
          <Wires>
            <Wire UId="29">
              <Powerrail />
              <NameCon UId="24" Name="in" />
            </Wire>
            <Wire UId="30">
              <IdentCon UId="21" />
              <NameCon UId="24" Name="operand" />
            </Wire>
            <Wire UId="31">
              <NameCon UId="24" Name="out" />
              <NameCon UId="25" Name="in" />
              <NameCon UId="26" Name="in" />
            </Wire>
            <Wire UId="32">
              <IdentCon UId="22" />
              <NameCon UId="25" Name="operand" />
            </Wire>
            <Wire UId="33">
              <NameCon UId="25" Name="out" />
              <NameCon UId="27" Name="in1" />
            </Wire>
            <Wire UId="34">
              <IdentCon UId="23" />
              <NameCon UId="26" Name="operand" />
            </Wire>
            <Wire UId="35">
              <NameCon UId="26" Name="out" />
              <NameCon UId="27" Name="in2" />
            </Wire>
            <Wire UId="36">
              <NameCon UId="27" Name="out" />
              <NameCon UId="28" Name="in" />
            </Wire>
          </Wires>
        </FlgNet>
      </Transition>
      <Transition IsMissing="false" Name="Trans11" Number="11" ProgrammingLanguage="LAD">
        <FlgNet>
          <Parts>
            <Access Scope="GlobalVariable" UId="21">
              <Symbol>
                <Component Name="ST_Sistema Transporte_GF_DB" />
                <Component Name="MSC" />
                <Component Name="Automatico" />
                <Component Name="FinProces" />
                <Address Area="None" Type="Bool" BlockNumber="5" BitOffset="432" Informative="true" />
              </Symbol>
            </Access>
            <Access Scope="GlobalVariable" UId="22">
              <Symbol>
                <Component Name="ST_SistemaTransporte_DB" />
                <Component Name="MSC" />
                <Component Name="Automatico" />
                <Component Name="FinProces" />
                <Address Area="None" Type="Bool" BlockNumber="165" BitOffset="632" Informative="true" />
              </Symbol>
            </Access>
            <Part Name="Contact" UId="23" />
            <Part Name="Contact" UId="24" />
            <Part Name="O" UId="25">
              <TemplateValue Name="Card" Type="Cardinality">2</TemplateValue>
            </Part>
            <Part Name="TrCoil" UId="26" />
          </Parts>
          <Wires>
            <Wire UId="27">
              <Powerrail />
              <NameCon UId="23" Name="in" />
              <NameCon UId="24" Name="in" />
            </Wire>
            <Wire UId="28">
              <IdentCon UId="21" />
              <NameCon UId="23" Name="operand" />
            </Wire>
            <Wire UId="29">
              <NameCon UId="23" Name="out" />
              <NameCon UId="25" Name="in1" />
            </Wire>
            <Wire UId="30">
              <IdentCon UId="22" />
              <NameCon UId="24" Name="operand" />
            </Wire>
            <Wire UId="31">
              <NameCon UId="24" Name="out" />
              <NameCon UId="25" Name="in2" />
            </Wire>
            <Wire UId="32">
              <NameCon UId="25" Name="out" />
              <NameCon UId="26" Name="in" />
            </Wire>
          </Wires>
        </FlgNet>
      </Transition>
  </Transitions>
  <Connections>
      <Connection>
        <NodeFrom>
          <BranchRef Number="1" Out="4" />
        </NodeFrom>
        <NodeTo>
          <StepRef Number="14" />
        </NodeTo>
        <LinkType>Direct</LinkType>
      </Connection>
	  <Connection>
        <NodeFrom>
          <StepRef Number="14" />
        </NodeFrom>
        <NodeTo>
          <TransitionRef Number="10" />
        </NodeTo>
        <LinkType>Direct</LinkType>
      </Connection>
      <Connection>
        <NodeFrom>
          <TransitionRef Number="10" />
        </NodeFrom>
        <NodeTo>
          <StepRef Number="15" />
        </NodeTo>
        <LinkType>Direct</LinkType>
      </Connection>
	  <Connection>
        <NodeFrom>
          <StepRef Number="15" />
        </NodeFrom>
        <NodeTo>
          <TransitionRef Number="11" />
        </NodeTo>
        <LinkType>Direct</LinkType>
      </Connection>
      <Connection>
        <NodeFrom>
          <TransitionRef Number="11" />
        </NodeFrom>
        <NodeTo>
          <StepRef Number="16" />
        </NodeTo>
        <LinkType>Direct</LinkType>
      </Connection>
	  <Connection>
        <NodeFrom>
          <StepRef Number="16" />
        </NodeFrom>
        <NodeTo>
          <BranchRef Number="2" In="4" />
        </NodeTo>
        <LinkType>Direct</LinkType>
      </Connection>
  </Connections>
</Sequence>