﻿<?xml version="1.0" encoding="utf-8"?>
<Sequence>
  <Steps>
	  <Step Number="2" Init="false" Name="X1101" MaximumStepTime="T#10S" WarningTime="T#7S">
        <Actions>
          <Action Qualifier="N">
            <Token Text="&quot;S1_Ubicacion Base_DB&quot;.MI.&quot;CG Celula&quot;.PS.PSM_S1_SolEmergencia" />
            <Token Text="&#xA;" />
          </Action>
          <Action />
        </Actions>
        <Supervisions>
          <Supervision ProgrammingLanguage="LAD">
            <FlgNet>
              <Parts>
                <Part Name="SvCoil" UId="21" />
              </Parts>
              <Wires>
                <Wire UId="22">
                  <Powerrail />
                  <NameCon UId="21" Name="in" />
                </Wire>
              </Wires>
            </FlgNet>
          </Supervision>
        </Supervisions>
        <Interlocks>
          <Interlock ProgrammingLanguage="LAD">
            <FlgNet>
              <Parts>
                <Part Name="IlCoil" UId="21" />
              </Parts>
              <Wires>
                <Wire UId="22">
                  <Powerrail />
                  <NameCon UId="21" Name="in" />
                </Wire>
              </Wires>
            </FlgNet>
          </Interlock>
        </Interlocks>
      </Step>
      <Step Number="3" Init="false" Name="X1102" MaximumStepTime="T#10S" WarningTime="T#7S">
        <Actions>
          <Action Qualifier="N">
            <Token Text="&quot;S1_Ubicacion Base_DB&quot;.MI.&quot;CG Celula&quot;.PS.PSM_S1_ParoEmergencia" />
            <Token Text="&#xA;" />
          </Action>
          <Action />
        </Actions>
        <Supervisions>
          <Supervision ProgrammingLanguage="LAD">
            <FlgNet>
              <Parts>
                <Part Name="SvCoil" UId="21" />
              </Parts>
              <Wires>
                <Wire UId="22">
                  <Powerrail />
                  <NameCon UId="21" Name="in" />
                </Wire>
              </Wires>
            </FlgNet>
          </Supervision>
        </Supervisions>
        <Interlocks>
          <Interlock ProgrammingLanguage="LAD">
            <FlgNet>
              <Parts>
                <Part Name="IlCoil" UId="21" />
              </Parts>
              <Wires>
                <Wire UId="22">
                  <Powerrail />
                  <NameCon UId="21" Name="in" />
                </Wire>
              </Wires>
            </FlgNet>
          </Interlock>
        </Interlocks>
      </Step>
  </Steps>
  <Transitions>
	  <Transition IsMissing="false" Name="Trans2" Number="2" ProgrammingLanguage="LAD">
        <FlgNet>
          <Parts>
            <Access Scope="LocalVariable" UId="21">
              <Symbol>
                <Component Name="SolParoEmergencia" />
              </Symbol>
            </Access>
            <Part Name="Contact" UId="22" />
            <Part Name="TrCoil" UId="23" />
          </Parts>
          <Wires>
            <Wire UId="24">
              <Powerrail />
              <NameCon UId="22" Name="in" />
            </Wire>
            <Wire UId="25">
              <IdentCon UId="21" />
              <NameCon UId="22" Name="operand" />
            </Wire>
            <Wire UId="26">
              <NameCon UId="22" Name="out" />
              <NameCon UId="23" Name="in" />
            </Wire>
          </Wires>
        </FlgNet>
      </Transition>
  </Transitions>
  <Connections>
  	  <Connection>
        <NodeFrom>
          <BranchRef Number="1" Out="0" />
        </NodeFrom>
        <NodeTo>
          <StepRef Number="2" />
        </NodeTo>
        <LinkType>Direct</LinkType>
      </Connection>
      <Connection>
        <NodeFrom>
          <StepRef Number="2" />
        </NodeFrom>
        <NodeTo>
          <TransitionRef Number="2" />
        </NodeTo>
        <LinkType>Direct</LinkType>
      </Connection>
      <Connection>
        <NodeFrom>
          <TransitionRef Number="2" />
        </NodeFrom>
        <NodeTo>
          <StepRef Number="3" />
        </NodeTo>
        <LinkType>Direct</LinkType>
      </Connection>
	  <Connection>
        <NodeFrom>
          <StepRef Number="3" />
        </NodeFrom>
        <NodeTo>
          <BranchRef Number="2" In="0" />
        </NodeTo>
        <LinkType>Direct</LinkType>
      </Connection>
  </Connections>
</Sequence>