﻿<?xml version="1.0" encoding="utf-8"?>
<Document>
  <Engineering version="V17" />
  <DocumentInfo>
    <Created>2024-05-15T17:44:27.0817336Z</Created>
    <ExportSetting>WithDefaults, WithReadOnly</ExportSetting>
    <InstalledProducts>
      <Product>
        <DisplayName>Totally Integrated Automation Portal</DisplayName>
        <DisplayVersion>V17</DisplayVersion>
      </Product>
      <OptionPackage>
        <DisplayName>TIA Portal Openness</DisplayName>
        <DisplayVersion>V17</DisplayVersion>
      </OptionPackage>
      <OptionPackage>
        <DisplayName>TIA Portal Version Control Interface</DisplayName>
        <DisplayVersion>V17</DisplayVersion>
      </OptionPackage>
      <Product>
        <DisplayName>STEP 7 Professional</DisplayName>
        <DisplayVersion>V17</DisplayVersion>
      </Product>
      <OptionPackage>
        <DisplayName>STEP 7 Safety</DisplayName>
        <DisplayVersion>V17</DisplayVersion>
      </OptionPackage>
      <Product>
        <DisplayName>WinCC Advanced</DisplayName>
        <DisplayVersion>V17</DisplayVersion>
      </Product>
    </InstalledProducts>
  </DocumentInfo>
  <SW.Blocks.InstanceDB ID="0">
    <AttributeList>
      <AutoNumber>true</AutoNumber>
      <CodeModifiedDate ReadOnly="true">2023-08-11T14:38:06.7309076Z</CodeModifiedDate>
      <CompileDate ReadOnly="true">2023-08-11T14:38:35.1319992Z</CompileDate>
      <CreationDate ReadOnly="true">2023-08-11T14:37:48.7342695Z</CreationDate>
      <DBAccessibleFromOPCUA ReadOnly="true">true</DBAccessibleFromOPCUA>
      <DBAccessibleFromWebserver ReadOnly="true">true</DBAccessibleFromWebserver>
      <HeaderAuthor />
      <HeaderFamily />
      <HeaderName />
      <HeaderVersion>0.1</HeaderVersion>
      <InstanceOfName>GCilin_Monoestable_S3</InstanceOfName>
      <InstanceOfNumber ReadOnly="true">88</InstanceOfNumber>
      <InstanceOfType>FB</InstanceOfType>
      <Interface><Sections xmlns="http://www.siemens.com/automation/Openness/SW/Interface/v5">
  <Section Name="Base">
    <Sections Datatype="GRAPH_BASE" Version="1.0">
      <Section Name="Input" />
      <Section Name="Output" />
      <Section Name="InOut" />
      <Section Name="Static">
        <Member Name="OFF_SQ_BASE" Datatype="Bool" />
      </Section>
    </Sections>
  </Section>
  <Section Name="Input">
    <Member Name="Avance" Datatype="Bool" Remanence="NonRetain" Accessibility="Public"><AttributeList><BooleanAttribute Name="ExternalAccessible" SystemDefined="true">true</BooleanAttribute><BooleanAttribute Name="ExternalVisible" SystemDefined="true">true</BooleanAttribute><BooleanAttribute Name="ExternalWritable" SystemDefined="true">true</BooleanAttribute><BooleanAttribute Name="UserVisible" Informative="true" SystemDefined="true">true</BooleanAttribute><BooleanAttribute Name="UserReadOnly" Informative="true" SystemDefined="true">false</BooleanAttribute><BooleanAttribute Name="UserDeletable" Informative="true" SystemDefined="true">true</BooleanAttribute></AttributeList></Member>
    <Member Name="TiempoQuitarSensor" Datatype="Time" Remanence="NonRetain" Accessibility="Public"><AttributeList><BooleanAttribute Name="ExternalAccessible" SystemDefined="true">true</BooleanAttribute><BooleanAttribute Name="ExternalVisible" SystemDefined="true">true</BooleanAttribute><BooleanAttribute Name="ExternalWritable" SystemDefined="true">true</BooleanAttribute><BooleanAttribute Name="UserVisible" Informative="true" SystemDefined="true">true</BooleanAttribute><BooleanAttribute Name="UserReadOnly" Informative="true" SystemDefined="true">false</BooleanAttribute><BooleanAttribute Name="UserDeletable" Informative="true" SystemDefined="true">true</BooleanAttribute></AttributeList></Member>
    <Member Name="TiempoRetroceso" Datatype="Time" Remanence="NonRetain" Accessibility="Public"><AttributeList><BooleanAttribute Name="ExternalAccessible" SystemDefined="true">true</BooleanAttribute><BooleanAttribute Name="ExternalVisible" SystemDefined="true">true</BooleanAttribute><BooleanAttribute Name="ExternalWritable" SystemDefined="true">true</BooleanAttribute><BooleanAttribute Name="UserVisible" Informative="true" SystemDefined="true">true</BooleanAttribute><BooleanAttribute Name="UserReadOnly" Informative="true" SystemDefined="true">false</BooleanAttribute><BooleanAttribute Name="UserDeletable" Informative="true" SystemDefined="true">true</BooleanAttribute></AttributeList></Member>
    <Member Name="TiempoAvan" Datatype="Time" Remanence="NonRetain" Accessibility="Public"><AttributeList><BooleanAttribute Name="ExternalAccessible" SystemDefined="true">true</BooleanAttribute><BooleanAttribute Name="ExternalVisible" SystemDefined="true">true</BooleanAttribute><BooleanAttribute Name="ExternalWritable" SystemDefined="true">true</BooleanAttribute><BooleanAttribute Name="UserVisible" Informative="true" SystemDefined="true">true</BooleanAttribute><BooleanAttribute Name="UserReadOnly" Informative="true" SystemDefined="true">false</BooleanAttribute><BooleanAttribute Name="UserDeletable" Informative="true" SystemDefined="true">true</BooleanAttribute></AttributeList></Member>
    <Member Name="OFF_SQ" Datatype="Bool" Remanence="NonRetain" Accessibility="Public"><AttributeList><BooleanAttribute Name="ExternalAccessible" SystemDefined="true">false</BooleanAttribute><BooleanAttribute Name="ExternalVisible" SystemDefined="true">false</BooleanAttribute><BooleanAttribute Name="ExternalWritable" SystemDefined="true">false</BooleanAttribute><BooleanAttribute Name="UserVisible" Informative="true" SystemDefined="true">true</BooleanAttribute><BooleanAttribute Name="UserReadOnly" Informative="true" SystemDefined="true">true</BooleanAttribute><BooleanAttribute Name="UserDeletable" Informative="true" SystemDefined="true">true</BooleanAttribute></AttributeList></Member>
    <Member Name="INIT_SQ" Datatype="Bool" Remanence="NonRetain" Accessibility="Public"><AttributeList><BooleanAttribute Name="ExternalAccessible" SystemDefined="true">false</BooleanAttribute><BooleanAttribute Name="ExternalVisible" SystemDefined="true">false</BooleanAttribute><BooleanAttribute Name="ExternalWritable" SystemDefined="true">false</BooleanAttribute><BooleanAttribute Name="UserVisible" Informative="true" SystemDefined="true">true</BooleanAttribute><BooleanAttribute Name="UserReadOnly" Informative="true" SystemDefined="true">true</BooleanAttribute><BooleanAttribute Name="UserDeletable" Informative="true" SystemDefined="true">true</BooleanAttribute></AttributeList></Member>
    <Member Name="ACK_EF" Datatype="Bool" Remanence="NonRetain" Accessibility="Public"><AttributeList><BooleanAttribute Name="ExternalAccessible" SystemDefined="true">false</BooleanAttribute><BooleanAttribute Name="ExternalVisible" SystemDefined="true">false</BooleanAttribute><BooleanAttribute Name="ExternalWritable" SystemDefined="true">false</BooleanAttribute><BooleanAttribute Name="UserVisible" Informative="true" SystemDefined="true">true</BooleanAttribute><BooleanAttribute Name="UserReadOnly" Informative="true" SystemDefined="true">true</BooleanAttribute><BooleanAttribute Name="UserDeletable" Informative="true" SystemDefined="true">true</BooleanAttribute></AttributeList></Member>
    <Member Name="S_PREV" Datatype="Bool" Remanence="NonRetain" Accessibility="Public"><AttributeList><BooleanAttribute Name="ExternalAccessible" SystemDefined="true">false</BooleanAttribute><BooleanAttribute Name="ExternalVisible" SystemDefined="true">false</BooleanAttribute><BooleanAttribute Name="ExternalWritable" SystemDefined="true">false</BooleanAttribute><BooleanAttribute Name="UserVisible" Informative="true" SystemDefined="true">true</BooleanAttribute><BooleanAttribute Name="UserReadOnly" Informative="true" SystemDefined="true">true</BooleanAttribute><BooleanAttribute Name="UserDeletable" Informative="true" SystemDefined="true">true</BooleanAttribute></AttributeList></Member>
    <Member Name="S_NEXT" Datatype="Bool" Remanence="NonRetain" Accessibility="Public"><AttributeList><BooleanAttribute Name="ExternalAccessible" SystemDefined="true">false</BooleanAttribute><BooleanAttribute Name="ExternalVisible" SystemDefined="true">false</BooleanAttribute><BooleanAttribute Name="ExternalWritable" SystemDefined="true">false</BooleanAttribute><BooleanAttribute Name="UserVisible" Informative="true" SystemDefined="true">true</BooleanAttribute><BooleanAttribute Name="UserReadOnly" Informative="true" SystemDefined="true">true</BooleanAttribute><BooleanAttribute Name="UserDeletable" Informative="true" SystemDefined="true">true</BooleanAttribute></AttributeList></Member>
    <Member Name="SW_AUTO" Datatype="Bool" Remanence="NonRetain" Accessibility="Public"><AttributeList><BooleanAttribute Name="ExternalAccessible" SystemDefined="true">false</BooleanAttribute><BooleanAttribute Name="ExternalVisible" SystemDefined="true">false</BooleanAttribute><BooleanAttribute Name="ExternalWritable" SystemDefined="true">false</BooleanAttribute><BooleanAttribute Name="UserVisible" Informative="true" SystemDefined="true">true</BooleanAttribute><BooleanAttribute Name="UserReadOnly" Informative="true" SystemDefined="true">true</BooleanAttribute><BooleanAttribute Name="UserDeletable" Informative="true" SystemDefined="true">true</BooleanAttribute></AttributeList></Member>
    <Member Name="SW_TAP" Datatype="Bool" Remanence="NonRetain" Accessibility="Public"><AttributeList><BooleanAttribute Name="ExternalAccessible" SystemDefined="true">false</BooleanAttribute><BooleanAttribute Name="ExternalVisible" SystemDefined="true">false</BooleanAttribute><BooleanAttribute Name="ExternalWritable" SystemDefined="true">false</BooleanAttribute><BooleanAttribute Name="UserVisible" Informative="true" SystemDefined="true">true</BooleanAttribute><BooleanAttribute Name="UserReadOnly" Informative="true" SystemDefined="true">true</BooleanAttribute><BooleanAttribute Name="UserDeletable" Informative="true" SystemDefined="true">true</BooleanAttribute></AttributeList></Member>
    <Member Name="SW_TOP" Datatype="Bool" Remanence="NonRetain" Accessibility="Public"><AttributeList><BooleanAttribute Name="ExternalAccessible" SystemDefined="true">false</BooleanAttribute><BooleanAttribute Name="ExternalVisible" SystemDefined="true">false</BooleanAttribute><BooleanAttribute Name="ExternalWritable" SystemDefined="true">false</BooleanAttribute><BooleanAttribute Name="UserVisible" Informative="true" SystemDefined="true">true</BooleanAttribute><BooleanAttribute Name="UserReadOnly" Informative="true" SystemDefined="true">true</BooleanAttribute><BooleanAttribute Name="UserDeletable" Informative="true" SystemDefined="true">true</BooleanAttribute></AttributeList></Member>
    <Member Name="SW_MAN" Datatype="Bool" Remanence="NonRetain" Accessibility="Public"><AttributeList><BooleanAttribute Name="ExternalAccessible" SystemDefined="true">false</BooleanAttribute><BooleanAttribute Name="ExternalVisible" SystemDefined="true">false</BooleanAttribute><BooleanAttribute Name="ExternalWritable" SystemDefined="true">false</BooleanAttribute><BooleanAttribute Name="UserVisible" Informative="true" SystemDefined="true">true</BooleanAttribute><BooleanAttribute Name="UserReadOnly" Informative="true" SystemDefined="true">true</BooleanAttribute><BooleanAttribute Name="UserDeletable" Informative="true" SystemDefined="true">true</BooleanAttribute></AttributeList></Member>
    <Member Name="S_SEL" Datatype="Int" Remanence="NonRetain" Accessibility="Public"><AttributeList><BooleanAttribute Name="ExternalAccessible" SystemDefined="true">false</BooleanAttribute><BooleanAttribute Name="ExternalVisible" SystemDefined="true">false</BooleanAttribute><BooleanAttribute Name="ExternalWritable" SystemDefined="true">false</BooleanAttribute><BooleanAttribute Name="UserVisible" Informative="true" SystemDefined="true">true</BooleanAttribute><BooleanAttribute Name="UserReadOnly" Informative="true" SystemDefined="true">true</BooleanAttribute><BooleanAttribute Name="UserDeletable" Informative="true" SystemDefined="true">true</BooleanAttribute></AttributeList></Member>
    <Member Name="S_ON" Datatype="Bool" Remanence="NonRetain" Accessibility="Public"><AttributeList><BooleanAttribute Name="ExternalAccessible" SystemDefined="true">false</BooleanAttribute><BooleanAttribute Name="ExternalVisible" SystemDefined="true">false</BooleanAttribute><BooleanAttribute Name="ExternalWritable" SystemDefined="true">false</BooleanAttribute><BooleanAttribute Name="UserVisible" Informative="true" SystemDefined="true">true</BooleanAttribute><BooleanAttribute Name="UserReadOnly" Informative="true" SystemDefined="true">true</BooleanAttribute><BooleanAttribute Name="UserDeletable" Informative="true" SystemDefined="true">true</BooleanAttribute></AttributeList></Member>
    <Member Name="S_OFF" Datatype="Bool" Remanence="NonRetain" Accessibility="Public"><AttributeList><BooleanAttribute Name="ExternalAccessible" SystemDefined="true">false</BooleanAttribute><BooleanAttribute Name="ExternalVisible" SystemDefined="true">false</BooleanAttribute><BooleanAttribute Name="ExternalWritable" SystemDefined="true">false</BooleanAttribute><BooleanAttribute Name="UserVisible" Informative="true" SystemDefined="true">true</BooleanAttribute><BooleanAttribute Name="UserReadOnly" Informative="true" SystemDefined="true">true</BooleanAttribute><BooleanAttribute Name="UserDeletable" Informative="true" SystemDefined="true">true</BooleanAttribute></AttributeList></Member>
    <Member Name="T_PUSH" Datatype="Bool" Remanence="NonRetain" Accessibility="Public"><AttributeList><BooleanAttribute Name="ExternalAccessible" SystemDefined="true">false</BooleanAttribute><BooleanAttribute Name="ExternalVisible" SystemDefined="true">false</BooleanAttribute><BooleanAttribute Name="ExternalWritable" SystemDefined="true">false</BooleanAttribute><BooleanAttribute Name="UserVisible" Informative="true" SystemDefined="true">true</BooleanAttribute><BooleanAttribute Name="UserReadOnly" Informative="true" SystemDefined="true">true</BooleanAttribute><BooleanAttribute Name="UserDeletable" Informative="true" SystemDefined="true">true</BooleanAttribute></AttributeList></Member>
  </Section>
  <Section Name="Output">
    <Member Name="S_NO" Datatype="Int" Remanence="NonRetain" Accessibility="Public"><AttributeList><BooleanAttribute Name="ExternalAccessible" SystemDefined="true">false</BooleanAttribute><BooleanAttribute Name="ExternalVisible" SystemDefined="true">false</BooleanAttribute><BooleanAttribute Name="ExternalWritable" SystemDefined="true">false</BooleanAttribute><BooleanAttribute Name="UserVisible" Informative="true" SystemDefined="true">true</BooleanAttribute><BooleanAttribute Name="UserReadOnly" Informative="true" SystemDefined="true">true</BooleanAttribute><BooleanAttribute Name="UserDeletable" Informative="true" SystemDefined="true">true</BooleanAttribute></AttributeList></Member>
    <Member Name="S_MORE" Datatype="Bool" Remanence="NonRetain" Accessibility="Public"><AttributeList><BooleanAttribute Name="ExternalAccessible" SystemDefined="true">false</BooleanAttribute><BooleanAttribute Name="ExternalVisible" SystemDefined="true">false</BooleanAttribute><BooleanAttribute Name="ExternalWritable" SystemDefined="true">false</BooleanAttribute><BooleanAttribute Name="UserVisible" Informative="true" SystemDefined="true">true</BooleanAttribute><BooleanAttribute Name="UserReadOnly" Informative="true" SystemDefined="true">true</BooleanAttribute><BooleanAttribute Name="UserDeletable" Informative="true" SystemDefined="true">true</BooleanAttribute></AttributeList></Member>
    <Member Name="S_ACTIVE" Datatype="Bool" Remanence="NonRetain" Accessibility="Public"><AttributeList><BooleanAttribute Name="ExternalAccessible" SystemDefined="true">false</BooleanAttribute><BooleanAttribute Name="ExternalVisible" SystemDefined="true">false</BooleanAttribute><BooleanAttribute Name="ExternalWritable" SystemDefined="true">false</BooleanAttribute><BooleanAttribute Name="UserVisible" Informative="true" SystemDefined="true">true</BooleanAttribute><BooleanAttribute Name="UserReadOnly" Informative="true" SystemDefined="true">true</BooleanAttribute><BooleanAttribute Name="UserDeletable" Informative="true" SystemDefined="true">true</BooleanAttribute></AttributeList></Member>
    <Member Name="ERR_FLT" Datatype="Bool" Remanence="NonRetain" Accessibility="Public"><AttributeList><BooleanAttribute Name="ExternalAccessible" SystemDefined="true">false</BooleanAttribute><BooleanAttribute Name="ExternalVisible" SystemDefined="true">false</BooleanAttribute><BooleanAttribute Name="ExternalWritable" SystemDefined="true">false</BooleanAttribute><BooleanAttribute Name="UserVisible" Informative="true" SystemDefined="true">true</BooleanAttribute><BooleanAttribute Name="UserReadOnly" Informative="true" SystemDefined="true">true</BooleanAttribute><BooleanAttribute Name="UserDeletable" Informative="true" SystemDefined="true">true</BooleanAttribute></AttributeList></Member>
    <Member Name="AUTO_ON" Datatype="Bool" Remanence="NonRetain" Accessibility="Public"><AttributeList><BooleanAttribute Name="ExternalAccessible" SystemDefined="true">false</BooleanAttribute><BooleanAttribute Name="ExternalVisible" SystemDefined="true">false</BooleanAttribute><BooleanAttribute Name="ExternalWritable" SystemDefined="true">false</BooleanAttribute><BooleanAttribute Name="UserVisible" Informative="true" SystemDefined="true">true</BooleanAttribute><BooleanAttribute Name="UserReadOnly" Informative="true" SystemDefined="true">true</BooleanAttribute><BooleanAttribute Name="UserDeletable" Informative="true" SystemDefined="true">true</BooleanAttribute></AttributeList></Member>
    <Member Name="TAP_ON" Datatype="Bool" Remanence="NonRetain" Accessibility="Public"><AttributeList><BooleanAttribute Name="ExternalAccessible" SystemDefined="true">false</BooleanAttribute><BooleanAttribute Name="ExternalVisible" SystemDefined="true">false</BooleanAttribute><BooleanAttribute Name="ExternalWritable" SystemDefined="true">false</BooleanAttribute><BooleanAttribute Name="UserVisible" Informative="true" SystemDefined="true">true</BooleanAttribute><BooleanAttribute Name="UserReadOnly" Informative="true" SystemDefined="true">true</BooleanAttribute><BooleanAttribute Name="UserDeletable" Informative="true" SystemDefined="true">true</BooleanAttribute></AttributeList></Member>
    <Member Name="TOP_ON" Datatype="Bool" Remanence="NonRetain" Accessibility="Public"><AttributeList><BooleanAttribute Name="ExternalAccessible" SystemDefined="true">false</BooleanAttribute><BooleanAttribute Name="ExternalVisible" SystemDefined="true">false</BooleanAttribute><BooleanAttribute Name="ExternalWritable" SystemDefined="true">false</BooleanAttribute><BooleanAttribute Name="UserVisible" Informative="true" SystemDefined="true">true</BooleanAttribute><BooleanAttribute Name="UserReadOnly" Informative="true" SystemDefined="true">true</BooleanAttribute><BooleanAttribute Name="UserDeletable" Informative="true" SystemDefined="true">true</BooleanAttribute></AttributeList></Member>
    <Member Name="MAN_ON" Datatype="Bool" Remanence="NonRetain" Accessibility="Public"><AttributeList><BooleanAttribute Name="ExternalAccessible" SystemDefined="true">false</BooleanAttribute><BooleanAttribute Name="ExternalVisible" SystemDefined="true">false</BooleanAttribute><BooleanAttribute Name="ExternalWritable" SystemDefined="true">false</BooleanAttribute><BooleanAttribute Name="UserVisible" Informative="true" SystemDefined="true">true</BooleanAttribute><BooleanAttribute Name="UserReadOnly" Informative="true" SystemDefined="true">true</BooleanAttribute><BooleanAttribute Name="UserDeletable" Informative="true" SystemDefined="true">true</BooleanAttribute></AttributeList></Member>
  </Section>
  <Section Name="InOut">
    <Member Name="senRecogido" Datatype="Bool" Remanence="NonRetain" Accessibility="Public"><AttributeList><BooleanAttribute Name="ExternalAccessible" SystemDefined="true">true</BooleanAttribute><BooleanAttribute Name="ExternalVisible" SystemDefined="true">true</BooleanAttribute><BooleanAttribute Name="ExternalWritable" SystemDefined="true">true</BooleanAttribute><BooleanAttribute Name="UserVisible" Informative="true" SystemDefined="true">true</BooleanAttribute><BooleanAttribute Name="UserReadOnly" Informative="true" SystemDefined="true">false</BooleanAttribute><BooleanAttribute Name="UserDeletable" Informative="true" SystemDefined="true">true</BooleanAttribute></AttributeList></Member>
    <Member Name="senExtendido" Datatype="Bool" Remanence="NonRetain" Accessibility="Public"><AttributeList><BooleanAttribute Name="ExternalAccessible" SystemDefined="true">true</BooleanAttribute><BooleanAttribute Name="ExternalVisible" SystemDefined="true">true</BooleanAttribute><BooleanAttribute Name="ExternalWritable" SystemDefined="true">true</BooleanAttribute><BooleanAttribute Name="UserVisible" Informative="true" SystemDefined="true">true</BooleanAttribute><BooleanAttribute Name="UserReadOnly" Informative="true" SystemDefined="true">false</BooleanAttribute><BooleanAttribute Name="UserDeletable" Informative="true" SystemDefined="true">true</BooleanAttribute></AttributeList></Member>
  </Section>
  <Section Name="Static">
    <Member Name="RT_DATA" Datatype="G7_RTDataPlus" Version="1.0" Remanence="NonRetain" Accessibility="Public"><AttributeList><BooleanAttribute Name="ExternalAccessible" SystemDefined="true">false</BooleanAttribute><BooleanAttribute Name="ExternalVisible" SystemDefined="true">false</BooleanAttribute><BooleanAttribute Name="ExternalWritable" SystemDefined="true">false</BooleanAttribute><BooleanAttribute Name="UserVisible" Informative="true" SystemDefined="true">true</BooleanAttribute><BooleanAttribute Name="UserReadOnly" Informative="true" SystemDefined="true">true</BooleanAttribute><BooleanAttribute Name="UserDeletable" Informative="true" SystemDefined="true">false</BooleanAttribute><BooleanAttribute Name="SetPoint" SystemDefined="true">true</BooleanAttribute></AttributeList><Sections><Section Name="None"><Member Name="S_DISPLAY" Datatype="Int" /><Member Name="S_SEL_OLD" Datatype="Int" /><Member Name="S_DISPIDX" Datatype="USInt" /><Member Name="T_DISPIDX" Datatype="USInt" /><Member Name="MOP_EDGE" Datatype="G7_MOPPlus" Version="1.0"><Sections><Section Name="None"><Member Name="AUTO" Datatype="Bool" /><Member Name="MAN" Datatype="Bool" /><Member Name="TAP" Datatype="Bool" /><Member Name="TOP" Datatype="Bool" /><Member Name="ACK_S" Datatype="Bool" /><Member Name="REG_S" Datatype="Bool" /><Member Name="T_PREV" Datatype="Bool" /><Member Name="T_NEXT" Datatype="Bool" /><Member Name="LOCK" Datatype="Bool" /><Member Name="SUP" Datatype="Bool" /><Member Name="ACKREQ" Datatype="Bool" /><Member Name="SSKIP" Datatype="Bool" /><Member Name="OFF" Datatype="Bool" /><Member Name="INIT" Datatype="Bool" /><Member Name="HALT" Datatype="Bool" /><Member Name="TMS_HALT" Datatype="Bool" /><Member Name="OPS_ZERO" Datatype="Bool" /><Member Name="SACT_DISP" Datatype="Bool" /><Member Name="SEF_DISP" Datatype="Bool" /><Member Name="SALL_DISP" Datatype="Bool" /><Member Name="S_PREV" Datatype="Bool" /><Member Name="S_NEXT" Datatype="Bool" /><Member Name="S_SELOK" Datatype="Bool" /><Member Name="S_ON" Datatype="Bool" /><Member Name="S_OFF" Datatype="Bool" /><Member Name="T_PUSH" Datatype="Bool" /><Member Name="REG" Datatype="Bool" /><Member Name="ACK" Datatype="Bool" /><Member Name="IL_PERM" Datatype="Bool" /><Member Name="T_PERM" Datatype="Bool" /><Member Name="ILP_MAN" Datatype="Bool" /></Section></Sections></Member><Member Name="MOP" Datatype="G7_MOPPlus" Version="1.0"><Sections><Section Name="None"><Member Name="AUTO" Datatype="Bool" /><Member Name="MAN" Datatype="Bool" /><Member Name="TAP" Datatype="Bool" /><Member Name="TOP" Datatype="Bool" /><Member Name="ACK_S" Datatype="Bool" /><Member Name="REG_S" Datatype="Bool" /><Member Name="T_PREV" Datatype="Bool" /><Member Name="T_NEXT" Datatype="Bool" /><Member Name="LOCK" Datatype="Bool" /><Member Name="SUP" Datatype="Bool" /><Member Name="ACKREQ" Datatype="Bool" /><Member Name="SSKIP" Datatype="Bool" /><Member Name="OFF" Datatype="Bool" /><Member Name="INIT" Datatype="Bool" /><Member Name="HALT" Datatype="Bool" /><Member Name="TMS_HALT" Datatype="Bool" /><Member Name="OPS_ZERO" Datatype="Bool" /><Member Name="SACT_DISP" Datatype="Bool" /><Member Name="SEF_DISP" Datatype="Bool" /><Member Name="SALL_DISP" Datatype="Bool" /><Member Name="S_PREV" Datatype="Bool" /><Member Name="S_NEXT" Datatype="Bool" /><Member Name="S_SELOK" Datatype="Bool" /><Member Name="S_ON" Datatype="Bool" /><Member Name="S_OFF" Datatype="Bool" /><Member Name="T_PUSH" Datatype="Bool" /><Member Name="REG" Datatype="Bool" /><Member Name="ACK" Datatype="Bool" /><Member Name="IL_PERM" Datatype="Bool" /><Member Name="T_PERM" Datatype="Bool" /><Member Name="ILP_MAN" Datatype="Bool" /></Section></Sections></Member><Member Name="TIME_DELTA" Datatype="Time" /><Member Name="SQ_FLAGS" Datatype="G7_SQFlagsPlus" Version="1.0"><Sections><Section Name="None"><Member Name="ERR_FLT" Datatype="Bool" /><Member Name="ERROR" Datatype="Bool" /><Member Name="FAULT" Datatype="Bool" /><Member Name="RT_FAIL" Datatype="Bool" /><Member Name="NO_SNO" Datatype="Bool" /><Member Name="NF_OFL" Datatype="Bool" /><Member Name="SA_OFL" Datatype="Bool" /><Member Name="TV_OFL" Datatype="Bool" /><Member Name="MSG_OFL" Datatype="Bool" /><Member Name="NO_SWI" Datatype="Bool" /><Member Name="CYC_OP" Datatype="Bool" /><Member Name="AS_MSG" Datatype="Bool" /><Member Name="AS_SEND" Datatype="Bool" /><Member Name="SQ_BUSY" Datatype="Bool" /><Member Name="SA_BUSY" Datatype="Bool" /><Member Name="AS_SIG" Datatype="Bool" /></Section></Sections></Member><Member Name="PRE_CNT" Datatype="USInt" /><Member Name="POST_CNT" Datatype="USInt" /><Member Name="SQ_CNT" Datatype="USInt" /><Member Name="S_CNT" Datatype="USInt" /><Member Name="LOCK_CNT" Datatype="USInt" /><Member Name="SUP_CNT" Datatype="USInt" /><Member Name="T_CNT" Datatype="USInt" /><Member Name="SQ_PART_CNT" Datatype="USInt" /><Member Name="MAX_TVAL" Datatype="USInt" /><Member Name="MAX_SACT" Datatype="USInt" /><Member Name="AS_MSG" Datatype="Byte" /><Member Name="EXEC_BITS" Datatype="Array[0..249] of Bool" /><Member Name="OFFSETS" Datatype="G7_OffsetsPlus" Version="1.0"><Sections><Section Name="None"><Member Name="SINI_OFFSET" Datatype="UInt" /><Member Name="LSTT_OFFSET" Datatype="UInt" /><Member Name="ATAJ_OFFSET" Datatype="UInt" /><Member Name="ATAB_OFFSET" Datatype="UInt" /><Member Name="PSTT_OFFSET" Datatype="UInt" /><Member Name="NSTT_OFFSET" Datatype="UInt" /><Member Name="ASSJ_OFFSET" Datatype="UInt" /><Member Name="ASSB_OFFSET" Datatype="UInt" /><Member Name="PTTS_OFFSET" Datatype="UInt" /><Member Name="NTTS_OFFSET" Datatype="UInt" /><Member Name="SW_SQTS_OFFSET" Datatype="UInt" /><Member Name="SWITCH_OFFSET" Datatype="UInt" /><Member Name="TVX_OFFSET" Datatype="UInt" /><Member Name="TTX_OFFSET" Datatype="UInt" /><Member Name="TSX_OFFSET" Datatype="UInt" /><Member Name="S00X_OFFSET" Datatype="UInt" /><Member Name="SOFFX_OFFSET" Datatype="UInt" /><Member Name="SONX_OFFSET" Datatype="UInt" /><Member Name="SAX_OFFSET" Datatype="UInt" /><Member Name="SERRX_OFFSET" Datatype="UInt" /><Member Name="SMX_OFFSET" Datatype="UInt" /><Member Name="S0X_OFFSET" Datatype="UInt" /><Member Name="S1X_OFFSET" Datatype="UInt" /></Section></Sections></Member></Section></Sections></Member>
    <Member Name="Trans1" Datatype="G7_TransitionPlus" Version="1.0" Remanence="NonRetain" Accessibility="Public"><AttributeList><BooleanAttribute Name="ExternalAccessible" SystemDefined="true">false</BooleanAttribute><BooleanAttribute Name="ExternalVisible" SystemDefined="true">false</BooleanAttribute><BooleanAttribute Name="ExternalWritable" SystemDefined="true">false</BooleanAttribute><BooleanAttribute Name="UserVisible" Informative="true" SystemDefined="true">true</BooleanAttribute><BooleanAttribute Name="UserReadOnly" Informative="true" SystemDefined="true">true</BooleanAttribute><BooleanAttribute Name="UserDeletable" Informative="true" SystemDefined="true">false</BooleanAttribute><BooleanAttribute Name="SetPoint" SystemDefined="true">true</BooleanAttribute></AttributeList><Sections><Section Name="None"><Member Name="TV" Datatype="Bool" /><Member Name="TT" Datatype="Bool" /><Member Name="TS" Datatype="Bool" /><Member Name="TNO" Datatype="Int" /></Section></Sections></Member>
    <Member Name="Trans2" Datatype="G7_TransitionPlus" Version="1.0" Remanence="NonRetain" Accessibility="Public"><AttributeList><BooleanAttribute Name="ExternalAccessible" SystemDefined="true">false</BooleanAttribute><BooleanAttribute Name="ExternalVisible" SystemDefined="true">false</BooleanAttribute><BooleanAttribute Name="ExternalWritable" SystemDefined="true">false</BooleanAttribute><BooleanAttribute Name="UserVisible" Informative="true" SystemDefined="true">true</BooleanAttribute><BooleanAttribute Name="UserReadOnly" Informative="true" SystemDefined="true">true</BooleanAttribute><BooleanAttribute Name="UserDeletable" Informative="true" SystemDefined="true">false</BooleanAttribute><BooleanAttribute Name="SetPoint" SystemDefined="true">true</BooleanAttribute></AttributeList><Sections><Section Name="None"><Member Name="TV" Datatype="Bool" /><Member Name="TT" Datatype="Bool" /><Member Name="TS" Datatype="Bool" /><Member Name="TNO" Datatype="Int" /></Section></Sections></Member>
    <Member Name="Trans3" Datatype="G7_TransitionPlus" Version="1.0" Remanence="NonRetain" Accessibility="Public"><AttributeList><BooleanAttribute Name="ExternalAccessible" SystemDefined="true">false</BooleanAttribute><BooleanAttribute Name="ExternalVisible" SystemDefined="true">false</BooleanAttribute><BooleanAttribute Name="ExternalWritable" SystemDefined="true">false</BooleanAttribute><BooleanAttribute Name="UserVisible" Informative="true" SystemDefined="true">true</BooleanAttribute><BooleanAttribute Name="UserReadOnly" Informative="true" SystemDefined="true">true</BooleanAttribute><BooleanAttribute Name="UserDeletable" Informative="true" SystemDefined="true">false</BooleanAttribute><BooleanAttribute Name="SetPoint" SystemDefined="true">true</BooleanAttribute></AttributeList><Sections><Section Name="None"><Member Name="TV" Datatype="Bool" /><Member Name="TT" Datatype="Bool" /><Member Name="TS" Datatype="Bool" /><Member Name="TNO" Datatype="Int" /></Section></Sections></Member>
    <Member Name="Trans4" Datatype="G7_TransitionPlus" Version="1.0" Remanence="NonRetain" Accessibility="Public"><AttributeList><BooleanAttribute Name="ExternalAccessible" SystemDefined="true">false</BooleanAttribute><BooleanAttribute Name="ExternalVisible" SystemDefined="true">false</BooleanAttribute><BooleanAttribute Name="ExternalWritable" SystemDefined="true">false</BooleanAttribute><BooleanAttribute Name="UserVisible" Informative="true" SystemDefined="true">true</BooleanAttribute><BooleanAttribute Name="UserReadOnly" Informative="true" SystemDefined="true">true</BooleanAttribute><BooleanAttribute Name="UserDeletable" Informative="true" SystemDefined="true">false</BooleanAttribute><BooleanAttribute Name="SetPoint" SystemDefined="true">true</BooleanAttribute></AttributeList><Sections><Section Name="None"><Member Name="TV" Datatype="Bool" /><Member Name="TT" Datatype="Bool" /><Member Name="TS" Datatype="Bool" /><Member Name="TNO" Datatype="Int" /></Section></Sections></Member>
    <Member Name="Trans5" Datatype="G7_TransitionPlus" Version="1.0" Remanence="NonRetain" Accessibility="Public"><AttributeList><BooleanAttribute Name="ExternalAccessible" SystemDefined="true">false</BooleanAttribute><BooleanAttribute Name="ExternalVisible" SystemDefined="true">false</BooleanAttribute><BooleanAttribute Name="ExternalWritable" SystemDefined="true">false</BooleanAttribute><BooleanAttribute Name="UserVisible" Informative="true" SystemDefined="true">true</BooleanAttribute><BooleanAttribute Name="UserReadOnly" Informative="true" SystemDefined="true">true</BooleanAttribute><BooleanAttribute Name="UserDeletable" Informative="true" SystemDefined="true">false</BooleanAttribute><BooleanAttribute Name="SetPoint" SystemDefined="true">true</BooleanAttribute></AttributeList><Sections><Section Name="None"><Member Name="TV" Datatype="Bool" /><Member Name="TT" Datatype="Bool" /><Member Name="TS" Datatype="Bool" /><Member Name="TNO" Datatype="Int" /></Section></Sections></Member>
    <Member Name="Trans6" Datatype="G7_TransitionPlus" Version="1.0" Remanence="NonRetain" Accessibility="Public"><AttributeList><BooleanAttribute Name="ExternalAccessible" SystemDefined="true">false</BooleanAttribute><BooleanAttribute Name="ExternalVisible" SystemDefined="true">false</BooleanAttribute><BooleanAttribute Name="ExternalWritable" SystemDefined="true">false</BooleanAttribute><BooleanAttribute Name="UserVisible" Informative="true" SystemDefined="true">true</BooleanAttribute><BooleanAttribute Name="UserReadOnly" Informative="true" SystemDefined="true">true</BooleanAttribute><BooleanAttribute Name="UserDeletable" Informative="true" SystemDefined="true">false</BooleanAttribute><BooleanAttribute Name="SetPoint" SystemDefined="true">true</BooleanAttribute></AttributeList><Sections><Section Name="None"><Member Name="TV" Datatype="Bool" /><Member Name="TT" Datatype="Bool" /><Member Name="TS" Datatype="Bool" /><Member Name="TNO" Datatype="Int" /></Section></Sections></Member>
    <Member Name="Trans7" Datatype="G7_TransitionPlus" Version="1.0" Remanence="NonRetain" Accessibility="Public"><AttributeList><BooleanAttribute Name="ExternalAccessible" SystemDefined="true">false</BooleanAttribute><BooleanAttribute Name="ExternalVisible" SystemDefined="true">false</BooleanAttribute><BooleanAttribute Name="ExternalWritable" SystemDefined="true">false</BooleanAttribute><BooleanAttribute Name="UserVisible" Informative="true" SystemDefined="true">true</BooleanAttribute><BooleanAttribute Name="UserReadOnly" Informative="true" SystemDefined="true">true</BooleanAttribute><BooleanAttribute Name="UserDeletable" Informative="true" SystemDefined="true">false</BooleanAttribute><BooleanAttribute Name="SetPoint" SystemDefined="true">true</BooleanAttribute></AttributeList><Sections><Section Name="None"><Member Name="TV" Datatype="Bool" /><Member Name="TT" Datatype="Bool" /><Member Name="TS" Datatype="Bool" /><Member Name="TNO" Datatype="Int" /></Section></Sections></Member>
    <Member Name="Trans8" Datatype="G7_TransitionPlus" Version="1.0" Remanence="NonRetain" Accessibility="Public"><AttributeList><BooleanAttribute Name="ExternalAccessible" SystemDefined="true">false</BooleanAttribute><BooleanAttribute Name="ExternalVisible" SystemDefined="true">false</BooleanAttribute><BooleanAttribute Name="ExternalWritable" SystemDefined="true">false</BooleanAttribute><BooleanAttribute Name="UserVisible" Informative="true" SystemDefined="true">true</BooleanAttribute><BooleanAttribute Name="UserReadOnly" Informative="true" SystemDefined="true">true</BooleanAttribute><BooleanAttribute Name="UserDeletable" Informative="true" SystemDefined="true">false</BooleanAttribute><BooleanAttribute Name="SetPoint" SystemDefined="true">true</BooleanAttribute></AttributeList><Sections><Section Name="None"><Member Name="TV" Datatype="Bool" /><Member Name="TT" Datatype="Bool" /><Member Name="TS" Datatype="Bool" /><Member Name="TNO" Datatype="Int" /></Section></Sections></Member>
    <Member Name="Trans9" Datatype="G7_TransitionPlus" Version="1.0" Remanence="NonRetain" Accessibility="Public"><AttributeList><BooleanAttribute Name="ExternalAccessible" SystemDefined="true">false</BooleanAttribute><BooleanAttribute Name="ExternalVisible" SystemDefined="true">false</BooleanAttribute><BooleanAttribute Name="ExternalWritable" SystemDefined="true">false</BooleanAttribute><BooleanAttribute Name="UserVisible" Informative="true" SystemDefined="true">true</BooleanAttribute><BooleanAttribute Name="UserReadOnly" Informative="true" SystemDefined="true">true</BooleanAttribute><BooleanAttribute Name="UserDeletable" Informative="true" SystemDefined="true">false</BooleanAttribute><BooleanAttribute Name="SetPoint" SystemDefined="true">true</BooleanAttribute></AttributeList><Sections><Section Name="None"><Member Name="TV" Datatype="Bool" /><Member Name="TT" Datatype="Bool" /><Member Name="TS" Datatype="Bool" /><Member Name="TNO" Datatype="Int" /></Section></Sections></Member>
    <Member Name="Trans10" Datatype="G7_TransitionPlus" Version="1.0" Remanence="NonRetain" Accessibility="Public"><AttributeList><BooleanAttribute Name="ExternalAccessible" SystemDefined="true">false</BooleanAttribute><BooleanAttribute Name="ExternalVisible" SystemDefined="true">false</BooleanAttribute><BooleanAttribute Name="ExternalWritable" SystemDefined="true">false</BooleanAttribute><BooleanAttribute Name="UserVisible" Informative="true" SystemDefined="true">true</BooleanAttribute><BooleanAttribute Name="UserReadOnly" Informative="true" SystemDefined="true">true</BooleanAttribute><BooleanAttribute Name="UserDeletable" Informative="true" SystemDefined="true">false</BooleanAttribute><BooleanAttribute Name="SetPoint" SystemDefined="true">true</BooleanAttribute></AttributeList><Sections><Section Name="None"><Member Name="TV" Datatype="Bool" /><Member Name="TT" Datatype="Bool" /><Member Name="TS" Datatype="Bool" /><Member Name="TNO" Datatype="Int" /></Section></Sections></Member>
    <Member Name="Trans11" Datatype="G7_TransitionPlus" Version="1.0" Remanence="NonRetain" Accessibility="Public"><AttributeList><BooleanAttribute Name="ExternalAccessible" SystemDefined="true">false</BooleanAttribute><BooleanAttribute Name="ExternalVisible" SystemDefined="true">false</BooleanAttribute><BooleanAttribute Name="ExternalWritable" SystemDefined="true">false</BooleanAttribute><BooleanAttribute Name="UserVisible" Informative="true" SystemDefined="true">true</BooleanAttribute><BooleanAttribute Name="UserReadOnly" Informative="true" SystemDefined="true">true</BooleanAttribute><BooleanAttribute Name="UserDeletable" Informative="true" SystemDefined="true">false</BooleanAttribute><BooleanAttribute Name="SetPoint" SystemDefined="true">true</BooleanAttribute></AttributeList><Sections><Section Name="None"><Member Name="TV" Datatype="Bool" /><Member Name="TT" Datatype="Bool" /><Member Name="TS" Datatype="Bool" /><Member Name="TNO" Datatype="Int" /></Section></Sections></Member>
    <Member Name="Trans12" Datatype="G7_TransitionPlus" Version="1.0" Remanence="NonRetain" Accessibility="Public"><AttributeList><BooleanAttribute Name="ExternalAccessible" SystemDefined="true">false</BooleanAttribute><BooleanAttribute Name="ExternalVisible" SystemDefined="true">false</BooleanAttribute><BooleanAttribute Name="ExternalWritable" SystemDefined="true">false</BooleanAttribute><BooleanAttribute Name="UserVisible" Informative="true" SystemDefined="true">true</BooleanAttribute><BooleanAttribute Name="UserReadOnly" Informative="true" SystemDefined="true">true</BooleanAttribute><BooleanAttribute Name="UserDeletable" Informative="true" SystemDefined="true">false</BooleanAttribute><BooleanAttribute Name="SetPoint" SystemDefined="true">true</BooleanAttribute></AttributeList><Sections><Section Name="None"><Member Name="TV" Datatype="Bool" /><Member Name="TT" Datatype="Bool" /><Member Name="TS" Datatype="Bool" /><Member Name="TNO" Datatype="Int" /></Section></Sections></Member>
    <Member Name="Trans13" Datatype="G7_TransitionPlus" Version="1.0" Remanence="NonRetain" Accessibility="Public"><AttributeList><BooleanAttribute Name="ExternalAccessible" SystemDefined="true">false</BooleanAttribute><BooleanAttribute Name="ExternalVisible" SystemDefined="true">false</BooleanAttribute><BooleanAttribute Name="ExternalWritable" SystemDefined="true">false</BooleanAttribute><BooleanAttribute Name="UserVisible" Informative="true" SystemDefined="true">true</BooleanAttribute><BooleanAttribute Name="UserReadOnly" Informative="true" SystemDefined="true">true</BooleanAttribute><BooleanAttribute Name="UserDeletable" Informative="true" SystemDefined="true">false</BooleanAttribute><BooleanAttribute Name="SetPoint" SystemDefined="true">true</BooleanAttribute></AttributeList><Sections><Section Name="None"><Member Name="TV" Datatype="Bool" /><Member Name="TT" Datatype="Bool" /><Member Name="TS" Datatype="Bool" /><Member Name="TNO" Datatype="Int" /></Section></Sections></Member>
    <Member Name="Trans14" Datatype="G7_TransitionPlus" Version="1.0" Remanence="NonRetain" Accessibility="Public"><AttributeList><BooleanAttribute Name="ExternalAccessible" SystemDefined="true">false</BooleanAttribute><BooleanAttribute Name="ExternalVisible" SystemDefined="true">false</BooleanAttribute><BooleanAttribute Name="ExternalWritable" SystemDefined="true">false</BooleanAttribute><BooleanAttribute Name="UserVisible" Informative="true" SystemDefined="true">true</BooleanAttribute><BooleanAttribute Name="UserReadOnly" Informative="true" SystemDefined="true">true</BooleanAttribute><BooleanAttribute Name="UserDeletable" Informative="true" SystemDefined="true">false</BooleanAttribute><BooleanAttribute Name="SetPoint" SystemDefined="true">true</BooleanAttribute></AttributeList><Sections><Section Name="None"><Member Name="TV" Datatype="Bool" /><Member Name="TT" Datatype="Bool" /><Member Name="TS" Datatype="Bool" /><Member Name="TNO" Datatype="Int" /></Section></Sections></Member>
    <Member Name="X100" Datatype="G7_StepPlus" Version="1.0" Remanence="NonRetain" Accessibility="Public"><AttributeList><BooleanAttribute Name="ExternalAccessible" SystemDefined="true">false</BooleanAttribute><BooleanAttribute Name="ExternalVisible" SystemDefined="true">false</BooleanAttribute><BooleanAttribute Name="ExternalWritable" SystemDefined="true">false</BooleanAttribute><BooleanAttribute Name="UserVisible" Informative="true" SystemDefined="true">true</BooleanAttribute><BooleanAttribute Name="UserReadOnly" Informative="true" SystemDefined="true">true</BooleanAttribute><BooleanAttribute Name="UserDeletable" Informative="true" SystemDefined="true">false</BooleanAttribute><BooleanAttribute Name="SetPoint" SystemDefined="true">true</BooleanAttribute></AttributeList><Sections><Section Name="None"><Member Name="S1" Datatype="Bool" /><Member Name="L1" Datatype="Bool" /><Member Name="V1" Datatype="Bool" /><Member Name="R1" Datatype="Bool" /><Member Name="A1" Datatype="Bool" /><Member Name="S0" Datatype="Bool" /><Member Name="L0" Datatype="Bool" /><Member Name="V0" Datatype="Bool" /><Member Name="X" Datatype="Bool" /><Member Name="LA" Datatype="Bool" /><Member Name="VA" Datatype="Bool" /><Member Name="RA" Datatype="Bool" /><Member Name="AA" Datatype="Bool" /><Member Name="SS" Datatype="Bool" /><Member Name="LS" Datatype="Bool" /><Member Name="VS" Datatype="Bool" /><Member Name="SNO" Datatype="Int" /><Member Name="T" Datatype="Time" /><Member Name="U" Datatype="Time" /><Member Name="SM" Datatype="Bool" /><Member Name="H_IL_ERR" Datatype="Byte" /><Member Name="H_SV_FLT" Datatype="Byte" /></Section></Sections></Member>
    <Member Name="X101" Datatype="G7_StepPlus" Version="1.0" Remanence="NonRetain" Accessibility="Public"><AttributeList><BooleanAttribute Name="ExternalAccessible" SystemDefined="true">false</BooleanAttribute><BooleanAttribute Name="ExternalVisible" SystemDefined="true">false</BooleanAttribute><BooleanAttribute Name="ExternalWritable" SystemDefined="true">false</BooleanAttribute><BooleanAttribute Name="UserVisible" Informative="true" SystemDefined="true">true</BooleanAttribute><BooleanAttribute Name="UserReadOnly" Informative="true" SystemDefined="true">true</BooleanAttribute><BooleanAttribute Name="UserDeletable" Informative="true" SystemDefined="true">false</BooleanAttribute><BooleanAttribute Name="SetPoint" SystemDefined="true">true</BooleanAttribute></AttributeList><Sections><Section Name="None"><Member Name="S1" Datatype="Bool" /><Member Name="L1" Datatype="Bool" /><Member Name="V1" Datatype="Bool" /><Member Name="R1" Datatype="Bool" /><Member Name="A1" Datatype="Bool" /><Member Name="S0" Datatype="Bool" /><Member Name="L0" Datatype="Bool" /><Member Name="V0" Datatype="Bool" /><Member Name="X" Datatype="Bool" /><Member Name="LA" Datatype="Bool" /><Member Name="VA" Datatype="Bool" /><Member Name="RA" Datatype="Bool" /><Member Name="AA" Datatype="Bool" /><Member Name="SS" Datatype="Bool" /><Member Name="LS" Datatype="Bool" /><Member Name="VS" Datatype="Bool" /><Member Name="SNO" Datatype="Int" /><Member Name="T" Datatype="Time" /><Member Name="U" Datatype="Time" /><Member Name="SM" Datatype="Bool" /><Member Name="H_IL_ERR" Datatype="Byte" /><Member Name="H_SV_FLT" Datatype="Byte" /></Section></Sections></Member>
    <Member Name="X103" Datatype="G7_StepPlus" Version="1.0" Remanence="NonRetain" Accessibility="Public"><AttributeList><BooleanAttribute Name="ExternalAccessible" SystemDefined="true">false</BooleanAttribute><BooleanAttribute Name="ExternalVisible" SystemDefined="true">false</BooleanAttribute><BooleanAttribute Name="ExternalWritable" SystemDefined="true">false</BooleanAttribute><BooleanAttribute Name="UserVisible" Informative="true" SystemDefined="true">true</BooleanAttribute><BooleanAttribute Name="UserReadOnly" Informative="true" SystemDefined="true">true</BooleanAttribute><BooleanAttribute Name="UserDeletable" Informative="true" SystemDefined="true">false</BooleanAttribute><BooleanAttribute Name="SetPoint" SystemDefined="true">true</BooleanAttribute></AttributeList><Sections><Section Name="None"><Member Name="S1" Datatype="Bool" /><Member Name="L1" Datatype="Bool" /><Member Name="V1" Datatype="Bool" /><Member Name="R1" Datatype="Bool" /><Member Name="A1" Datatype="Bool" /><Member Name="S0" Datatype="Bool" /><Member Name="L0" Datatype="Bool" /><Member Name="V0" Datatype="Bool" /><Member Name="X" Datatype="Bool" /><Member Name="LA" Datatype="Bool" /><Member Name="VA" Datatype="Bool" /><Member Name="RA" Datatype="Bool" /><Member Name="AA" Datatype="Bool" /><Member Name="SS" Datatype="Bool" /><Member Name="LS" Datatype="Bool" /><Member Name="VS" Datatype="Bool" /><Member Name="SNO" Datatype="Int" /><Member Name="T" Datatype="Time" /><Member Name="U" Datatype="Time" /><Member Name="SM" Datatype="Bool" /><Member Name="H_IL_ERR" Datatype="Byte" /><Member Name="H_SV_FLT" Datatype="Byte" /></Section></Sections></Member>
    <Member Name="X105" Datatype="G7_StepPlus" Version="1.0" Remanence="NonRetain" Accessibility="Public"><AttributeList><BooleanAttribute Name="ExternalAccessible" SystemDefined="true">false</BooleanAttribute><BooleanAttribute Name="ExternalVisible" SystemDefined="true">false</BooleanAttribute><BooleanAttribute Name="ExternalWritable" SystemDefined="true">false</BooleanAttribute><BooleanAttribute Name="UserVisible" Informative="true" SystemDefined="true">true</BooleanAttribute><BooleanAttribute Name="UserReadOnly" Informative="true" SystemDefined="true">true</BooleanAttribute><BooleanAttribute Name="UserDeletable" Informative="true" SystemDefined="true">false</BooleanAttribute><BooleanAttribute Name="SetPoint" SystemDefined="true">true</BooleanAttribute></AttributeList><Sections><Section Name="None"><Member Name="S1" Datatype="Bool" /><Member Name="L1" Datatype="Bool" /><Member Name="V1" Datatype="Bool" /><Member Name="R1" Datatype="Bool" /><Member Name="A1" Datatype="Bool" /><Member Name="S0" Datatype="Bool" /><Member Name="L0" Datatype="Bool" /><Member Name="V0" Datatype="Bool" /><Member Name="X" Datatype="Bool" /><Member Name="LA" Datatype="Bool" /><Member Name="VA" Datatype="Bool" /><Member Name="RA" Datatype="Bool" /><Member Name="AA" Datatype="Bool" /><Member Name="SS" Datatype="Bool" /><Member Name="LS" Datatype="Bool" /><Member Name="VS" Datatype="Bool" /><Member Name="SNO" Datatype="Int" /><Member Name="T" Datatype="Time" /><Member Name="U" Datatype="Time" /><Member Name="SM" Datatype="Bool" /><Member Name="H_IL_ERR" Datatype="Byte" /><Member Name="H_SV_FLT" Datatype="Byte" /></Section></Sections></Member>
    <Member Name="X107" Datatype="G7_StepPlus" Version="1.0" Remanence="NonRetain" Accessibility="Public"><AttributeList><BooleanAttribute Name="ExternalAccessible" SystemDefined="true">false</BooleanAttribute><BooleanAttribute Name="ExternalVisible" SystemDefined="true">false</BooleanAttribute><BooleanAttribute Name="ExternalWritable" SystemDefined="true">false</BooleanAttribute><BooleanAttribute Name="UserVisible" Informative="true" SystemDefined="true">true</BooleanAttribute><BooleanAttribute Name="UserReadOnly" Informative="true" SystemDefined="true">true</BooleanAttribute><BooleanAttribute Name="UserDeletable" Informative="true" SystemDefined="true">false</BooleanAttribute><BooleanAttribute Name="SetPoint" SystemDefined="true">true</BooleanAttribute></AttributeList><Sections><Section Name="None"><Member Name="S1" Datatype="Bool" /><Member Name="L1" Datatype="Bool" /><Member Name="V1" Datatype="Bool" /><Member Name="R1" Datatype="Bool" /><Member Name="A1" Datatype="Bool" /><Member Name="S0" Datatype="Bool" /><Member Name="L0" Datatype="Bool" /><Member Name="V0" Datatype="Bool" /><Member Name="X" Datatype="Bool" /><Member Name="LA" Datatype="Bool" /><Member Name="VA" Datatype="Bool" /><Member Name="RA" Datatype="Bool" /><Member Name="AA" Datatype="Bool" /><Member Name="SS" Datatype="Bool" /><Member Name="LS" Datatype="Bool" /><Member Name="VS" Datatype="Bool" /><Member Name="SNO" Datatype="Int" /><Member Name="T" Datatype="Time" /><Member Name="U" Datatype="Time" /><Member Name="SM" Datatype="Bool" /><Member Name="H_IL_ERR" Datatype="Byte" /><Member Name="H_SV_FLT" Datatype="Byte" /></Section></Sections></Member>
    <Member Name="X102" Datatype="G7_StepPlus" Version="1.0" Remanence="NonRetain" Accessibility="Public"><AttributeList><BooleanAttribute Name="ExternalAccessible" SystemDefined="true">false</BooleanAttribute><BooleanAttribute Name="ExternalVisible" SystemDefined="true">false</BooleanAttribute><BooleanAttribute Name="ExternalWritable" SystemDefined="true">false</BooleanAttribute><BooleanAttribute Name="UserVisible" Informative="true" SystemDefined="true">true</BooleanAttribute><BooleanAttribute Name="UserReadOnly" Informative="true" SystemDefined="true">true</BooleanAttribute><BooleanAttribute Name="UserDeletable" Informative="true" SystemDefined="true">false</BooleanAttribute><BooleanAttribute Name="SetPoint" SystemDefined="true">true</BooleanAttribute></AttributeList><Sections><Section Name="None"><Member Name="S1" Datatype="Bool" /><Member Name="L1" Datatype="Bool" /><Member Name="V1" Datatype="Bool" /><Member Name="R1" Datatype="Bool" /><Member Name="A1" Datatype="Bool" /><Member Name="S0" Datatype="Bool" /><Member Name="L0" Datatype="Bool" /><Member Name="V0" Datatype="Bool" /><Member Name="X" Datatype="Bool" /><Member Name="LA" Datatype="Bool" /><Member Name="VA" Datatype="Bool" /><Member Name="RA" Datatype="Bool" /><Member Name="AA" Datatype="Bool" /><Member Name="SS" Datatype="Bool" /><Member Name="LS" Datatype="Bool" /><Member Name="VS" Datatype="Bool" /><Member Name="SNO" Datatype="Int" /><Member Name="T" Datatype="Time" /><Member Name="U" Datatype="Time" /><Member Name="SM" Datatype="Bool" /><Member Name="H_IL_ERR" Datatype="Byte" /><Member Name="H_SV_FLT" Datatype="Byte" /></Section></Sections></Member>
    <Member Name="X104" Datatype="G7_StepPlus" Version="1.0" Remanence="NonRetain" Accessibility="Public"><AttributeList><BooleanAttribute Name="ExternalAccessible" SystemDefined="true">false</BooleanAttribute><BooleanAttribute Name="ExternalVisible" SystemDefined="true">false</BooleanAttribute><BooleanAttribute Name="ExternalWritable" SystemDefined="true">false</BooleanAttribute><BooleanAttribute Name="UserVisible" Informative="true" SystemDefined="true">true</BooleanAttribute><BooleanAttribute Name="UserReadOnly" Informative="true" SystemDefined="true">true</BooleanAttribute><BooleanAttribute Name="UserDeletable" Informative="true" SystemDefined="true">false</BooleanAttribute><BooleanAttribute Name="SetPoint" SystemDefined="true">true</BooleanAttribute></AttributeList><Sections><Section Name="None"><Member Name="S1" Datatype="Bool" /><Member Name="L1" Datatype="Bool" /><Member Name="V1" Datatype="Bool" /><Member Name="R1" Datatype="Bool" /><Member Name="A1" Datatype="Bool" /><Member Name="S0" Datatype="Bool" /><Member Name="L0" Datatype="Bool" /><Member Name="V0" Datatype="Bool" /><Member Name="X" Datatype="Bool" /><Member Name="LA" Datatype="Bool" /><Member Name="VA" Datatype="Bool" /><Member Name="RA" Datatype="Bool" /><Member Name="AA" Datatype="Bool" /><Member Name="SS" Datatype="Bool" /><Member Name="LS" Datatype="Bool" /><Member Name="VS" Datatype="Bool" /><Member Name="SNO" Datatype="Int" /><Member Name="T" Datatype="Time" /><Member Name="U" Datatype="Time" /><Member Name="SM" Datatype="Bool" /><Member Name="H_IL_ERR" Datatype="Byte" /><Member Name="H_SV_FLT" Datatype="Byte" /></Section></Sections></Member>
    <Member Name="X106" Datatype="G7_StepPlus" Version="1.0" Remanence="NonRetain" Accessibility="Public"><AttributeList><BooleanAttribute Name="ExternalAccessible" SystemDefined="true">false</BooleanAttribute><BooleanAttribute Name="ExternalVisible" SystemDefined="true">false</BooleanAttribute><BooleanAttribute Name="ExternalWritable" SystemDefined="true">false</BooleanAttribute><BooleanAttribute Name="UserVisible" Informative="true" SystemDefined="true">true</BooleanAttribute><BooleanAttribute Name="UserReadOnly" Informative="true" SystemDefined="true">true</BooleanAttribute><BooleanAttribute Name="UserDeletable" Informative="true" SystemDefined="true">false</BooleanAttribute><BooleanAttribute Name="SetPoint" SystemDefined="true">true</BooleanAttribute></AttributeList><Sections><Section Name="None"><Member Name="S1" Datatype="Bool" /><Member Name="L1" Datatype="Bool" /><Member Name="V1" Datatype="Bool" /><Member Name="R1" Datatype="Bool" /><Member Name="A1" Datatype="Bool" /><Member Name="S0" Datatype="Bool" /><Member Name="L0" Datatype="Bool" /><Member Name="V0" Datatype="Bool" /><Member Name="X" Datatype="Bool" /><Member Name="LA" Datatype="Bool" /><Member Name="VA" Datatype="Bool" /><Member Name="RA" Datatype="Bool" /><Member Name="AA" Datatype="Bool" /><Member Name="SS" Datatype="Bool" /><Member Name="LS" Datatype="Bool" /><Member Name="VS" Datatype="Bool" /><Member Name="SNO" Datatype="Int" /><Member Name="T" Datatype="Time" /><Member Name="U" Datatype="Time" /><Member Name="SM" Datatype="Bool" /><Member Name="H_IL_ERR" Datatype="Byte" /><Member Name="H_SV_FLT" Datatype="Byte" /></Section></Sections></Member>
    <Member Name="X108" Datatype="G7_StepPlus" Version="1.0" Remanence="NonRetain" Accessibility="Public"><AttributeList><BooleanAttribute Name="ExternalAccessible" SystemDefined="true">false</BooleanAttribute><BooleanAttribute Name="ExternalVisible" SystemDefined="true">false</BooleanAttribute><BooleanAttribute Name="ExternalWritable" SystemDefined="true">false</BooleanAttribute><BooleanAttribute Name="UserVisible" Informative="true" SystemDefined="true">true</BooleanAttribute><BooleanAttribute Name="UserReadOnly" Informative="true" SystemDefined="true">true</BooleanAttribute><BooleanAttribute Name="UserDeletable" Informative="true" SystemDefined="true">false</BooleanAttribute><BooleanAttribute Name="SetPoint" SystemDefined="true">true</BooleanAttribute></AttributeList><Sections><Section Name="None"><Member Name="S1" Datatype="Bool" /><Member Name="L1" Datatype="Bool" /><Member Name="V1" Datatype="Bool" /><Member Name="R1" Datatype="Bool" /><Member Name="A1" Datatype="Bool" /><Member Name="S0" Datatype="Bool" /><Member Name="L0" Datatype="Bool" /><Member Name="V0" Datatype="Bool" /><Member Name="X" Datatype="Bool" /><Member Name="LA" Datatype="Bool" /><Member Name="VA" Datatype="Bool" /><Member Name="RA" Datatype="Bool" /><Member Name="AA" Datatype="Bool" /><Member Name="SS" Datatype="Bool" /><Member Name="LS" Datatype="Bool" /><Member Name="VS" Datatype="Bool" /><Member Name="SNO" Datatype="Int" /><Member Name="T" Datatype="Time" /><Member Name="U" Datatype="Time" /><Member Name="SM" Datatype="Bool" /><Member Name="H_IL_ERR" Datatype="Byte" /><Member Name="H_SV_FLT" Datatype="Byte" /></Section></Sections></Member>
  </Section>
</Sections></Interface>
      <InterfaceModifiedDate ReadOnly="true">2023-08-11T14:38:02.9890725Z</InterfaceModifiedDate>
      <IsConsistent ReadOnly="true">true</IsConsistent>
      <IsKnowHowProtected ReadOnly="true">false</IsKnowHowProtected>
      <MemoryLayout ReadOnly="true">Optimized</MemoryLayout>
      <ModifiedDate ReadOnly="true">2023-08-11T14:38:06.7309076Z</ModifiedDate>
      <Name>GCilin_D_DB</Name>
      <Number>210</Number>
      <ParameterModified ReadOnly="true">2019-10-06T12:23:05.5897001Z</ParameterModified>
      <ProgrammingLanguage>DB</ProgrammingLanguage>
      <StructureModified ReadOnly="true">2022-12-02T10:24:06.5723109Z</StructureModified>
      <UDABlockProperties ReadOnly="true" />
      <UDAEnableTagReadback ReadOnly="true">false</UDAEnableTagReadback>
    </AttributeList>
    <ObjectList>
      <MultilingualText ID="1" CompositionName="Comment">
        <ObjectList>
          <MultilingualTextItem ID="2" CompositionName="Items">
            <AttributeList>
              <Culture>es-ES</Culture>
              <Text />
            </AttributeList>
          </MultilingualTextItem>
          <MultilingualTextItem ID="3" CompositionName="Items">
            <AttributeList>
              <Culture>de-DE</Culture>
              <Text />
            </AttributeList>
          </MultilingualTextItem>
          <MultilingualTextItem ID="4" CompositionName="Items">
            <AttributeList>
              <Culture>en-US</Culture>
              <Text />
            </AttributeList>
          </MultilingualTextItem>
          <MultilingualTextItem ID="5" CompositionName="Items">
            <AttributeList>
              <Culture>fr-FR</Culture>
              <Text />
            </AttributeList>
          </MultilingualTextItem>
          <MultilingualTextItem ID="6" CompositionName="Items">
            <AttributeList>
              <Culture>it-IT</Culture>
              <Text />
            </AttributeList>
          </MultilingualTextItem>
          <MultilingualTextItem ID="7" CompositionName="Items">
            <AttributeList>
              <Culture>zh-CN</Culture>
              <Text />
            </AttributeList>
          </MultilingualTextItem>
          <MultilingualTextItem ID="8" CompositionName="Items">
            <AttributeList>
              <Culture>ja-JP</Culture>
              <Text />
            </AttributeList>
          </MultilingualTextItem>
        </ObjectList>
      </MultilingualText>
      <MultilingualText ID="9" CompositionName="Title">
        <ObjectList>
          <MultilingualTextItem ID="A" CompositionName="Items">
            <AttributeList>
              <Culture>es-ES</Culture>
              <Text />
            </AttributeList>
          </MultilingualTextItem>
          <MultilingualTextItem ID="B" CompositionName="Items">
            <AttributeList>
              <Culture>de-DE</Culture>
              <Text />
            </AttributeList>
          </MultilingualTextItem>
          <MultilingualTextItem ID="C" CompositionName="Items">
            <AttributeList>
              <Culture>en-US</Culture>
              <Text />
            </AttributeList>
          </MultilingualTextItem>
          <MultilingualTextItem ID="D" CompositionName="Items">
            <AttributeList>
              <Culture>fr-FR</Culture>
              <Text />
            </AttributeList>
          </MultilingualTextItem>
          <MultilingualTextItem ID="E" CompositionName="Items">
            <AttributeList>
              <Culture>it-IT</Culture>
              <Text />
            </AttributeList>
          </MultilingualTextItem>
          <MultilingualTextItem ID="F" CompositionName="Items">
            <AttributeList>
              <Culture>zh-CN</Culture>
              <Text />
            </AttributeList>
          </MultilingualTextItem>
          <MultilingualTextItem ID="10" CompositionName="Items">
            <AttributeList>
              <Culture>ja-JP</Culture>
              <Text />
            </AttributeList>
          </MultilingualTextItem>
        </ObjectList>
      </MultilingualText>
    </ObjectList>
  </SW.Blocks.InstanceDB>
</Document>