﻿<?xml version="1.0" encoding="utf-8"?>
<Document>
  <Engineering version="V17" />
  <DocumentInfo>
    <Created>2024-05-15T17:44:19.1268776Z</Created>
    <ExportSetting>WithDefaults, WithReadOnly</ExportSetting>
    <InstalledProducts>
      <Product>
        <DisplayName>Totally Integrated Automation Portal</DisplayName>
        <DisplayVersion>V17</DisplayVersion>
      </Product>
      <OptionPackage>
        <DisplayName>TIA Portal Openness</DisplayName>
        <DisplayVersion>V17</DisplayVersion>
      </OptionPackage>
      <OptionPackage>
        <DisplayName>TIA Portal Version Control Interface</DisplayName>
        <DisplayVersion>V17</DisplayVersion>
      </OptionPackage>
      <Product>
        <DisplayName>STEP 7 Professional</DisplayName>
        <DisplayVersion>V17</DisplayVersion>
      </Product>
      <OptionPackage>
        <DisplayName>STEP 7 Safety</DisplayName>
        <DisplayVersion>V17</DisplayVersion>
      </OptionPackage>
      <Product>
        <DisplayName>WinCC Advanced</DisplayName>
        <DisplayVersion>V17</DisplayVersion>
      </Product>
    </InstalledProducts>
  </DocumentInfo>
  <SW.Blocks.FB ID="0">
    <AttributeList>
      <AcknowledgeErrorsRequired>true</AcknowledgeErrorsRequired>
      <AutoNumber>true</AutoNumber>
      <CodeModifiedDate ReadOnly="true">2024-02-15T11:57:05.3083365Z</CodeModifiedDate>
      <CompileDate ReadOnly="true">2024-02-15T11:57:05.3083365Z</CompileDate>
      <CreationDate ReadOnly="true">2023-08-09T07:12:43.4442383Z</CreationDate>
      <GraphVersion>2.0</GraphVersion>
      <HandleErrorsWithinBlock ReadOnly="true">false</HandleErrorsWithinBlock>
      <HeaderAuthor />
      <HeaderFamily />
      <HeaderName />
      <HeaderVersion>0.1</HeaderVersion>
      <Interface><Sections xmlns="http://www.siemens.com/automation/Openness/SW/Interface/v5">
  <Section Name="Base">
    <Sections Datatype="GRAPH_BASE" Version="1.0">
      <Section Name="Input" />
      <Section Name="Output" />
      <Section Name="InOut" />
      <Section Name="Static">
        <Member Name="OFF_SQ_BASE" Datatype="Bool" />
      </Section>
    </Sections>
  </Section>
  <Section Name="Input">
    <Member Name="CG_SolModoAuto" Datatype="Bool" Remanence="NonRetain" Accessibility="Public"><AttributeList><BooleanAttribute Name="ExternalAccessible" SystemDefined="true">true</BooleanAttribute><BooleanAttribute Name="ExternalVisible" SystemDefined="true">true</BooleanAttribute><BooleanAttribute Name="ExternalWritable" SystemDefined="true">true</BooleanAttribute><BooleanAttribute Name="UserVisible" Informative="true" SystemDefined="true">true</BooleanAttribute><BooleanAttribute Name="UserReadOnly" Informative="true" SystemDefined="true">false</BooleanAttribute><BooleanAttribute Name="UserDeletable" Informative="true" SystemDefined="true">true</BooleanAttribute></AttributeList></Member>
    <Member Name="OFF_SQ" Datatype="Bool" Remanence="NonRetain" Accessibility="Public"><AttributeList><BooleanAttribute Name="ExternalAccessible" SystemDefined="true">false</BooleanAttribute><BooleanAttribute Name="ExternalVisible" SystemDefined="true">false</BooleanAttribute><BooleanAttribute Name="ExternalWritable" SystemDefined="true">false</BooleanAttribute><BooleanAttribute Name="UserVisible" Informative="true" SystemDefined="true">true</BooleanAttribute><BooleanAttribute Name="UserReadOnly" Informative="true" SystemDefined="true">true</BooleanAttribute><BooleanAttribute Name="UserDeletable" Informative="true" SystemDefined="true">true</BooleanAttribute></AttributeList><Comment Informative="true"><MultiLanguageText Lang="es-ES">Desactivar cadena</MultiLanguageText><MultiLanguageText Lang="de-DE">Turn sequence off</MultiLanguageText><MultiLanguageText Lang="en-US">Turn sequence off</MultiLanguageText><MultiLanguageText Lang="fr-FR">Turn sequence off</MultiLanguageText><MultiLanguageText Lang="it-IT">Turn sequence off</MultiLanguageText><MultiLanguageText Lang="zh-CN">Turn sequence off</MultiLanguageText><MultiLanguageText Lang="ja-JP">Turn sequence off</MultiLanguageText></Comment><StartValue Informative="true">false</StartValue></Member>
    <Member Name="INIT_SQ" Datatype="Bool" Remanence="NonRetain" Accessibility="Public"><AttributeList><BooleanAttribute Name="ExternalAccessible" SystemDefined="true">false</BooleanAttribute><BooleanAttribute Name="ExternalVisible" SystemDefined="true">false</BooleanAttribute><BooleanAttribute Name="ExternalWritable" SystemDefined="true">false</BooleanAttribute><BooleanAttribute Name="UserVisible" Informative="true" SystemDefined="true">true</BooleanAttribute><BooleanAttribute Name="UserReadOnly" Informative="true" SystemDefined="true">true</BooleanAttribute><BooleanAttribute Name="UserDeletable" Informative="true" SystemDefined="true">true</BooleanAttribute></AttributeList><Comment Informative="true"><MultiLanguageText Lang="es-ES">Poner cadena en estado inicial</MultiLanguageText><MultiLanguageText Lang="de-DE">Set sequence to initial state</MultiLanguageText><MultiLanguageText Lang="en-US">Set sequence to initial state</MultiLanguageText><MultiLanguageText Lang="fr-FR">Set sequence to initial state</MultiLanguageText><MultiLanguageText Lang="it-IT">Set sequence to initial state</MultiLanguageText><MultiLanguageText Lang="zh-CN">Set sequence to initial state</MultiLanguageText><MultiLanguageText Lang="ja-JP">Set sequence to initial state</MultiLanguageText></Comment><StartValue Informative="true">false</StartValue></Member>
    <Member Name="ACK_EF" Datatype="Bool" Remanence="NonRetain" Accessibility="Public"><AttributeList><BooleanAttribute Name="ExternalAccessible" SystemDefined="true">false</BooleanAttribute><BooleanAttribute Name="ExternalVisible" SystemDefined="true">false</BooleanAttribute><BooleanAttribute Name="ExternalWritable" SystemDefined="true">false</BooleanAttribute><BooleanAttribute Name="UserVisible" Informative="true" SystemDefined="true">true</BooleanAttribute><BooleanAttribute Name="UserReadOnly" Informative="true" SystemDefined="true">true</BooleanAttribute><BooleanAttribute Name="UserDeletable" Informative="true" SystemDefined="true">true</BooleanAttribute></AttributeList><Comment Informative="true"><MultiLanguageText Lang="es-ES">Acusar todos los errores y fallos</MultiLanguageText><MultiLanguageText Lang="de-DE">Acknowledge all errors and faults</MultiLanguageText><MultiLanguageText Lang="en-US">Acknowledge all errors and faults</MultiLanguageText><MultiLanguageText Lang="fr-FR">Acknowledge all errors and faults</MultiLanguageText><MultiLanguageText Lang="it-IT">Acknowledge all errors and faults</MultiLanguageText><MultiLanguageText Lang="zh-CN">Acknowledge all errors and faults</MultiLanguageText><MultiLanguageText Lang="ja-JP">Acknowledge all errors and faults</MultiLanguageText></Comment><StartValue Informative="true">false</StartValue></Member>
    <Member Name="S_PREV" Datatype="Bool" Remanence="NonRetain" Accessibility="Public"><AttributeList><BooleanAttribute Name="ExternalAccessible" SystemDefined="true">false</BooleanAttribute><BooleanAttribute Name="ExternalVisible" SystemDefined="true">false</BooleanAttribute><BooleanAttribute Name="ExternalWritable" SystemDefined="true">false</BooleanAttribute><BooleanAttribute Name="UserVisible" Informative="true" SystemDefined="true">true</BooleanAttribute><BooleanAttribute Name="UserReadOnly" Informative="true" SystemDefined="true">true</BooleanAttribute><BooleanAttribute Name="UserDeletable" Informative="true" SystemDefined="true">true</BooleanAttribute></AttributeList><Comment Informative="true"><MultiLanguageText Lang="es-ES">Mostrar la etapa anterior en el parámetro S_NO</MultiLanguageText><MultiLanguageText Lang="de-DE">Output previous step in parameter S_NO</MultiLanguageText><MultiLanguageText Lang="en-US">Output previous step in parameter S_NO</MultiLanguageText><MultiLanguageText Lang="fr-FR">Output previous step in parameter S_NO</MultiLanguageText><MultiLanguageText Lang="it-IT">Output previous step in parameter S_NO</MultiLanguageText><MultiLanguageText Lang="zh-CN">Output previous step in parameter S_NO</MultiLanguageText><MultiLanguageText Lang="ja-JP">Output previous step in parameter S_NO</MultiLanguageText></Comment><StartValue Informative="true">false</StartValue></Member>
    <Member Name="S_NEXT" Datatype="Bool" Remanence="NonRetain" Accessibility="Public"><AttributeList><BooleanAttribute Name="ExternalAccessible" SystemDefined="true">false</BooleanAttribute><BooleanAttribute Name="ExternalVisible" SystemDefined="true">false</BooleanAttribute><BooleanAttribute Name="ExternalWritable" SystemDefined="true">false</BooleanAttribute><BooleanAttribute Name="UserVisible" Informative="true" SystemDefined="true">true</BooleanAttribute><BooleanAttribute Name="UserReadOnly" Informative="true" SystemDefined="true">true</BooleanAttribute><BooleanAttribute Name="UserDeletable" Informative="true" SystemDefined="true">true</BooleanAttribute></AttributeList><Comment Informative="true"><MultiLanguageText Lang="es-ES">Mostrar la etapa siguiente en el parámetro S_NO</MultiLanguageText><MultiLanguageText Lang="de-DE">Indicate next step in parameter S_NO</MultiLanguageText><MultiLanguageText Lang="en-US">Indicate next step in parameter S_NO</MultiLanguageText><MultiLanguageText Lang="fr-FR">Indicate next step in parameter S_NO</MultiLanguageText><MultiLanguageText Lang="it-IT">Indicate next step in parameter S_NO</MultiLanguageText><MultiLanguageText Lang="zh-CN">Indicate next step in parameter S_NO</MultiLanguageText><MultiLanguageText Lang="ja-JP">Indicate next step in parameter S_NO</MultiLanguageText></Comment><StartValue Informative="true">false</StartValue></Member>
    <Member Name="SW_AUTO" Datatype="Bool" Remanence="NonRetain" Accessibility="Public"><AttributeList><BooleanAttribute Name="ExternalAccessible" SystemDefined="true">false</BooleanAttribute><BooleanAttribute Name="ExternalVisible" SystemDefined="true">false</BooleanAttribute><BooleanAttribute Name="ExternalWritable" SystemDefined="true">false</BooleanAttribute><BooleanAttribute Name="UserVisible" Informative="true" SystemDefined="true">true</BooleanAttribute><BooleanAttribute Name="UserReadOnly" Informative="true" SystemDefined="true">true</BooleanAttribute><BooleanAttribute Name="UserDeletable" Informative="true" SystemDefined="true">true</BooleanAttribute></AttributeList><Comment Informative="true"><MultiLanguageText Lang="es-ES">Modo automático</MultiLanguageText><MultiLanguageText Lang="de-DE">Automatic mode</MultiLanguageText><MultiLanguageText Lang="en-US">Automatic mode</MultiLanguageText><MultiLanguageText Lang="fr-FR">Automatic mode</MultiLanguageText><MultiLanguageText Lang="it-IT">Automatic mode</MultiLanguageText><MultiLanguageText Lang="zh-CN">Automatic mode</MultiLanguageText><MultiLanguageText Lang="ja-JP">Automatic mode</MultiLanguageText></Comment><StartValue Informative="true">false</StartValue></Member>
    <Member Name="SW_TAP" Datatype="Bool" Remanence="NonRetain" Accessibility="Public"><AttributeList><BooleanAttribute Name="ExternalAccessible" SystemDefined="true">false</BooleanAttribute><BooleanAttribute Name="ExternalVisible" SystemDefined="true">false</BooleanAttribute><BooleanAttribute Name="ExternalWritable" SystemDefined="true">false</BooleanAttribute><BooleanAttribute Name="UserVisible" Informative="true" SystemDefined="true">true</BooleanAttribute><BooleanAttribute Name="UserReadOnly" Informative="true" SystemDefined="true">true</BooleanAttribute><BooleanAttribute Name="UserDeletable" Informative="true" SystemDefined="true">true</BooleanAttribute></AttributeList><Comment Informative="true"><MultiLanguageText Lang="es-ES">Semiautomático/continuar con transición</MultiLanguageText><MultiLanguageText Lang="de-DE">Semiautomatic/switch with transition</MultiLanguageText><MultiLanguageText Lang="en-US">Semiautomatic/switch with transition</MultiLanguageText><MultiLanguageText Lang="fr-FR">Semiautomatic/switch with transition</MultiLanguageText><MultiLanguageText Lang="it-IT">Semiautomatic/switch with transition</MultiLanguageText><MultiLanguageText Lang="zh-CN">Semiautomatic/switch with transition</MultiLanguageText><MultiLanguageText Lang="ja-JP">Semiautomatic/switch with transition</MultiLanguageText></Comment><StartValue Informative="true">false</StartValue></Member>
    <Member Name="SW_TOP" Datatype="Bool" Remanence="NonRetain" Accessibility="Public"><AttributeList><BooleanAttribute Name="ExternalAccessible" SystemDefined="true">false</BooleanAttribute><BooleanAttribute Name="ExternalVisible" SystemDefined="true">false</BooleanAttribute><BooleanAttribute Name="ExternalWritable" SystemDefined="true">false</BooleanAttribute><BooleanAttribute Name="UserVisible" Informative="true" SystemDefined="true">true</BooleanAttribute><BooleanAttribute Name="UserReadOnly" Informative="true" SystemDefined="true">true</BooleanAttribute><BooleanAttribute Name="UserDeletable" Informative="true" SystemDefined="true">true</BooleanAttribute></AttributeList><Comment Informative="true"><MultiLanguageText Lang="es-ES">Semiautomático/transición ignorada</MultiLanguageText><MultiLanguageText Lang="de-DE">Semiautomatic/ignore transition</MultiLanguageText><MultiLanguageText Lang="en-US">Semiautomatic/ignore transition</MultiLanguageText><MultiLanguageText Lang="fr-FR">Semiautomatic/ignore transition</MultiLanguageText><MultiLanguageText Lang="it-IT">Semiautomatic/ignore transition</MultiLanguageText><MultiLanguageText Lang="zh-CN">Semiautomatic/ignore transition</MultiLanguageText><MultiLanguageText Lang="ja-JP">Semiautomatic/ignore transition</MultiLanguageText></Comment><StartValue Informative="true">false</StartValue></Member>
    <Member Name="SW_MAN" Datatype="Bool" Remanence="NonRetain" Accessibility="Public"><AttributeList><BooleanAttribute Name="ExternalAccessible" SystemDefined="true">false</BooleanAttribute><BooleanAttribute Name="ExternalVisible" SystemDefined="true">false</BooleanAttribute><BooleanAttribute Name="ExternalWritable" SystemDefined="true">false</BooleanAttribute><BooleanAttribute Name="UserVisible" Informative="true" SystemDefined="true">true</BooleanAttribute><BooleanAttribute Name="UserReadOnly" Informative="true" SystemDefined="true">true</BooleanAttribute><BooleanAttribute Name="UserDeletable" Informative="true" SystemDefined="true">true</BooleanAttribute></AttributeList><Comment Informative="true"><MultiLanguageText Lang="es-ES">Modo manual</MultiLanguageText><MultiLanguageText Lang="de-DE">Manual mode</MultiLanguageText><MultiLanguageText Lang="en-US">Manual mode</MultiLanguageText><MultiLanguageText Lang="fr-FR">Manual mode</MultiLanguageText><MultiLanguageText Lang="it-IT">Manual mode</MultiLanguageText><MultiLanguageText Lang="zh-CN">Manual mode</MultiLanguageText><MultiLanguageText Lang="ja-JP">Manual mode</MultiLanguageText></Comment><StartValue Informative="true">false</StartValue></Member>
    <Member Name="S_SEL" Datatype="Int" Remanence="NonRetain" Accessibility="Public"><AttributeList><BooleanAttribute Name="ExternalAccessible" SystemDefined="true">false</BooleanAttribute><BooleanAttribute Name="ExternalVisible" SystemDefined="true">false</BooleanAttribute><BooleanAttribute Name="ExternalWritable" SystemDefined="true">false</BooleanAttribute><BooleanAttribute Name="UserVisible" Informative="true" SystemDefined="true">true</BooleanAttribute><BooleanAttribute Name="UserReadOnly" Informative="true" SystemDefined="true">true</BooleanAttribute><BooleanAttribute Name="UserDeletable" Informative="true" SystemDefined="true">true</BooleanAttribute></AttributeList><Comment Informative="true"><MultiLanguageText Lang="es-ES">Seleccionar la etapa que debe mostrarse en S_NO</MultiLanguageText><MultiLanguageText Lang="de-DE">Select step to be output to S_NO</MultiLanguageText><MultiLanguageText Lang="en-US">Select step to be output to S_NO</MultiLanguageText><MultiLanguageText Lang="fr-FR">Select step to be output to S_NO</MultiLanguageText><MultiLanguageText Lang="it-IT">Select step to be output to S_NO</MultiLanguageText><MultiLanguageText Lang="zh-CN">Select step to be output to S_NO</MultiLanguageText><MultiLanguageText Lang="ja-JP">Select step to be output to S_NO</MultiLanguageText></Comment><StartValue Informative="true">0</StartValue></Member>
    <Member Name="S_ON" Datatype="Bool" Remanence="NonRetain" Accessibility="Public"><AttributeList><BooleanAttribute Name="ExternalAccessible" SystemDefined="true">false</BooleanAttribute><BooleanAttribute Name="ExternalVisible" SystemDefined="true">false</BooleanAttribute><BooleanAttribute Name="ExternalWritable" SystemDefined="true">false</BooleanAttribute><BooleanAttribute Name="UserVisible" Informative="true" SystemDefined="true">true</BooleanAttribute><BooleanAttribute Name="UserReadOnly" Informative="true" SystemDefined="true">true</BooleanAttribute><BooleanAttribute Name="UserDeletable" Informative="true" SystemDefined="true">true</BooleanAttribute></AttributeList><Comment Informative="true"><MultiLanguageText Lang="es-ES">Activar la etapa del parámetro S_NO</MultiLanguageText><MultiLanguageText Lang="de-DE">Activate step indicated in S_NO</MultiLanguageText><MultiLanguageText Lang="en-US">Activate step indicated in S_NO</MultiLanguageText><MultiLanguageText Lang="fr-FR">Activate step indicated in S_NO</MultiLanguageText><MultiLanguageText Lang="it-IT">Activate step indicated in S_NO</MultiLanguageText><MultiLanguageText Lang="zh-CN">Activate step indicated in S_NO</MultiLanguageText><MultiLanguageText Lang="ja-JP">Activate step indicated in S_NO</MultiLanguageText></Comment><StartValue Informative="true">false</StartValue></Member>
    <Member Name="S_OFF" Datatype="Bool" Remanence="NonRetain" Accessibility="Public"><AttributeList><BooleanAttribute Name="ExternalAccessible" SystemDefined="true">false</BooleanAttribute><BooleanAttribute Name="ExternalVisible" SystemDefined="true">false</BooleanAttribute><BooleanAttribute Name="ExternalWritable" SystemDefined="true">false</BooleanAttribute><BooleanAttribute Name="UserVisible" Informative="true" SystemDefined="true">true</BooleanAttribute><BooleanAttribute Name="UserReadOnly" Informative="true" SystemDefined="true">true</BooleanAttribute><BooleanAttribute Name="UserDeletable" Informative="true" SystemDefined="true">true</BooleanAttribute></AttributeList><Comment Informative="true"><MultiLanguageText Lang="es-ES">Desactivar el incremento presente en el parámetro S_NO</MultiLanguageText><MultiLanguageText Lang="de-DE">Deactivate step indicated S_NO</MultiLanguageText><MultiLanguageText Lang="en-US">Deactivate step indicated S_NO</MultiLanguageText><MultiLanguageText Lang="fr-FR">Deactivate step indicated S_NO</MultiLanguageText><MultiLanguageText Lang="it-IT">Deactivate step indicated S_NO</MultiLanguageText><MultiLanguageText Lang="zh-CN">Deactivate step indicated S_NO</MultiLanguageText><MultiLanguageText Lang="ja-JP">Deactivate step indicated S_NO</MultiLanguageText></Comment><StartValue Informative="true">false</StartValue></Member>
    <Member Name="T_PUSH" Datatype="Bool" Remanence="NonRetain" Accessibility="Public"><AttributeList><BooleanAttribute Name="ExternalAccessible" SystemDefined="true">false</BooleanAttribute><BooleanAttribute Name="ExternalVisible" SystemDefined="true">false</BooleanAttribute><BooleanAttribute Name="ExternalWritable" SystemDefined="true">false</BooleanAttribute><BooleanAttribute Name="UserVisible" Informative="true" SystemDefined="true">true</BooleanAttribute><BooleanAttribute Name="UserReadOnly" Informative="true" SystemDefined="true">true</BooleanAttribute><BooleanAttribute Name="UserDeletable" Informative="true" SystemDefined="true">true</BooleanAttribute></AttributeList><Comment Informative="true"><MultiLanguageText Lang="es-ES">Habilitar conmutación de transición en modo semiautomático</MultiLanguageText><MultiLanguageText Lang="de-DE">Enable transition to switch in semi automatic mode</MultiLanguageText><MultiLanguageText Lang="en-US">Enable transition to switch in semi automatic mode</MultiLanguageText><MultiLanguageText Lang="fr-FR">Enable transition to switch in semi automatic mode</MultiLanguageText><MultiLanguageText Lang="it-IT">Enable transition to switch in semi automatic mode</MultiLanguageText><MultiLanguageText Lang="zh-CN">Enable transition to switch in semi automatic mode</MultiLanguageText><MultiLanguageText Lang="ja-JP">Enable transition to switch in semi automatic mode</MultiLanguageText></Comment><StartValue Informative="true">false</StartValue></Member>
  </Section>
  <Section Name="Output">
    <Member Name="S_NO" Datatype="Int" Remanence="NonRetain" Accessibility="Public"><AttributeList><BooleanAttribute Name="ExternalAccessible" SystemDefined="true">false</BooleanAttribute><BooleanAttribute Name="ExternalVisible" SystemDefined="true">false</BooleanAttribute><BooleanAttribute Name="ExternalWritable" SystemDefined="true">false</BooleanAttribute><BooleanAttribute Name="UserVisible" Informative="true" SystemDefined="true">true</BooleanAttribute><BooleanAttribute Name="UserReadOnly" Informative="true" SystemDefined="true">true</BooleanAttribute><BooleanAttribute Name="UserDeletable" Informative="true" SystemDefined="true">true</BooleanAttribute></AttributeList><Comment Informative="true"><MultiLanguageText Lang="es-ES">Número de etapa</MultiLanguageText><MultiLanguageText Lang="de-DE">Step number</MultiLanguageText><MultiLanguageText Lang="en-US">Step number</MultiLanguageText><MultiLanguageText Lang="fr-FR">Step number</MultiLanguageText><MultiLanguageText Lang="it-IT">Step number</MultiLanguageText><MultiLanguageText Lang="zh-CN">Step number</MultiLanguageText><MultiLanguageText Lang="ja-JP">Step number</MultiLanguageText></Comment><StartValue Informative="true">0</StartValue></Member>
    <Member Name="S_MORE" Datatype="Bool" Remanence="NonRetain" Accessibility="Public"><AttributeList><BooleanAttribute Name="ExternalAccessible" SystemDefined="true">false</BooleanAttribute><BooleanAttribute Name="ExternalVisible" SystemDefined="true">false</BooleanAttribute><BooleanAttribute Name="ExternalWritable" SystemDefined="true">false</BooleanAttribute><BooleanAttribute Name="UserVisible" Informative="true" SystemDefined="true">true</BooleanAttribute><BooleanAttribute Name="UserReadOnly" Informative="true" SystemDefined="true">true</BooleanAttribute><BooleanAttribute Name="UserDeletable" Informative="true" SystemDefined="true">true</BooleanAttribute></AttributeList><Comment Informative="true"><MultiLanguageText Lang="es-ES">Existen más etapas que pueden mostrarse en S_NO.</MultiLanguageText><MultiLanguageText Lang="de-DE">More steps are available and can be shown in S_NO</MultiLanguageText><MultiLanguageText Lang="en-US">More steps are available and can be shown in S_NO</MultiLanguageText><MultiLanguageText Lang="fr-FR">More steps are available and can be shown in S_NO</MultiLanguageText><MultiLanguageText Lang="it-IT">More steps are available and can be shown in S_NO</MultiLanguageText><MultiLanguageText Lang="zh-CN">More steps are available and can be shown in S_NO</MultiLanguageText><MultiLanguageText Lang="ja-JP">More steps are available and can be shown in S_NO</MultiLanguageText></Comment><StartValue Informative="true">false</StartValue></Member>
    <Member Name="S_ACTIVE" Datatype="Bool" Remanence="NonRetain" Accessibility="Public"><AttributeList><BooleanAttribute Name="ExternalAccessible" SystemDefined="true">false</BooleanAttribute><BooleanAttribute Name="ExternalVisible" SystemDefined="true">false</BooleanAttribute><BooleanAttribute Name="ExternalWritable" SystemDefined="true">false</BooleanAttribute><BooleanAttribute Name="UserVisible" Informative="true" SystemDefined="true">true</BooleanAttribute><BooleanAttribute Name="UserReadOnly" Informative="true" SystemDefined="true">true</BooleanAttribute><BooleanAttribute Name="UserDeletable" Informative="true" SystemDefined="true">true</BooleanAttribute></AttributeList><Comment Informative="true"><MultiLanguageText Lang="es-ES">El incremento presente en el parámetro S_NO está activo</MultiLanguageText><MultiLanguageText Lang="de-DE">Step indicated in S_NO is active</MultiLanguageText><MultiLanguageText Lang="en-US">Step indicated in S_NO is active</MultiLanguageText><MultiLanguageText Lang="fr-FR">Step indicated in S_NO is active</MultiLanguageText><MultiLanguageText Lang="it-IT">Step indicated in S_NO is active</MultiLanguageText><MultiLanguageText Lang="zh-CN">Step indicated in S_NO is active</MultiLanguageText><MultiLanguageText Lang="ja-JP">Step indicated in S_NO is active</MultiLanguageText></Comment><StartValue Informative="true">false</StartValue></Member>
    <Member Name="ERR_FLT" Datatype="Bool" Remanence="NonRetain" Accessibility="Public"><AttributeList><BooleanAttribute Name="ExternalAccessible" SystemDefined="true">false</BooleanAttribute><BooleanAttribute Name="ExternalVisible" SystemDefined="true">false</BooleanAttribute><BooleanAttribute Name="ExternalWritable" SystemDefined="true">false</BooleanAttribute><BooleanAttribute Name="UserVisible" Informative="true" SystemDefined="true">true</BooleanAttribute><BooleanAttribute Name="UserReadOnly" Informative="true" SystemDefined="true">true</BooleanAttribute><BooleanAttribute Name="UserDeletable" Informative="true" SystemDefined="true">true</BooleanAttribute></AttributeList><Comment Informative="true"><MultiLanguageText Lang="es-ES">Error de grupo interlock o supervisión</MultiLanguageText><MultiLanguageText Lang="de-DE">Interlock or supervision group error</MultiLanguageText><MultiLanguageText Lang="en-US">Interlock or supervision group error</MultiLanguageText><MultiLanguageText Lang="fr-FR">Interlock or supervision group error</MultiLanguageText><MultiLanguageText Lang="it-IT">Interlock or supervision group error</MultiLanguageText><MultiLanguageText Lang="zh-CN">Interlock or supervision group error</MultiLanguageText><MultiLanguageText Lang="ja-JP">Interlock or supervision group error</MultiLanguageText></Comment><StartValue Informative="true">false</StartValue></Member>
    <Member Name="AUTO_ON" Datatype="Bool" Remanence="NonRetain" Accessibility="Public"><AttributeList><BooleanAttribute Name="ExternalAccessible" SystemDefined="true">false</BooleanAttribute><BooleanAttribute Name="ExternalVisible" SystemDefined="true">false</BooleanAttribute><BooleanAttribute Name="ExternalWritable" SystemDefined="true">false</BooleanAttribute><BooleanAttribute Name="UserVisible" Informative="true" SystemDefined="true">true</BooleanAttribute><BooleanAttribute Name="UserReadOnly" Informative="true" SystemDefined="true">true</BooleanAttribute><BooleanAttribute Name="UserDeletable" Informative="true" SystemDefined="true">true</BooleanAttribute></AttributeList><Comment Informative="true"><MultiLanguageText Lang="es-ES">Modo automático activado</MultiLanguageText><MultiLanguageText Lang="de-DE">Automatic mode is active</MultiLanguageText><MultiLanguageText Lang="en-US">Automatic mode is active</MultiLanguageText><MultiLanguageText Lang="fr-FR">Automatic mode is active</MultiLanguageText><MultiLanguageText Lang="it-IT">Automatic mode is active</MultiLanguageText><MultiLanguageText Lang="zh-CN">Automatic mode is active</MultiLanguageText><MultiLanguageText Lang="ja-JP">Automatic mode is active</MultiLanguageText></Comment><StartValue Informative="true">false</StartValue></Member>
    <Member Name="TAP_ON" Datatype="Bool" Remanence="NonRetain" Accessibility="Public"><AttributeList><BooleanAttribute Name="ExternalAccessible" SystemDefined="true">false</BooleanAttribute><BooleanAttribute Name="ExternalVisible" SystemDefined="true">false</BooleanAttribute><BooleanAttribute Name="ExternalWritable" SystemDefined="true">false</BooleanAttribute><BooleanAttribute Name="UserVisible" Informative="true" SystemDefined="true">true</BooleanAttribute><BooleanAttribute Name="UserReadOnly" Informative="true" SystemDefined="true">true</BooleanAttribute><BooleanAttribute Name="UserDeletable" Informative="true" SystemDefined="true">true</BooleanAttribute></AttributeList><Comment Informative="true"><MultiLanguageText Lang="es-ES">Modo semiautomático/etapa con transición activada</MultiLanguageText><MultiLanguageText Lang="de-DE">Semiautomatic mode/step with transition enabled</MultiLanguageText><MultiLanguageText Lang="en-US">Semiautomatic mode/step with transition enabled</MultiLanguageText><MultiLanguageText Lang="fr-FR">Semiautomatic mode/step with transition enabled</MultiLanguageText><MultiLanguageText Lang="it-IT">Semiautomatic mode/step with transition enabled</MultiLanguageText><MultiLanguageText Lang="zh-CN">Semiautomatic mode/step with transition enabled</MultiLanguageText><MultiLanguageText Lang="ja-JP">Semiautomatic mode/step with transition enabled</MultiLanguageText></Comment><StartValue Informative="true">false</StartValue></Member>
    <Member Name="TOP_ON" Datatype="Bool" Remanence="NonRetain" Accessibility="Public"><AttributeList><BooleanAttribute Name="ExternalAccessible" SystemDefined="true">false</BooleanAttribute><BooleanAttribute Name="ExternalVisible" SystemDefined="true">false</BooleanAttribute><BooleanAttribute Name="ExternalWritable" SystemDefined="true">false</BooleanAttribute><BooleanAttribute Name="UserVisible" Informative="true" SystemDefined="true">true</BooleanAttribute><BooleanAttribute Name="UserReadOnly" Informative="true" SystemDefined="true">true</BooleanAttribute><BooleanAttribute Name="UserDeletable" Informative="true" SystemDefined="true">true</BooleanAttribute></AttributeList><Comment Informative="true"><MultiLanguageText Lang="es-ES">Modo semiautomático/Ignorar transición activado</MultiLanguageText><MultiLanguageText Lang="de-DE">Semiautomatic mode/ignore transition enabled</MultiLanguageText><MultiLanguageText Lang="en-US">Semiautomatic mode/ignore transition enabled</MultiLanguageText><MultiLanguageText Lang="fr-FR">Semiautomatic mode/ignore transition enabled</MultiLanguageText><MultiLanguageText Lang="it-IT">Semiautomatic mode/ignore transition enabled</MultiLanguageText><MultiLanguageText Lang="zh-CN">Semiautomatic mode/ignore transition enabled</MultiLanguageText><MultiLanguageText Lang="ja-JP">Semiautomatic mode/ignore transition enabled</MultiLanguageText></Comment><StartValue Informative="true">false</StartValue></Member>
    <Member Name="MAN_ON" Datatype="Bool" Remanence="NonRetain" Accessibility="Public"><AttributeList><BooleanAttribute Name="ExternalAccessible" SystemDefined="true">false</BooleanAttribute><BooleanAttribute Name="ExternalVisible" SystemDefined="true">false</BooleanAttribute><BooleanAttribute Name="ExternalWritable" SystemDefined="true">false</BooleanAttribute><BooleanAttribute Name="UserVisible" Informative="true" SystemDefined="true">true</BooleanAttribute><BooleanAttribute Name="UserReadOnly" Informative="true" SystemDefined="true">true</BooleanAttribute><BooleanAttribute Name="UserDeletable" Informative="true" SystemDefined="true">true</BooleanAttribute></AttributeList><Comment Informative="true"><MultiLanguageText Lang="es-ES">Modo manual activado</MultiLanguageText><MultiLanguageText Lang="de-DE">Manual mode is active</MultiLanguageText><MultiLanguageText Lang="en-US">Manual mode is active</MultiLanguageText><MultiLanguageText Lang="fr-FR">Manual mode is active</MultiLanguageText><MultiLanguageText Lang="it-IT">Manual mode is active</MultiLanguageText><MultiLanguageText Lang="zh-CN">Manual mode is active</MultiLanguageText><MultiLanguageText Lang="ja-JP">Manual mode is active</MultiLanguageText></Comment><StartValue Informative="true">false</StartValue></Member>
  </Section>
  <Section Name="InOut" />
  <Section Name="Static">
    <Member Name="MI" Datatype="Struct" Remanence="NonRetain" Accessibility="Public"><AttributeList><BooleanAttribute Name="ExternalAccessible" SystemDefined="true">true</BooleanAttribute><BooleanAttribute Name="ExternalVisible" SystemDefined="true">true</BooleanAttribute><BooleanAttribute Name="ExternalWritable" SystemDefined="true">true</BooleanAttribute><BooleanAttribute Name="UserVisible" Informative="true" SystemDefined="true">true</BooleanAttribute><BooleanAttribute Name="UserReadOnly" Informative="true" SystemDefined="true">false</BooleanAttribute><BooleanAttribute Name="UserDeletable" Informative="true" SystemDefined="true">true</BooleanAttribute><BooleanAttribute Name="SetPoint" SystemDefined="true">false</BooleanAttribute></AttributeList><Member Name="CG Celula" Datatype="Struct"><AttributeList><BooleanAttribute Name="ExternalAccessible" SystemDefined="true">true</BooleanAttribute><BooleanAttribute Name="ExternalVisible" SystemDefined="true">true</BooleanAttribute><BooleanAttribute Name="ExternalWritable" SystemDefined="true">true</BooleanAttribute><BooleanAttribute Name="UserVisible" Informative="true" SystemDefined="true">true</BooleanAttribute><BooleanAttribute Name="UserReadOnly" Informative="true" SystemDefined="true">false</BooleanAttribute><BooleanAttribute Name="UserDeletable" Informative="true" SystemDefined="true">true</BooleanAttribute><BooleanAttribute Name="SetPoint" SystemDefined="true">false</BooleanAttribute></AttributeList><Member Name="PS" Datatype="Struct"><AttributeList><BooleanAttribute Name="ExternalAccessible" SystemDefined="true">true</BooleanAttribute><BooleanAttribute Name="ExternalVisible" SystemDefined="true">true</BooleanAttribute><BooleanAttribute Name="ExternalWritable" SystemDefined="true">true</BooleanAttribute><BooleanAttribute Name="UserVisible" Informative="true" SystemDefined="true">true</BooleanAttribute><BooleanAttribute Name="UserReadOnly" Informative="true" SystemDefined="true">false</BooleanAttribute><BooleanAttribute Name="UserDeletable" Informative="true" SystemDefined="true">true</BooleanAttribute><BooleanAttribute Name="SetPoint" SystemDefined="true">false</BooleanAttribute></AttributeList><Member Name="PSOA_Plan_SolEnviarPlanProduc" Datatype="Bool"><AttributeList><BooleanAttribute Name="ExternalAccessible" SystemDefined="true">true</BooleanAttribute><BooleanAttribute Name="ExternalVisible" SystemDefined="true">true</BooleanAttribute><BooleanAttribute Name="ExternalWritable" SystemDefined="true">true</BooleanAttribute><BooleanAttribute Name="UserVisible" Informative="true" SystemDefined="true">true</BooleanAttribute><BooleanAttribute Name="UserReadOnly" Informative="true" SystemDefined="true">false</BooleanAttribute><BooleanAttribute Name="UserDeletable" Informative="true" SystemDefined="true">true</BooleanAttribute><BooleanAttribute Name="SetPoint" SystemDefined="true">false</BooleanAttribute></AttributeList></Member></Member></Member></Member>
    <Member Name="MSC" Datatype="Struct" Remanence="NonRetain" Accessibility="Public"><AttributeList><BooleanAttribute Name="ExternalAccessible" SystemDefined="true">true</BooleanAttribute><BooleanAttribute Name="ExternalVisible" SystemDefined="true">true</BooleanAttribute><BooleanAttribute Name="ExternalWritable" SystemDefined="true">true</BooleanAttribute><BooleanAttribute Name="UserVisible" Informative="true" SystemDefined="true">true</BooleanAttribute><BooleanAttribute Name="UserReadOnly" Informative="true" SystemDefined="true">false</BooleanAttribute><BooleanAttribute Name="UserDeletable" Informative="true" SystemDefined="true">true</BooleanAttribute><BooleanAttribute Name="SetPoint" SystemDefined="true">false</BooleanAttribute></AttributeList><Member Name="OperProd" Datatype="Struct"><AttributeList><BooleanAttribute Name="ExternalAccessible" SystemDefined="true">true</BooleanAttribute><BooleanAttribute Name="ExternalVisible" SystemDefined="true">true</BooleanAttribute><BooleanAttribute Name="ExternalWritable" SystemDefined="true">true</BooleanAttribute><BooleanAttribute Name="UserVisible" Informative="true" SystemDefined="true">true</BooleanAttribute><BooleanAttribute Name="UserReadOnly" Informative="true" SystemDefined="true">false</BooleanAttribute><BooleanAttribute Name="UserDeletable" Informative="true" SystemDefined="true">true</BooleanAttribute><BooleanAttribute Name="SetPoint" SystemDefined="true">false</BooleanAttribute></AttributeList><Member Name="EnviarPlanProduc" Datatype="Struct"><AttributeList><BooleanAttribute Name="ExternalAccessible" SystemDefined="true">true</BooleanAttribute><BooleanAttribute Name="ExternalVisible" SystemDefined="true">true</BooleanAttribute><BooleanAttribute Name="ExternalWritable" SystemDefined="true">true</BooleanAttribute><BooleanAttribute Name="UserVisible" Informative="true" SystemDefined="true">true</BooleanAttribute><BooleanAttribute Name="UserReadOnly" Informative="true" SystemDefined="true">false</BooleanAttribute><BooleanAttribute Name="UserDeletable" Informative="true" SystemDefined="true">true</BooleanAttribute><BooleanAttribute Name="SetPoint" SystemDefined="true">false</BooleanAttribute></AttributeList><Member Name="InicioEnviarPlanProduc" Datatype="Bool"><AttributeList><BooleanAttribute Name="ExternalAccessible" SystemDefined="true">true</BooleanAttribute><BooleanAttribute Name="ExternalVisible" SystemDefined="true">true</BooleanAttribute><BooleanAttribute Name="ExternalWritable" SystemDefined="true">true</BooleanAttribute><BooleanAttribute Name="UserVisible" Informative="true" SystemDefined="true">true</BooleanAttribute><BooleanAttribute Name="UserReadOnly" Informative="true" SystemDefined="true">false</BooleanAttribute><BooleanAttribute Name="UserDeletable" Informative="true" SystemDefined="true">true</BooleanAttribute><BooleanAttribute Name="SetPoint" SystemDefined="true">false</BooleanAttribute></AttributeList></Member><Member Name="SolEnviarPlanProduc" Datatype="Bool"><AttributeList><BooleanAttribute Name="ExternalAccessible" SystemDefined="true">true</BooleanAttribute><BooleanAttribute Name="ExternalVisible" SystemDefined="true">true</BooleanAttribute><BooleanAttribute Name="ExternalWritable" SystemDefined="true">true</BooleanAttribute><BooleanAttribute Name="UserVisible" Informative="true" SystemDefined="true">true</BooleanAttribute><BooleanAttribute Name="UserReadOnly" Informative="true" SystemDefined="true">false</BooleanAttribute><BooleanAttribute Name="UserDeletable" Informative="true" SystemDefined="true">true</BooleanAttribute><BooleanAttribute Name="SetPoint" SystemDefined="true">false</BooleanAttribute></AttributeList></Member><Member Name="FinEnviarPlanProduc" Datatype="Bool"><AttributeList><BooleanAttribute Name="ExternalAccessible" SystemDefined="true">true</BooleanAttribute><BooleanAttribute Name="ExternalVisible" SystemDefined="true">true</BooleanAttribute><BooleanAttribute Name="ExternalWritable" SystemDefined="true">true</BooleanAttribute><BooleanAttribute Name="UserVisible" Informative="true" SystemDefined="true">true</BooleanAttribute><BooleanAttribute Name="UserReadOnly" Informative="true" SystemDefined="true">false</BooleanAttribute><BooleanAttribute Name="UserDeletable" Informative="true" SystemDefined="true">true</BooleanAttribute><BooleanAttribute Name="SetPoint" SystemDefined="true">false</BooleanAttribute></AttributeList></Member></Member></Member></Member>
    <Member Name="RT_DATA" Datatype="G7_RTDataPlus_V2" Version="1.0" Remanence="NonRetain" Accessibility="Public"><AttributeList><BooleanAttribute Name="ExternalAccessible" SystemDefined="true">false</BooleanAttribute><BooleanAttribute Name="ExternalVisible" SystemDefined="true">false</BooleanAttribute><BooleanAttribute Name="ExternalWritable" SystemDefined="true">false</BooleanAttribute><BooleanAttribute Name="UserVisible" Informative="true" SystemDefined="true">true</BooleanAttribute><BooleanAttribute Name="UserReadOnly" Informative="true" SystemDefined="true">true</BooleanAttribute><BooleanAttribute Name="UserDeletable" Informative="true" SystemDefined="true">false</BooleanAttribute><BooleanAttribute Name="SetPoint" Informative="true" SystemDefined="true">true</BooleanAttribute></AttributeList><Comment Informative="true"><MultiLanguageText Lang="es-ES">Área de datos interna</MultiLanguageText><MultiLanguageText Lang="de-DE">Internal data area</MultiLanguageText><MultiLanguageText Lang="en-US">Internal data area</MultiLanguageText><MultiLanguageText Lang="fr-FR">Internal data area</MultiLanguageText><MultiLanguageText Lang="it-IT">Internal data area</MultiLanguageText><MultiLanguageText Lang="zh-CN">Internal data area</MultiLanguageText><MultiLanguageText Lang="ja-JP">Internal data area</MultiLanguageText></Comment><Sections><Section Name="None"><Member Name="S_DISPLAY" Datatype="Int" /><Member Name="S_SEL_OLD" Datatype="Int" /><Member Name="S_DISPIDX" Datatype="USInt"><StartValue Informative="true">255</StartValue></Member><Member Name="T_DISPIDX" Datatype="USInt"><StartValue Informative="true">255</StartValue></Member><Member Name="MOP_EDGE" Datatype="G7_MOPPlus_V2" Version="1.0"><Sections><Section Name="None"><Member Name="AUTO" Datatype="Bool" /><Member Name="MAN" Datatype="Bool" /><Member Name="TAP" Datatype="Bool" /><Member Name="TOP" Datatype="Bool" /><Member Name="ACK_S" Datatype="Bool" /><Member Name="REG_S" Datatype="Bool" /><Member Name="T_PREV" Datatype="Bool" /><Member Name="T_NEXT" Datatype="Bool" /><Member Name="LOCK" Datatype="Bool" /><Member Name="SUP" Datatype="Bool" /><Member Name="ACKREQ" Datatype="Bool" /><Member Name="SSKIP" Datatype="Bool" /><Member Name="OFF" Datatype="Bool" /><Member Name="INIT" Datatype="Bool" /><Member Name="HALT" Datatype="Bool" /><Member Name="TMS_HALT" Datatype="Bool" /><Member Name="OPS_ZERO" Datatype="Bool" /><Member Name="SACT_DISP" Datatype="Bool" /><Member Name="SEF_DISP" Datatype="Bool" /><Member Name="SALL_DISP" Datatype="Bool" /><Member Name="S_PREV" Datatype="Bool" /><Member Name="S_NEXT" Datatype="Bool" /><Member Name="S_SELOK" Datatype="Bool" /><Member Name="S_ON" Datatype="Bool" /><Member Name="S_OFF" Datatype="Bool" /><Member Name="T_PUSH" Datatype="Bool" /><Member Name="REG" Datatype="Bool" /><Member Name="ACK" Datatype="Bool" /><Member Name="IL_PERM" Datatype="Bool" /><Member Name="T_PERM" Datatype="Bool" /><Member Name="ILP_MAN" Datatype="Bool" /><Member Name="LMODE" Datatype="Bool" /></Section></Sections></Member><Member Name="MOP" Datatype="G7_MOPPlus_V2" Version="1.0"><Sections><Section Name="None"><Member Name="AUTO" Datatype="Bool"><StartValue Informative="true">true</StartValue></Member><Member Name="MAN" Datatype="Bool" /><Member Name="TAP" Datatype="Bool" /><Member Name="TOP" Datatype="Bool" /><Member Name="ACK_S" Datatype="Bool" /><Member Name="REG_S" Datatype="Bool" /><Member Name="T_PREV" Datatype="Bool" /><Member Name="T_NEXT" Datatype="Bool" /><Member Name="LOCK" Datatype="Bool"><StartValue Informative="true">true</StartValue></Member><Member Name="SUP" Datatype="Bool"><StartValue Informative="true">true</StartValue></Member><Member Name="ACKREQ" Datatype="Bool"><StartValue Informative="true">true</StartValue></Member><Member Name="SSKIP" Datatype="Bool" /><Member Name="OFF" Datatype="Bool" /><Member Name="INIT" Datatype="Bool"><StartValue Informative="true">true</StartValue></Member><Member Name="HALT" Datatype="Bool" /><Member Name="TMS_HALT" Datatype="Bool" /><Member Name="OPS_ZERO" Datatype="Bool" /><Member Name="SACT_DISP" Datatype="Bool"><StartValue Informative="true">true</StartValue></Member><Member Name="SEF_DISP" Datatype="Bool" /><Member Name="SALL_DISP" Datatype="Bool" /><Member Name="S_PREV" Datatype="Bool" /><Member Name="S_NEXT" Datatype="Bool" /><Member Name="S_SELOK" Datatype="Bool" /><Member Name="S_ON" Datatype="Bool" /><Member Name="S_OFF" Datatype="Bool" /><Member Name="T_PUSH" Datatype="Bool" /><Member Name="REG" Datatype="Bool" /><Member Name="ACK" Datatype="Bool" /><Member Name="IL_PERM" Datatype="Bool" /><Member Name="T_PERM" Datatype="Bool" /><Member Name="ILP_MAN" Datatype="Bool" /><Member Name="LMODE" Datatype="Bool" /></Section></Sections></Member><Member Name="TIME_DELTA" Datatype="Time" /><Member Name="SQ_FLAGS" Datatype="G7_SQFlagsPlus_V2" Version="1.0"><Sections><Section Name="None"><Member Name="ERR_FLT" Datatype="Bool" /><Member Name="ERROR" Datatype="Bool" /><Member Name="FAULT" Datatype="Bool" /><Member Name="RT_FAIL" Datatype="Bool" /><Member Name="NO_SNO" Datatype="Bool" /><Member Name="NF_OFL" Datatype="Bool" /><Member Name="SA_OFL" Datatype="Bool" /><Member Name="TV_OFL" Datatype="Bool" /><Member Name="MSG_OFL" Datatype="Bool" /><Member Name="NO_SWI" Datatype="Bool" /><Member Name="CYC_OP" Datatype="Bool" /><Member Name="AS_MSG" Datatype="Bool"><StartValue Informative="true">true</StartValue></Member><Member Name="AS_SEND" Datatype="Bool" /><Member Name="SQ_BUSY" Datatype="Bool" /><Member Name="SA_BUSY" Datatype="Bool" /><Member Name="AS_SIG" Datatype="Bool" /></Section></Sections></Member><Member Name="PRE_CNT" Datatype="USInt"><StartValue Informative="true">1</StartValue></Member><Member Name="POST_CNT" Datatype="USInt"><StartValue Informative="true">1</StartValue></Member><Member Name="SQ_CNT" Datatype="USInt"><StartValue Informative="true">1</StartValue></Member><Member Name="S_CNT" Datatype="USInt"><StartValue Informative="true">4</StartValue></Member><Member Name="LOCK_CNT" Datatype="USInt" /><Member Name="SUP_CNT" Datatype="USInt" /><Member Name="T_CNT" Datatype="USInt"><StartValue Informative="true">5</StartValue></Member><Member Name="SQ_PART_CNT" Datatype="USInt"><StartValue Informative="true">2</StartValue></Member><Member Name="MAX_TVAL" Datatype="USInt"><StartValue Informative="true">3</StartValue></Member><Member Name="MAX_SACT" Datatype="USInt"><StartValue Informative="true">1</StartValue></Member><Member Name="AS_MSG" Datatype="Byte"><StartValue Informative="true">16#65</StartValue></Member><Member Name="EXEC_BITS" Datatype="Array[0..249] of Bool" /><Member Name="OFFSETS" Datatype="G7_OffsetsPlus_V2" Version="1.0"><Sections><Section Name="None"><Member Name="SINI_OFFSET" Datatype="UInt" /><Member Name="LSTT_OFFSET" Datatype="UInt"><StartValue Informative="true">2</StartValue></Member><Member Name="ATAJ_OFFSET" Datatype="UInt"><StartValue Informative="true">7</StartValue></Member><Member Name="ATAB_OFFSET" Datatype="UInt"><StartValue Informative="true">12</StartValue></Member><Member Name="PSTT_OFFSET" Datatype="UInt"><StartValue Informative="true">17</StartValue></Member><Member Name="NSTT_OFFSET" Datatype="UInt"><StartValue Informative="true">22</StartValue></Member><Member Name="ASSJ_OFFSET" Datatype="UInt"><StartValue Informative="true">27</StartValue></Member><Member Name="ASSB_OFFSET" Datatype="UInt"><StartValue Informative="true">31</StartValue></Member><Member Name="PTTS_OFFSET" Datatype="UInt"><StartValue Informative="true">35</StartValue></Member><Member Name="NTTS_OFFSET" Datatype="UInt"><StartValue Informative="true">39</StartValue></Member><Member Name="SW_SQTS_OFFSET" Datatype="UInt"><StartValue Informative="true">43</StartValue></Member><Member Name="SWITCH_OFFSET" Datatype="UInt"><StartValue Informative="true">47</StartValue></Member><Member Name="TVX_OFFSET" Datatype="UInt"><StartValue Informative="true">48</StartValue></Member><Member Name="TTX_OFFSET" Datatype="UInt"><StartValue Informative="true">52</StartValue></Member><Member Name="TSX_OFFSET" Datatype="UInt"><StartValue Informative="true">56</StartValue></Member><Member Name="S00X_OFFSET" Datatype="UInt"><StartValue Informative="true">58</StartValue></Member><Member Name="SOFFX_OFFSET" Datatype="UInt"><StartValue Informative="true">60</StartValue></Member><Member Name="SONX_OFFSET" Datatype="UInt"><StartValue Informative="true">62</StartValue></Member><Member Name="SAX_OFFSET" Datatype="UInt"><StartValue Informative="true">64</StartValue></Member><Member Name="SERRX_OFFSET" Datatype="UInt"><StartValue Informative="true">66</StartValue></Member><Member Name="SMX_OFFSET" Datatype="UInt"><StartValue Informative="true">71</StartValue></Member><Member Name="S0X_OFFSET" Datatype="UInt"><StartValue Informative="true">76</StartValue></Member><Member Name="S1X_OFFSET" Datatype="UInt"><StartValue Informative="true">81</StartValue></Member></Section></Sections></Member><Member Name="THRESHOLD_SUP" Datatype="USInt" /><Member Name="THRESHOLD_WARN" Datatype="USInt" /></Section></Sections></Member>
    <Member Name="Trans1" Datatype="G7_TransitionPlus_V2" Version="1.0" Remanence="NonRetain" Accessibility="Public"><AttributeList><BooleanAttribute Name="ExternalAccessible" SystemDefined="true">false</BooleanAttribute><BooleanAttribute Name="ExternalVisible" SystemDefined="true">false</BooleanAttribute><BooleanAttribute Name="ExternalWritable" SystemDefined="true">false</BooleanAttribute><BooleanAttribute Name="UserVisible" Informative="true" SystemDefined="true">true</BooleanAttribute><BooleanAttribute Name="UserReadOnly" Informative="true" SystemDefined="true">true</BooleanAttribute><BooleanAttribute Name="UserDeletable" Informative="true" SystemDefined="true">false</BooleanAttribute><BooleanAttribute Name="SetPoint" Informative="true" SystemDefined="true">true</BooleanAttribute></AttributeList><Comment Informative="true"><MultiLanguageText Lang="es-ES">Estructura de la transición</MultiLanguageText><MultiLanguageText Lang="de-DE">Transition structure</MultiLanguageText><MultiLanguageText Lang="en-US">Transition structure</MultiLanguageText><MultiLanguageText Lang="fr-FR">Transition structure</MultiLanguageText><MultiLanguageText Lang="it-IT">Transition structure</MultiLanguageText><MultiLanguageText Lang="zh-CN">Transition structure</MultiLanguageText><MultiLanguageText Lang="ja-JP">Transition structure</MultiLanguageText></Comment><Sections><Section Name="None"><Member Name="TV" Datatype="Bool" /><Member Name="TT" Datatype="Bool" /><Member Name="TS" Datatype="Bool" /><Member Name="TNO" Datatype="Int"><StartValue Informative="true">1</StartValue></Member></Section></Sections></Member>
    <Member Name="Trans2" Datatype="G7_TransitionPlus_V2" Version="1.0" Remanence="NonRetain" Accessibility="Public"><AttributeList><BooleanAttribute Name="ExternalAccessible" SystemDefined="true">false</BooleanAttribute><BooleanAttribute Name="ExternalVisible" SystemDefined="true">false</BooleanAttribute><BooleanAttribute Name="ExternalWritable" SystemDefined="true">false</BooleanAttribute><BooleanAttribute Name="UserVisible" Informative="true" SystemDefined="true">true</BooleanAttribute><BooleanAttribute Name="UserReadOnly" Informative="true" SystemDefined="true">true</BooleanAttribute><BooleanAttribute Name="UserDeletable" Informative="true" SystemDefined="true">false</BooleanAttribute><BooleanAttribute Name="SetPoint" Informative="true" SystemDefined="true">true</BooleanAttribute></AttributeList><Comment Informative="true"><MultiLanguageText Lang="es-ES">Estructura de la transición</MultiLanguageText><MultiLanguageText Lang="de-DE">Transition structure</MultiLanguageText><MultiLanguageText Lang="en-US">Transition structure</MultiLanguageText><MultiLanguageText Lang="fr-FR">Transition structure</MultiLanguageText><MultiLanguageText Lang="it-IT">Transition structure</MultiLanguageText><MultiLanguageText Lang="zh-CN">Transition structure</MultiLanguageText><MultiLanguageText Lang="ja-JP">Transition structure</MultiLanguageText></Comment><Sections><Section Name="None"><Member Name="TV" Datatype="Bool" /><Member Name="TT" Datatype="Bool" /><Member Name="TS" Datatype="Bool" /><Member Name="TNO" Datatype="Int"><StartValue Informative="true">2</StartValue></Member></Section></Sections></Member>
    <Member Name="Trans3" Datatype="G7_TransitionPlus_V2" Version="1.0" Remanence="NonRetain" Accessibility="Public"><AttributeList><BooleanAttribute Name="ExternalAccessible" SystemDefined="true">false</BooleanAttribute><BooleanAttribute Name="ExternalVisible" SystemDefined="true">false</BooleanAttribute><BooleanAttribute Name="ExternalWritable" SystemDefined="true">false</BooleanAttribute><BooleanAttribute Name="UserVisible" Informative="true" SystemDefined="true">true</BooleanAttribute><BooleanAttribute Name="UserReadOnly" Informative="true" SystemDefined="true">true</BooleanAttribute><BooleanAttribute Name="UserDeletable" Informative="true" SystemDefined="true">false</BooleanAttribute><BooleanAttribute Name="SetPoint" Informative="true" SystemDefined="true">true</BooleanAttribute></AttributeList><Comment Informative="true"><MultiLanguageText Lang="es-ES">Estructura de la transición</MultiLanguageText><MultiLanguageText Lang="de-DE">Transition structure</MultiLanguageText><MultiLanguageText Lang="en-US">Transition structure</MultiLanguageText><MultiLanguageText Lang="fr-FR">Transition structure</MultiLanguageText><MultiLanguageText Lang="it-IT">Transition structure</MultiLanguageText><MultiLanguageText Lang="zh-CN">Transition structure</MultiLanguageText><MultiLanguageText Lang="ja-JP">Transition structure</MultiLanguageText></Comment><Sections><Section Name="None"><Member Name="TV" Datatype="Bool" /><Member Name="TT" Datatype="Bool" /><Member Name="TS" Datatype="Bool" /><Member Name="TNO" Datatype="Int"><StartValue Informative="true">3</StartValue></Member></Section></Sections></Member>
    <Member Name="Trans4" Datatype="G7_TransitionPlus_V2" Version="1.0" Remanence="NonRetain" Accessibility="Public"><AttributeList><BooleanAttribute Name="ExternalAccessible" SystemDefined="true">false</BooleanAttribute><BooleanAttribute Name="ExternalVisible" SystemDefined="true">false</BooleanAttribute><BooleanAttribute Name="ExternalWritable" SystemDefined="true">false</BooleanAttribute><BooleanAttribute Name="UserVisible" Informative="true" SystemDefined="true">true</BooleanAttribute><BooleanAttribute Name="UserReadOnly" Informative="true" SystemDefined="true">true</BooleanAttribute><BooleanAttribute Name="UserDeletable" Informative="true" SystemDefined="true">false</BooleanAttribute><BooleanAttribute Name="SetPoint" Informative="true" SystemDefined="true">true</BooleanAttribute></AttributeList><Comment Informative="true"><MultiLanguageText Lang="es-ES">Estructura de la transición</MultiLanguageText><MultiLanguageText Lang="de-DE">Transition structure</MultiLanguageText><MultiLanguageText Lang="en-US">Transition structure</MultiLanguageText><MultiLanguageText Lang="fr-FR">Transition structure</MultiLanguageText><MultiLanguageText Lang="it-IT">Transition structure</MultiLanguageText><MultiLanguageText Lang="zh-CN">Transition structure</MultiLanguageText><MultiLanguageText Lang="ja-JP">Transition structure</MultiLanguageText></Comment><Sections><Section Name="None"><Member Name="TV" Datatype="Bool" /><Member Name="TT" Datatype="Bool" /><Member Name="TS" Datatype="Bool" /><Member Name="TNO" Datatype="Int"><StartValue Informative="true">4</StartValue></Member></Section></Sections></Member>
    <Member Name="Trans5" Datatype="G7_TransitionPlus_V2" Version="1.0" Remanence="NonRetain" Accessibility="Public"><AttributeList><BooleanAttribute Name="ExternalAccessible" SystemDefined="true">false</BooleanAttribute><BooleanAttribute Name="ExternalVisible" SystemDefined="true">false</BooleanAttribute><BooleanAttribute Name="ExternalWritable" SystemDefined="true">false</BooleanAttribute><BooleanAttribute Name="UserVisible" Informative="true" SystemDefined="true">true</BooleanAttribute><BooleanAttribute Name="UserReadOnly" Informative="true" SystemDefined="true">true</BooleanAttribute><BooleanAttribute Name="UserDeletable" Informative="true" SystemDefined="true">false</BooleanAttribute><BooleanAttribute Name="SetPoint" Informative="true" SystemDefined="true">true</BooleanAttribute></AttributeList><Comment Informative="true"><MultiLanguageText Lang="es-ES">Estructura de la transición</MultiLanguageText><MultiLanguageText Lang="de-DE">Transition structure</MultiLanguageText><MultiLanguageText Lang="en-US">Transition structure</MultiLanguageText><MultiLanguageText Lang="fr-FR">Transition structure</MultiLanguageText><MultiLanguageText Lang="it-IT">Transition structure</MultiLanguageText><MultiLanguageText Lang="zh-CN">Transition structure</MultiLanguageText><MultiLanguageText Lang="ja-JP">Transition structure</MultiLanguageText></Comment><Sections><Section Name="None"><Member Name="TV" Datatype="Bool" /><Member Name="TT" Datatype="Bool" /><Member Name="TS" Datatype="Bool" /><Member Name="TNO" Datatype="Int"><StartValue Informative="true">5</StartValue></Member></Section></Sections></Member>
    <Member Name="X2000" Datatype="G7_StepPlus_V2" Version="1.0" Remanence="NonRetain" Accessibility="Public"><AttributeList><BooleanAttribute Name="ExternalAccessible" SystemDefined="true">false</BooleanAttribute><BooleanAttribute Name="ExternalVisible" SystemDefined="true">false</BooleanAttribute><BooleanAttribute Name="ExternalWritable" SystemDefined="true">false</BooleanAttribute><BooleanAttribute Name="UserVisible" Informative="true" SystemDefined="true">true</BooleanAttribute><BooleanAttribute Name="UserReadOnly" Informative="true" SystemDefined="true">true</BooleanAttribute><BooleanAttribute Name="UserDeletable" Informative="true" SystemDefined="true">false</BooleanAttribute><BooleanAttribute Name="SetPoint" Informative="true" SystemDefined="true">true</BooleanAttribute></AttributeList><Comment Informative="true"><MultiLanguageText Lang="es-ES">Estructura de la etapa</MultiLanguageText><MultiLanguageText Lang="de-DE">Step structure</MultiLanguageText><MultiLanguageText Lang="en-US">Step structure</MultiLanguageText><MultiLanguageText Lang="fr-FR">Step structure</MultiLanguageText><MultiLanguageText Lang="it-IT">Step structure</MultiLanguageText><MultiLanguageText Lang="zh-CN">Step structure</MultiLanguageText><MultiLanguageText Lang="ja-JP">Step structure</MultiLanguageText></Comment><Sections><Section Name="None"><Member Name="S1" Datatype="Bool" /><Member Name="L1" Datatype="Bool" /><Member Name="V1" Datatype="Bool" /><Member Name="R1" Datatype="Bool" /><Member Name="A1" Datatype="Bool" /><Member Name="S0" Datatype="Bool" /><Member Name="L0" Datatype="Bool" /><Member Name="V0" Datatype="Bool" /><Member Name="X" Datatype="Bool" /><Member Name="LA" Datatype="Bool" /><Member Name="VA" Datatype="Bool" /><Member Name="RA" Datatype="Bool" /><Member Name="AA" Datatype="Bool" /><Member Name="SS" Datatype="Bool" /><Member Name="LS" Datatype="Bool" /><Member Name="VS" Datatype="Bool" /><Member Name="SNO" Datatype="Int"><StartValue Informative="true">1</StartValue></Member><Member Name="T" Datatype="Time" /><Member Name="U" Datatype="Time" /><Member Name="T_MAX" Datatype="Time"><StartValue Informative="true">T#10S</StartValue></Member><Member Name="T_WARN" Datatype="Time"><StartValue Informative="true">T#7S</StartValue></Member><Member Name="SM" Datatype="Bool" /><Member Name="H_IL_ERR" Datatype="Byte" /><Member Name="H_SV_FLT" Datatype="Byte"><StartValue Informative="true">16#04</StartValue></Member></Section></Sections></Member>
    <Member Name="X2001" Datatype="G7_StepPlus_V2" Version="1.0" Remanence="NonRetain" Accessibility="Public"><AttributeList><BooleanAttribute Name="ExternalAccessible" SystemDefined="true">false</BooleanAttribute><BooleanAttribute Name="ExternalVisible" SystemDefined="true">false</BooleanAttribute><BooleanAttribute Name="ExternalWritable" SystemDefined="true">false</BooleanAttribute><BooleanAttribute Name="UserVisible" Informative="true" SystemDefined="true">true</BooleanAttribute><BooleanAttribute Name="UserReadOnly" Informative="true" SystemDefined="true">true</BooleanAttribute><BooleanAttribute Name="UserDeletable" Informative="true" SystemDefined="true">false</BooleanAttribute><BooleanAttribute Name="SetPoint" Informative="true" SystemDefined="true">true</BooleanAttribute></AttributeList><Comment Informative="true"><MultiLanguageText Lang="es-ES">Estructura de la etapa</MultiLanguageText><MultiLanguageText Lang="de-DE">Step structure</MultiLanguageText><MultiLanguageText Lang="en-US">Step structure</MultiLanguageText><MultiLanguageText Lang="fr-FR">Step structure</MultiLanguageText><MultiLanguageText Lang="it-IT">Step structure</MultiLanguageText><MultiLanguageText Lang="zh-CN">Step structure</MultiLanguageText><MultiLanguageText Lang="ja-JP">Step structure</MultiLanguageText></Comment><Sections><Section Name="None"><Member Name="S1" Datatype="Bool" /><Member Name="L1" Datatype="Bool" /><Member Name="V1" Datatype="Bool" /><Member Name="R1" Datatype="Bool" /><Member Name="A1" Datatype="Bool" /><Member Name="S0" Datatype="Bool" /><Member Name="L0" Datatype="Bool" /><Member Name="V0" Datatype="Bool" /><Member Name="X" Datatype="Bool" /><Member Name="LA" Datatype="Bool" /><Member Name="VA" Datatype="Bool" /><Member Name="RA" Datatype="Bool" /><Member Name="AA" Datatype="Bool" /><Member Name="SS" Datatype="Bool" /><Member Name="LS" Datatype="Bool" /><Member Name="VS" Datatype="Bool" /><Member Name="SNO" Datatype="Int"><StartValue Informative="true">2</StartValue></Member><Member Name="T" Datatype="Time" /><Member Name="U" Datatype="Time" /><Member Name="T_MAX" Datatype="Time"><StartValue Informative="true">T#10S</StartValue></Member><Member Name="T_WARN" Datatype="Time"><StartValue Informative="true">T#7S</StartValue></Member><Member Name="SM" Datatype="Bool" /><Member Name="H_IL_ERR" Datatype="Byte" /><Member Name="H_SV_FLT" Datatype="Byte"><StartValue Informative="true">16#04</StartValue></Member></Section></Sections></Member>
    <Member Name="X2002" Datatype="G7_StepPlus_V2" Version="1.0" Remanence="NonRetain" Accessibility="Public"><AttributeList><BooleanAttribute Name="ExternalAccessible" SystemDefined="true">false</BooleanAttribute><BooleanAttribute Name="ExternalVisible" SystemDefined="true">false</BooleanAttribute><BooleanAttribute Name="ExternalWritable" SystemDefined="true">false</BooleanAttribute><BooleanAttribute Name="UserVisible" Informative="true" SystemDefined="true">true</BooleanAttribute><BooleanAttribute Name="UserReadOnly" Informative="true" SystemDefined="true">true</BooleanAttribute><BooleanAttribute Name="UserDeletable" Informative="true" SystemDefined="true">false</BooleanAttribute><BooleanAttribute Name="SetPoint" Informative="true" SystemDefined="true">true</BooleanAttribute></AttributeList><Comment Informative="true"><MultiLanguageText Lang="es-ES">Estructura de la etapa</MultiLanguageText><MultiLanguageText Lang="de-DE">Step structure</MultiLanguageText><MultiLanguageText Lang="en-US">Step structure</MultiLanguageText><MultiLanguageText Lang="fr-FR">Step structure</MultiLanguageText><MultiLanguageText Lang="it-IT">Step structure</MultiLanguageText><MultiLanguageText Lang="zh-CN">Step structure</MultiLanguageText><MultiLanguageText Lang="ja-JP">Step structure</MultiLanguageText></Comment><Sections><Section Name="None"><Member Name="S1" Datatype="Bool" /><Member Name="L1" Datatype="Bool" /><Member Name="V1" Datatype="Bool" /><Member Name="R1" Datatype="Bool" /><Member Name="A1" Datatype="Bool" /><Member Name="S0" Datatype="Bool" /><Member Name="L0" Datatype="Bool" /><Member Name="V0" Datatype="Bool" /><Member Name="X" Datatype="Bool" /><Member Name="LA" Datatype="Bool" /><Member Name="VA" Datatype="Bool" /><Member Name="RA" Datatype="Bool" /><Member Name="AA" Datatype="Bool" /><Member Name="SS" Datatype="Bool" /><Member Name="LS" Datatype="Bool" /><Member Name="VS" Datatype="Bool" /><Member Name="SNO" Datatype="Int"><StartValue Informative="true">3</StartValue></Member><Member Name="T" Datatype="Time" /><Member Name="U" Datatype="Time" /><Member Name="T_MAX" Datatype="Time"><StartValue Informative="true">T#10S</StartValue></Member><Member Name="T_WARN" Datatype="Time"><StartValue Informative="true">T#7S</StartValue></Member><Member Name="SM" Datatype="Bool" /><Member Name="H_IL_ERR" Datatype="Byte" /><Member Name="H_SV_FLT" Datatype="Byte"><StartValue Informative="true">16#04</StartValue></Member></Section></Sections></Member>
    <Member Name="X2003" Datatype="G7_StepPlus_V2" Version="1.0" Remanence="NonRetain" Accessibility="Public"><AttributeList><BooleanAttribute Name="ExternalAccessible" SystemDefined="true">false</BooleanAttribute><BooleanAttribute Name="ExternalVisible" SystemDefined="true">false</BooleanAttribute><BooleanAttribute Name="ExternalWritable" SystemDefined="true">false</BooleanAttribute><BooleanAttribute Name="UserVisible" Informative="true" SystemDefined="true">true</BooleanAttribute><BooleanAttribute Name="UserReadOnly" Informative="true" SystemDefined="true">true</BooleanAttribute><BooleanAttribute Name="UserDeletable" Informative="true" SystemDefined="true">false</BooleanAttribute><BooleanAttribute Name="SetPoint" Informative="true" SystemDefined="true">true</BooleanAttribute></AttributeList><Comment Informative="true"><MultiLanguageText Lang="es-ES">Estructura de la etapa</MultiLanguageText><MultiLanguageText Lang="de-DE">Step structure</MultiLanguageText><MultiLanguageText Lang="en-US">Step structure</MultiLanguageText><MultiLanguageText Lang="fr-FR">Step structure</MultiLanguageText><MultiLanguageText Lang="it-IT">Step structure</MultiLanguageText><MultiLanguageText Lang="zh-CN">Step structure</MultiLanguageText><MultiLanguageText Lang="ja-JP">Step structure</MultiLanguageText></Comment><Sections><Section Name="None"><Member Name="S1" Datatype="Bool" /><Member Name="L1" Datatype="Bool" /><Member Name="V1" Datatype="Bool" /><Member Name="R1" Datatype="Bool" /><Member Name="A1" Datatype="Bool" /><Member Name="S0" Datatype="Bool" /><Member Name="L0" Datatype="Bool" /><Member Name="V0" Datatype="Bool" /><Member Name="X" Datatype="Bool" /><Member Name="LA" Datatype="Bool" /><Member Name="VA" Datatype="Bool" /><Member Name="RA" Datatype="Bool" /><Member Name="AA" Datatype="Bool" /><Member Name="SS" Datatype="Bool" /><Member Name="LS" Datatype="Bool" /><Member Name="VS" Datatype="Bool" /><Member Name="SNO" Datatype="Int"><StartValue Informative="true">4</StartValue></Member><Member Name="T" Datatype="Time" /><Member Name="U" Datatype="Time" /><Member Name="T_MAX" Datatype="Time"><StartValue Informative="true">T#10S</StartValue></Member><Member Name="T_WARN" Datatype="Time"><StartValue Informative="true">T#7S</StartValue></Member><Member Name="SM" Datatype="Bool" /><Member Name="H_IL_ERR" Datatype="Byte" /><Member Name="H_SV_FLT" Datatype="Byte"><StartValue Informative="true">16#04</StartValue></Member></Section></Sections></Member>
  </Section>
  <Section Name="Temp" />
  <Section Name="Constant" />
</Sections></Interface>
      <InterfaceModifiedDate ReadOnly="true">2023-08-10T09:11:22.5886704Z</InterfaceModifiedDate>
      <IsConsistent ReadOnly="true">true</IsConsistent>
      <IsIECCheckEnabled>false</IsIECCheckEnabled>
      <IsKnowHowProtected ReadOnly="true">false</IsKnowHowProtected>
      <ISMultiInstanceCapable ReadOnly="true">false</ISMultiInstanceCapable>
      <IsWriteProtected ReadOnly="true">false</IsWriteProtected>
      <LanguageInNetworks>LAD</LanguageInNetworks>
      <LibraryConformanceStatus ReadOnly="true">Warning: The object contains access to global data blocks.
</LibraryConformanceStatus>
      <LockOperatingMode>false</LockOperatingMode>
      <MemoryLayout ReadOnly="true">Optimized</MemoryLayout>
      <ModifiedDate ReadOnly="true">2024-02-15T11:57:05.3083365Z</ModifiedDate>
      <Name>Planificador_GF</Name>
      <Number>66</Number>
      <ParameterModified ReadOnly="true">2023-08-09T08:50:58.9902453Z</ParameterModified>
      <PermanentILProcessingInMANMode>false</PermanentILProcessingInMANMode>
      <PLCSimAdvancedSupport ReadOnly="true">true</PLCSimAdvancedSupport>
      <ProgrammingLanguage>GRAPH</ProgrammingLanguage>
      <SetENOAutomatically>false</SetENOAutomatically>
      <SkipSteps>false</SkipSteps>
      <StructureModified ReadOnly="true">2023-08-10T09:11:22.5886704Z</StructureModified>
      <UDABlockProperties />
      <UDAEnableTagReadback>false</UDAEnableTagReadback>
      <WithAlarmHandling>true</WithAlarmHandling>
    </AttributeList>
    <ObjectList>
      <MultilingualText ID="1" CompositionName="Comment">
        <ObjectList>
          <MultilingualTextItem ID="2" CompositionName="Items">
            <AttributeList>
              <Culture>es-ES</Culture>
              <Text />
            </AttributeList>
          </MultilingualTextItem>
          <MultilingualTextItem ID="3" CompositionName="Items">
            <AttributeList>
              <Culture>de-DE</Culture>
              <Text />
            </AttributeList>
          </MultilingualTextItem>
          <MultilingualTextItem ID="4" CompositionName="Items">
            <AttributeList>
              <Culture>en-US</Culture>
              <Text />
            </AttributeList>
          </MultilingualTextItem>
          <MultilingualTextItem ID="5" CompositionName="Items">
            <AttributeList>
              <Culture>fr-FR</Culture>
              <Text />
            </AttributeList>
          </MultilingualTextItem>
          <MultilingualTextItem ID="6" CompositionName="Items">
            <AttributeList>
              <Culture>it-IT</Culture>
              <Text />
            </AttributeList>
          </MultilingualTextItem>
          <MultilingualTextItem ID="7" CompositionName="Items">
            <AttributeList>
              <Culture>zh-CN</Culture>
              <Text />
            </AttributeList>
          </MultilingualTextItem>
          <MultilingualTextItem ID="8" CompositionName="Items">
            <AttributeList>
              <Culture>ja-JP</Culture>
              <Text />
            </AttributeList>
          </MultilingualTextItem>
        </ObjectList>
      </MultilingualText>
      <SW.Blocks.CompileUnit ID="9" CompositionName="CompileUnits">
        <AttributeList>
          <NetworkSource><Graph xmlns="http://www.siemens.com/automation/Openness/SW/NetworkSource/Graph/v5">
  <PreOperations>
    <PermanentOperation ProgrammingLanguage="LAD" />
  </PreOperations>
  <Sequence>
    <Title />
    <Comment>
      <MultiLanguageText Lang="es-ES" />
      <MultiLanguageText Lang="de-DE" />
      <MultiLanguageText Lang="en-US" />
      <MultiLanguageText Lang="fr-FR" />
      <MultiLanguageText Lang="it-IT" />
      <MultiLanguageText Lang="zh-CN" />
      <MultiLanguageText Lang="ja-JP" />
    </Comment>
    <Steps>
      <Step Number="1" Init="true" Name="X2000" MaximumStepTime="T#10S" WarningTime="T#7S">
        <Actions>
          <Action />
        </Actions>
        <Supervisions>
          <Supervision ProgrammingLanguage="LAD">
            <FlgNet>
              <Parts>
                <Part Name="SvCoil" UId="21" />
              </Parts>
              <Wires>
                <Wire UId="22">
                  <Powerrail />
                  <NameCon UId="21" Name="in" />
                </Wire>
              </Wires>
            </FlgNet>
          </Supervision>
        </Supervisions>
        <Interlocks>
          <Interlock ProgrammingLanguage="LAD">
            <FlgNet>
              <Parts>
                <Part Name="IlCoil" UId="21" />
              </Parts>
              <Wires>
                <Wire UId="22">
                  <Powerrail />
                  <NameCon UId="21" Name="in" />
                </Wire>
              </Wires>
            </FlgNet>
          </Interlock>
        </Interlocks>
      </Step>
      <Step Number="2" Init="false" Name="X2001" MaximumStepTime="T#10S" WarningTime="T#7S">
        <Actions>
          <Action Qualifier="N">
            <Token Text="&quot;Planificador_GF_DB&quot;.MSC.OperProd.EnviarPlanProduc.InicioEnviarPlanProduc" />
            <Token Text="&#xA;" />
          </Action>
          <Action />
        </Actions>
        <Supervisions>
          <Supervision ProgrammingLanguage="LAD">
            <FlgNet>
              <Parts>
                <Part Name="SvCoil" UId="21" />
              </Parts>
              <Wires>
                <Wire UId="22">
                  <Powerrail />
                  <NameCon UId="21" Name="in" />
                </Wire>
              </Wires>
            </FlgNet>
          </Supervision>
        </Supervisions>
        <Interlocks>
          <Interlock ProgrammingLanguage="LAD">
            <FlgNet>
              <Parts>
                <Part Name="IlCoil" UId="21" />
              </Parts>
              <Wires>
                <Wire UId="22">
                  <Powerrail />
                  <NameCon UId="21" Name="in" />
                </Wire>
              </Wires>
            </FlgNet>
          </Interlock>
        </Interlocks>
      </Step>
      <Step Number="3" Init="false" Name="X2002" MaximumStepTime="T#10S" WarningTime="T#7S">
        <Actions>
          <Action />
        </Actions>
        <Supervisions>
          <Supervision ProgrammingLanguage="LAD">
            <FlgNet>
              <Parts>
                <Part Name="SvCoil" UId="21" />
              </Parts>
              <Wires>
                <Wire UId="22">
                  <Powerrail />
                  <NameCon UId="21" Name="in" />
                </Wire>
              </Wires>
            </FlgNet>
          </Supervision>
        </Supervisions>
        <Interlocks>
          <Interlock ProgrammingLanguage="LAD">
            <FlgNet>
              <Parts>
                <Part Name="IlCoil" UId="21" />
              </Parts>
              <Wires>
                <Wire UId="22">
                  <Powerrail />
                  <NameCon UId="21" Name="in" />
                </Wire>
              </Wires>
            </FlgNet>
          </Interlock>
        </Interlocks>
      </Step>
      <Step Number="4" Init="false" Name="X2003" MaximumStepTime="T#10S" WarningTime="T#7S">
        <Actions>
          <Action Qualifier="N">
            <Token Text="&quot;Planificador_GF_DB&quot;.MSC.OperProd.EnviarPlanProduc.FinEnviarPlanProduc" />
            <Token Text="&#xA;" />
          </Action>
          <Action />
        </Actions>
        <Supervisions>
          <Supervision ProgrammingLanguage="LAD">
            <FlgNet>
              <Parts>
                <Part Name="SvCoil" UId="21" />
              </Parts>
              <Wires>
                <Wire UId="22">
                  <Powerrail />
                  <NameCon UId="21" Name="in" />
                </Wire>
              </Wires>
            </FlgNet>
          </Supervision>
        </Supervisions>
        <Interlocks>
          <Interlock ProgrammingLanguage="LAD">
            <FlgNet>
              <Parts>
                <Part Name="IlCoil" UId="21" />
              </Parts>
              <Wires>
                <Wire UId="22">
                  <Powerrail />
                  <NameCon UId="21" Name="in" />
                </Wire>
              </Wires>
            </FlgNet>
          </Interlock>
        </Interlocks>
      </Step>
    </Steps>
    <Transitions>
      <Transition IsMissing="false" Name="Trans1" Number="1" ProgrammingLanguage="LAD">
        <FlgNet>
          <Parts>
            <Access Scope="LocalVariable" UId="21">
              <Symbol>
                <Component Name="CG_SolModoAuto" />
              </Symbol>
            </Access>
            <Part Name="Contact" UId="22" />
            <Part Name="TrCoil" UId="23" />
          </Parts>
          <Wires>
            <Wire UId="24">
              <Powerrail />
              <NameCon UId="22" Name="in" />
            </Wire>
            <Wire UId="25">
              <IdentCon UId="21" />
              <NameCon UId="22" Name="operand" />
            </Wire>
            <Wire UId="26">
              <NameCon UId="22" Name="out" />
              <NameCon UId="23" Name="in" />
            </Wire>
          </Wires>
        </FlgNet>
      </Transition>
      <Transition IsMissing="false" Name="Trans2" Number="2" ProgrammingLanguage="LAD">
        <FlgNet>
          <Parts>
            <Access Scope="GlobalVariable" UId="21">
              <Symbol>
                <Component Name="Planificador_GF_DB" />
                <Component Name="MI" />
                <Component Name="CG Celula" />
                <Component Name="PS" />
                <Component Name="PSOA_Plan_SolEnviarPlanProduc" />
                <Address Area="None" Type="Bool" BlockNumber="91" BitOffset="6368" Informative="true" />
              </Symbol>
            </Access>
            <Part Name="Contact" UId="22" />
            <Part Name="TrCoil" UId="23" />
          </Parts>
          <Wires>
            <Wire UId="24">
              <Powerrail />
              <NameCon UId="22" Name="in" />
            </Wire>
            <Wire UId="25">
              <IdentCon UId="21" />
              <NameCon UId="22" Name="operand" />
            </Wire>
            <Wire UId="26">
              <NameCon UId="22" Name="out" />
              <NameCon UId="23" Name="in" />
            </Wire>
          </Wires>
        </FlgNet>
      </Transition>
      <Transition IsMissing="false" Name="Trans3" Number="3" ProgrammingLanguage="LAD">
        <FlgNet>
          <Parts>
            <Access Scope="LocalVariable" UId="21">
              <Symbol>
                <Component Name="X2002" />
                <Component Name="T" />
              </Symbol>
            </Access>
            <Access Scope="TypedConstant" UId="22">
              <Constant>
                <ConstantValue>T#3s</ConstantValue>
                <StringAttribute Name="Format" Informative="true">Time</StringAttribute>
                <StringAttribute Name="FormatFlags" Informative="true">TypeQualifier</StringAttribute>
              </Constant>
            </Access>
            <Part Name="Ge" UId="23">
              <TemplateValue Name="SrcType" Type="Type">Time</TemplateValue>
            </Part>
            <Part Name="TrCoil" UId="24" />
          </Parts>
          <Wires>
            <Wire UId="25">
              <Powerrail />
              <NameCon UId="23" Name="pre" />
            </Wire>
            <Wire UId="26">
              <IdentCon UId="21" />
              <NameCon UId="23" Name="in1" />
            </Wire>
            <Wire UId="27">
              <IdentCon UId="22" />
              <NameCon UId="23" Name="in2" />
            </Wire>
            <Wire UId="28">
              <NameCon UId="23" Name="out" />
              <NameCon UId="24" Name="in" />
            </Wire>
          </Wires>
        </FlgNet>
      </Transition>
      <Transition IsMissing="false" Name="Trans4" Number="4" ProgrammingLanguage="LAD">
        <FlgNet>
          <Parts>
            <Access Scope="GlobalVariable" UId="21">
              <Symbol>
                <Component Name="Planificador_GF_DB" />
                <Component Name="MI" />
                <Component Name="CG Celula" />
                <Component Name="PS" />
                <Component Name="PSOA_Plan_SolEnviarPlanProduc" />
                <Address Area="None" Type="Bool" BlockNumber="91" BitOffset="6368" Informative="true" />
              </Symbol>
            </Access>
            <Part Name="Contact" UId="22">
              <Negated Name="operand" />
            </Part>
            <Part Name="TrCoil" UId="23" />
          </Parts>
          <Wires>
            <Wire UId="24">
              <Powerrail />
              <NameCon UId="22" Name="in" />
            </Wire>
            <Wire UId="25">
              <IdentCon UId="21" />
              <NameCon UId="22" Name="operand" />
            </Wire>
            <Wire UId="26">
              <NameCon UId="22" Name="out" />
              <NameCon UId="23" Name="in" />
            </Wire>
          </Wires>
        </FlgNet>
      </Transition>
      <Transition IsMissing="false" Name="Trans5" Number="5" ProgrammingLanguage="LAD">
        <FlgNet>
          <Parts>
            <Access Scope="GlobalVariable" UId="21">
              <Symbol>
                <Component Name="CG Celula_DB" />
                <Component Name="MSC" />
                <Component Name="Automatico" />
                <Component Name="ParoFC" />
                <Address Area="None" Type="Bool" BlockNumber="24" BitOffset="2256" Informative="true" />
              </Symbol>
            </Access>
            <Part Name="Contact" UId="22" />
            <Part Name="TrCoil" UId="23" />
          </Parts>
          <Wires>
            <Wire UId="24">
              <Powerrail />
              <NameCon UId="22" Name="in" />
            </Wire>
            <Wire UId="25">
              <IdentCon UId="21" />
              <NameCon UId="22" Name="operand" />
            </Wire>
            <Wire UId="26">
              <NameCon UId="22" Name="out" />
              <NameCon UId="23" Name="in" />
            </Wire>
          </Wires>
        </FlgNet>
      </Transition>
    </Transitions>
    <Branches>
      <Branch Number="1" Type="AltBegin" Cardinality="2" />
    </Branches>
    <Connections>
      <Connection>
        <NodeFrom>
          <StepRef Number="1" />
        </NodeFrom>
        <NodeTo>
          <TransitionRef Number="1" />
        </NodeTo>
        <LinkType>Direct</LinkType>
      </Connection>
      <Connection>
        <NodeFrom>
          <StepRef Number="3" />
        </NodeFrom>
        <NodeTo>
          <TransitionRef Number="3" />
        </NodeTo>
        <LinkType>Direct</LinkType>
      </Connection>
      <Connection>
        <NodeFrom>
          <TransitionRef Number="2" />
        </NodeFrom>
        <NodeTo>
          <StepRef Number="3" />
        </NodeTo>
        <LinkType>Direct</LinkType>
      </Connection>
      <Connection>
        <NodeFrom>
          <StepRef Number="4" />
        </NodeFrom>
        <NodeTo>
          <TransitionRef Number="4" />
        </NodeTo>
        <LinkType>Direct</LinkType>
      </Connection>
      <Connection>
        <NodeFrom>
          <TransitionRef Number="3" />
        </NodeFrom>
        <NodeTo>
          <StepRef Number="4" />
        </NodeTo>
        <LinkType>Direct</LinkType>
      </Connection>
      <Connection>
        <NodeFrom>
          <StepRef Number="2" />
        </NodeFrom>
        <NodeTo>
          <BranchRef Number="1" In="0" />
        </NodeTo>
        <LinkType>Direct</LinkType>
      </Connection>
      <Connection>
        <NodeFrom>
          <BranchRef Number="1" Out="0" />
        </NodeFrom>
        <NodeTo>
          <TransitionRef Number="2" />
        </NodeTo>
        <LinkType>Direct</LinkType>
      </Connection>
      <Connection>
        <NodeFrom>
          <BranchRef Number="1" Out="1" />
        </NodeFrom>
        <NodeTo>
          <TransitionRef Number="5" />
        </NodeTo>
        <LinkType>Direct</LinkType>
      </Connection>
      <Connection>
        <NodeFrom>
          <TransitionRef Number="1" />
        </NodeFrom>
        <NodeTo>
          <StepRef Number="2" />
        </NodeTo>
        <LinkType>Direct</LinkType>
      </Connection>
      <Connection>
        <NodeFrom>
          <TransitionRef Number="5" />
        </NodeFrom>
        <NodeTo>
          <StepRef Number="1" />
        </NodeTo>
        <LinkType>Jump</LinkType>
      </Connection>
      <Connection>
        <NodeFrom>
          <TransitionRef Number="4" />
        </NodeFrom>
        <NodeTo>
          <StepRef Number="2" />
        </NodeTo>
        <LinkType>Jump</LinkType>
      </Connection>
    </Connections>
  </Sequence>
  <PostOperations>
    <PermanentOperation ProgrammingLanguage="LAD" />
  </PostOperations>
  <AlarmsSettings>
    <AlarmSupervisionCategories>
      <AlarmSupervisionCategory Id="1" DisplayClass="0" />
      <AlarmSupervisionCategory Id="2" DisplayClass="0" />
      <AlarmSupervisionCategory Id="3" DisplayClass="0" />
      <AlarmSupervisionCategory Id="4" DisplayClass="0" />
      <AlarmSupervisionCategory Id="5" DisplayClass="0" />
      <AlarmSupervisionCategory Id="6" DisplayClass="0" />
      <AlarmSupervisionCategory Id="7" DisplayClass="0" />
      <AlarmSupervisionCategory Id="8" DisplayClass="0" />
    </AlarmSupervisionCategories>
    <AlarmInterlockCategory Id="1" />
    <AlarmSubcategory1Interlock Id="0" />
    <AlarmSubcategory2Interlock Id="0" />
    <AlarmCategorySupervision Id="1" />
    <AlarmSubcategory1Supervision Id="0" />
    <AlarmSubcategory2Supervision Id="0" />
    <AlarmWarningCategory Id="2" />
    <AlarmSubcategory1Warning Id="0" />
    <AlarmSubcategory2Warning Id="0" />
  </AlarmsSettings>
</Graph></NetworkSource>
          <ProgrammingLanguage>GRAPH</ProgrammingLanguage>
        </AttributeList>
        <ObjectList>
          <MultilingualText ID="A" CompositionName="Comment">
            <ObjectList>
              <MultilingualTextItem ID="B" CompositionName="Items">
                <AttributeList>
                  <Culture>es-ES</Culture>
                  <Text />
                </AttributeList>
              </MultilingualTextItem>
              <MultilingualTextItem ID="C" CompositionName="Items">
                <AttributeList>
                  <Culture>de-DE</Culture>
                  <Text />
                </AttributeList>
              </MultilingualTextItem>
              <MultilingualTextItem ID="D" CompositionName="Items">
                <AttributeList>
                  <Culture>en-US</Culture>
                  <Text />
                </AttributeList>
              </MultilingualTextItem>
              <MultilingualTextItem ID="E" CompositionName="Items">
                <AttributeList>
                  <Culture>fr-FR</Culture>
                  <Text />
                </AttributeList>
              </MultilingualTextItem>
              <MultilingualTextItem ID="F" CompositionName="Items">
                <AttributeList>
                  <Culture>it-IT</Culture>
                  <Text />
                </AttributeList>
              </MultilingualTextItem>
              <MultilingualTextItem ID="10" CompositionName="Items">
                <AttributeList>
                  <Culture>zh-CN</Culture>
                  <Text />
                </AttributeList>
              </MultilingualTextItem>
              <MultilingualTextItem ID="11" CompositionName="Items">
                <AttributeList>
                  <Culture>ja-JP</Culture>
                  <Text />
                </AttributeList>
              </MultilingualTextItem>
            </ObjectList>
          </MultilingualText>
          <MultilingualText ID="12" CompositionName="Title">
            <ObjectList>
              <MultilingualTextItem ID="13" CompositionName="Items">
                <AttributeList>
                  <Culture>es-ES</Culture>
                  <Text />
                </AttributeList>
              </MultilingualTextItem>
              <MultilingualTextItem ID="14" CompositionName="Items">
                <AttributeList>
                  <Culture>de-DE</Culture>
                  <Text />
                </AttributeList>
              </MultilingualTextItem>
              <MultilingualTextItem ID="15" CompositionName="Items">
                <AttributeList>
                  <Culture>en-US</Culture>
                  <Text />
                </AttributeList>
              </MultilingualTextItem>
              <MultilingualTextItem ID="16" CompositionName="Items">
                <AttributeList>
                  <Culture>fr-FR</Culture>
                  <Text />
                </AttributeList>
              </MultilingualTextItem>
              <MultilingualTextItem ID="17" CompositionName="Items">
                <AttributeList>
                  <Culture>it-IT</Culture>
                  <Text />
                </AttributeList>
              </MultilingualTextItem>
              <MultilingualTextItem ID="18" CompositionName="Items">
                <AttributeList>
                  <Culture>zh-CN</Culture>
                  <Text />
                </AttributeList>
              </MultilingualTextItem>
              <MultilingualTextItem ID="19" CompositionName="Items">
                <AttributeList>
                  <Culture>ja-JP</Culture>
                  <Text />
                </AttributeList>
              </MultilingualTextItem>
            </ObjectList>
          </MultilingualText>
        </ObjectList>
      </SW.Blocks.CompileUnit>
      <MultilingualText ID="1A" CompositionName="Title">
        <ObjectList>
          <MultilingualTextItem ID="1B" CompositionName="Items">
            <AttributeList>
              <Culture>es-ES</Culture>
              <Text />
            </AttributeList>
          </MultilingualTextItem>
          <MultilingualTextItem ID="1C" CompositionName="Items">
            <AttributeList>
              <Culture>de-DE</Culture>
              <Text />
            </AttributeList>
          </MultilingualTextItem>
          <MultilingualTextItem ID="1D" CompositionName="Items">
            <AttributeList>
              <Culture>en-US</Culture>
              <Text />
            </AttributeList>
          </MultilingualTextItem>
          <MultilingualTextItem ID="1E" CompositionName="Items">
            <AttributeList>
              <Culture>fr-FR</Culture>
              <Text />
            </AttributeList>
          </MultilingualTextItem>
          <MultilingualTextItem ID="1F" CompositionName="Items">
            <AttributeList>
              <Culture>it-IT</Culture>
              <Text />
            </AttributeList>
          </MultilingualTextItem>
          <MultilingualTextItem ID="20" CompositionName="Items">
            <AttributeList>
              <Culture>zh-CN</Culture>
              <Text />
            </AttributeList>
          </MultilingualTextItem>
          <MultilingualTextItem ID="21" CompositionName="Items">
            <AttributeList>
              <Culture>ja-JP</Culture>
              <Text />
            </AttributeList>
          </MultilingualTextItem>
        </ObjectList>
      </MultilingualText>
    </ObjectList>
  </SW.Blocks.FB>
</Document>