﻿<?xml version="1.0" encoding="utf-8"?>
<Document>
  <Engineering version="V17" />
  <DocumentInfo>
    <Created>2024-05-15T17:44:16.2420728Z</Created>
    <ExportSetting>WithDefaults, WithReadOnly</ExportSetting>
    <InstalledProducts>
      <Product>
        <DisplayName>Totally Integrated Automation Portal</DisplayName>
        <DisplayVersion>V17</DisplayVersion>
      </Product>
      <OptionPackage>
        <DisplayName>TIA Portal Openness</DisplayName>
        <DisplayVersion>V17</DisplayVersion>
      </OptionPackage>
      <OptionPackage>
        <DisplayName>TIA Portal Version Control Interface</DisplayName>
        <DisplayVersion>V17</DisplayVersion>
      </OptionPackage>
      <Product>
        <DisplayName>STEP 7 Professional</DisplayName>
        <DisplayVersion>V17</DisplayVersion>
      </Product>
      <OptionPackage>
        <DisplayName>STEP 7 Safety</DisplayName>
        <DisplayVersion>V17</DisplayVersion>
      </OptionPackage>
      <Product>
        <DisplayName>WinCC Advanced</DisplayName>
        <DisplayVersion>V17</DisplayVersion>
      </Product>
    </InstalledProducts>
  </DocumentInfo>
  <SW.Blocks.FB ID="0">
    <AttributeList>
      <AutoNumber>true</AutoNumber>
      <CodeModifiedDate ReadOnly="true">2024-02-15T11:57:02.4142651Z</CodeModifiedDate>
      <CompileDate ReadOnly="true">2024-02-15T11:57:02.4142651Z</CompileDate>
      <CreationDate ReadOnly="true">2023-06-27T11:18:10.5864055Z</CreationDate>
      <DownloadWithoutReinit ReadOnly="true">false</DownloadWithoutReinit>
      <HandleErrorsWithinBlock ReadOnly="true">false</HandleErrorsWithinBlock>
      <HeaderAuthor />
      <HeaderFamily />
      <HeaderName />
      <HeaderVersion>0.1</HeaderVersion>
      <Interface><Sections xmlns="http://www.siemens.com/automation/Openness/SW/Interface/v5">
  <Section Name="Input">
    <Member Name="Init" Datatype="Bool" Remanence="NonRetain" Accessibility="Public"><AttributeList><BooleanAttribute Name="ExternalAccessible" SystemDefined="true">true</BooleanAttribute><BooleanAttribute Name="ExternalVisible" SystemDefined="true">true</BooleanAttribute><BooleanAttribute Name="ExternalWritable" SystemDefined="true">true</BooleanAttribute><BooleanAttribute Name="UserVisible" Informative="true" SystemDefined="true">true</BooleanAttribute><BooleanAttribute Name="UserReadOnly" Informative="true" SystemDefined="true">false</BooleanAttribute><BooleanAttribute Name="UserDeletable" Informative="true" SystemDefined="true">true</BooleanAttribute></AttributeList></Member>
    <Member Name="Reset" Datatype="Bool" Remanence="NonRetain" Accessibility="Public"><AttributeList><BooleanAttribute Name="ExternalAccessible" SystemDefined="true">true</BooleanAttribute><BooleanAttribute Name="ExternalVisible" SystemDefined="true">true</BooleanAttribute><BooleanAttribute Name="ExternalWritable" SystemDefined="true">true</BooleanAttribute><BooleanAttribute Name="UserVisible" Informative="true" SystemDefined="true">true</BooleanAttribute><BooleanAttribute Name="UserReadOnly" Informative="true" SystemDefined="true">false</BooleanAttribute><BooleanAttribute Name="UserDeletable" Informative="true" SystemDefined="true">true</BooleanAttribute></AttributeList></Member>
    <Member Name="SolAdaptarPlan" Datatype="Bool" Remanence="NonRetain" Accessibility="Public"><AttributeList><BooleanAttribute Name="ExternalAccessible" SystemDefined="true">true</BooleanAttribute><BooleanAttribute Name="ExternalVisible" SystemDefined="true">true</BooleanAttribute><BooleanAttribute Name="ExternalWritable" SystemDefined="true">true</BooleanAttribute><BooleanAttribute Name="UserVisible" Informative="true" SystemDefined="true">true</BooleanAttribute><BooleanAttribute Name="UserReadOnly" Informative="true" SystemDefined="true">false</BooleanAttribute><BooleanAttribute Name="UserDeletable" Informative="true" SystemDefined="true">true</BooleanAttribute></AttributeList></Member>
  </Section>
  <Section Name="Output">
    <Member Name="InicioAdaptarPlan" Datatype="Bool" Remanence="NonRetain" Accessibility="Public"><AttributeList><BooleanAttribute Name="ExternalAccessible" SystemDefined="true">true</BooleanAttribute><BooleanAttribute Name="ExternalVisible" SystemDefined="true">true</BooleanAttribute><BooleanAttribute Name="ExternalWritable" SystemDefined="true">true</BooleanAttribute><BooleanAttribute Name="UserVisible" Informative="true" SystemDefined="true">true</BooleanAttribute><BooleanAttribute Name="UserReadOnly" Informative="true" SystemDefined="true">false</BooleanAttribute><BooleanAttribute Name="UserDeletable" Informative="true" SystemDefined="true">true</BooleanAttribute></AttributeList></Member>
    <Member Name="FinAdaptarPlan" Datatype="Bool" Remanence="NonRetain" Accessibility="Public"><AttributeList><BooleanAttribute Name="ExternalAccessible" SystemDefined="true">true</BooleanAttribute><BooleanAttribute Name="ExternalVisible" SystemDefined="true">true</BooleanAttribute><BooleanAttribute Name="ExternalWritable" SystemDefined="true">true</BooleanAttribute><BooleanAttribute Name="UserVisible" Informative="true" SystemDefined="true">true</BooleanAttribute><BooleanAttribute Name="UserReadOnly" Informative="true" SystemDefined="true">false</BooleanAttribute><BooleanAttribute Name="UserDeletable" Informative="true" SystemDefined="true">true</BooleanAttribute></AttributeList></Member>
  </Section>
  <Section Name="InOut" />
  <Section Name="Static">
    <Member Name="X3000" Datatype="Bool" Remanence="NonRetain" Accessibility="Public"><AttributeList><BooleanAttribute Name="ExternalAccessible" SystemDefined="true">true</BooleanAttribute><BooleanAttribute Name="ExternalVisible" SystemDefined="true">true</BooleanAttribute><BooleanAttribute Name="ExternalWritable" SystemDefined="true">true</BooleanAttribute><BooleanAttribute Name="UserVisible" Informative="true" SystemDefined="true">true</BooleanAttribute><BooleanAttribute Name="UserReadOnly" Informative="true" SystemDefined="true">false</BooleanAttribute><BooleanAttribute Name="UserDeletable" Informative="true" SystemDefined="true">true</BooleanAttribute><BooleanAttribute Name="SetPoint" SystemDefined="true">false</BooleanAttribute></AttributeList></Member>
    <Member Name="X3001" Datatype="Bool" Remanence="NonRetain" Accessibility="Public"><AttributeList><BooleanAttribute Name="ExternalAccessible" SystemDefined="true">true</BooleanAttribute><BooleanAttribute Name="ExternalVisible" SystemDefined="true">true</BooleanAttribute><BooleanAttribute Name="ExternalWritable" SystemDefined="true">true</BooleanAttribute><BooleanAttribute Name="UserVisible" Informative="true" SystemDefined="true">true</BooleanAttribute><BooleanAttribute Name="UserReadOnly" Informative="true" SystemDefined="true">false</BooleanAttribute><BooleanAttribute Name="UserDeletable" Informative="true" SystemDefined="true">true</BooleanAttribute><BooleanAttribute Name="SetPoint" SystemDefined="true">false</BooleanAttribute></AttributeList></Member>
    <Member Name="X3002" Datatype="Bool" Remanence="NonRetain" Accessibility="Public"><AttributeList><BooleanAttribute Name="ExternalAccessible" SystemDefined="true">true</BooleanAttribute><BooleanAttribute Name="ExternalVisible" SystemDefined="true">true</BooleanAttribute><BooleanAttribute Name="ExternalWritable" SystemDefined="true">true</BooleanAttribute><BooleanAttribute Name="UserVisible" Informative="true" SystemDefined="true">true</BooleanAttribute><BooleanAttribute Name="UserReadOnly" Informative="true" SystemDefined="true">false</BooleanAttribute><BooleanAttribute Name="UserDeletable" Informative="true" SystemDefined="true">true</BooleanAttribute><BooleanAttribute Name="SetPoint" SystemDefined="true">false</BooleanAttribute></AttributeList></Member>
    <Member Name="X3003" Datatype="Bool" Remanence="NonRetain" Accessibility="Public"><AttributeList><BooleanAttribute Name="ExternalAccessible" SystemDefined="true">true</BooleanAttribute><BooleanAttribute Name="ExternalVisible" SystemDefined="true">true</BooleanAttribute><BooleanAttribute Name="ExternalWritable" SystemDefined="true">true</BooleanAttribute><BooleanAttribute Name="UserVisible" Informative="true" SystemDefined="true">true</BooleanAttribute><BooleanAttribute Name="UserReadOnly" Informative="true" SystemDefined="true">false</BooleanAttribute><BooleanAttribute Name="UserDeletable" Informative="true" SystemDefined="true">true</BooleanAttribute><BooleanAttribute Name="SetPoint" SystemDefined="true">false</BooleanAttribute></AttributeList></Member>
  </Section>
  <Section Name="Temp" />
  <Section Name="Constant" />
</Sections></Interface>
      <InterfaceModifiedDate ReadOnly="true">2023-02-16T18:34:03.5075944Z</InterfaceModifiedDate>
      <IsConsistent ReadOnly="true">true</IsConsistent>
      <IsIECCheckEnabled>false</IsIECCheckEnabled>
      <IsKnowHowProtected ReadOnly="true">false</IsKnowHowProtected>
      <ISMultiInstanceCapable ReadOnly="true">true</ISMultiInstanceCapable>
      <IsRetainMemResEnabled>false</IsRetainMemResEnabled>
      <IsWriteProtected ReadOnly="true">false</IsWriteProtected>
      <LibraryConformanceStatus ReadOnly="true">Warning: The object contains access to global data blocks.
</LibraryConformanceStatus>
      <MemoryLayout>Optimized</MemoryLayout>
      <MemoryReserve>100</MemoryReserve>
      <ModifiedDate ReadOnly="true">2024-02-15T11:57:02.4142651Z</ModifiedDate>
      <Name>GCG_AdaptarPlan</Name>
      <Number>9</Number>
      <ParameterModified ReadOnly="true">2023-02-16T18:34:03.5075944Z</ParameterModified>
      <PLCSimAdvancedSupport ReadOnly="true">true</PLCSimAdvancedSupport>
      <ProgrammingLanguage>SCL</ProgrammingLanguage>
      <SetENOAutomatically>false</SetENOAutomatically>
      <StructureModified ReadOnly="true">2023-02-16T18:34:03.5075944Z</StructureModified>
      <UDABlockProperties />
      <UDAEnableTagReadback>false</UDAEnableTagReadback>
    </AttributeList>
    <ObjectList>
      <MultilingualText ID="1" CompositionName="Comment">
        <ObjectList>
          <MultilingualTextItem ID="2" CompositionName="Items">
            <AttributeList>
              <Culture>es-ES</Culture>
              <Text />
            </AttributeList>
          </MultilingualTextItem>
          <MultilingualTextItem ID="3" CompositionName="Items">
            <AttributeList>
              <Culture>de-DE</Culture>
              <Text />
            </AttributeList>
          </MultilingualTextItem>
          <MultilingualTextItem ID="4" CompositionName="Items">
            <AttributeList>
              <Culture>en-US</Culture>
              <Text />
            </AttributeList>
          </MultilingualTextItem>
          <MultilingualTextItem ID="5" CompositionName="Items">
            <AttributeList>
              <Culture>fr-FR</Culture>
              <Text />
            </AttributeList>
          </MultilingualTextItem>
          <MultilingualTextItem ID="6" CompositionName="Items">
            <AttributeList>
              <Culture>it-IT</Culture>
              <Text />
            </AttributeList>
          </MultilingualTextItem>
          <MultilingualTextItem ID="7" CompositionName="Items">
            <AttributeList>
              <Culture>zh-CN</Culture>
              <Text />
            </AttributeList>
          </MultilingualTextItem>
          <MultilingualTextItem ID="8" CompositionName="Items">
            <AttributeList>
              <Culture>ja-JP</Culture>
              <Text />
            </AttributeList>
          </MultilingualTextItem>
        </ObjectList>
      </MultilingualText>
      <SW.Blocks.CompileUnit ID="9" CompositionName="CompileUnits">
        <AttributeList>
          <NetworkSource><StructuredText xmlns="http://www.siemens.com/automation/Openness/SW/NetworkSource/StructuredText/v3">
  <LineComment Inserted="true" NoClosingBracket="false" UId="21">
    <Text UId="22"> Set -Reset ________________________________________________________________ X3000 </Text>
  </LineComment>
  <NewLine Num="1" UId="23" />
  <Token Text="IF" UId="24" />
  <Blank Num="1" UId="25" />
  <Token Text="(" UId="26" />
  <Token Text="(" UId="27" />
  <Access Scope="LocalVariable" UId="28">
    <Symbol UId="29">
      <Component Name="X3003" UId="30" />
    </Symbol>
  </Access>
  <Blank Num="1" UId="31" />
  <Token Text=")" UId="32" />
  <Blank Num="1" UId="33" />
  <Token Text="OR" UId="34" />
  <Blank Num="1" UId="35" />
  <Access Scope="LocalVariable" UId="36">
    <Symbol UId="37">
      <Component Name="Init" UId="38" />
    </Symbol>
  </Access>
  <Token Text=")" UId="39" />
  <Blank Num="1" UId="40" />
  <Token Text="THEN" UId="41" />
  <NewLine Num="1" UId="42" />
  <Blank Num="4" UId="43" />
  <Access Scope="LocalVariable" UId="44">
    <Symbol UId="45">
      <Component Name="X3000" UId="46" />
    </Symbol>
  </Access>
  <Blank Num="1" UId="47" />
  <Token Text=":=" UId="48" />
  <Blank Num="1" UId="49" />
  <Access Scope="LiteralConstant" UId="50">
    <Constant UId="51">
      <ConstantType Informative="true" UId="52">Bool</ConstantType>
      <ConstantValue UId="53">1</ConstantValue>
      <StringAttribute Name="Format" Informative="true">Dec_signed</StringAttribute>
    </Constant>
  </Access>
  <Token Text=";" UId="54" />
  <NewLine Num="1" UId="55" />
  <Token Text="END_IF" UId="56" />
  <Token Text=";" UId="57" />
  <NewLine Num="1" UId="58" />
  <Token Text="IF" UId="59" />
  <Blank Num="1" UId="60" />
  <Token Text="(" UId="61" />
  <Access Scope="LocalVariable" UId="62">
    <Symbol UId="63">
      <Component Name="X3001" UId="64" />
    </Symbol>
  </Access>
  <Blank Num="1" UId="65" />
  <Token Text="OR" UId="66" />
  <Blank Num="1" UId="67" />
  <Access Scope="LocalVariable" UId="68">
    <Symbol UId="69">
      <Component Name="Reset" UId="70" />
    </Symbol>
  </Access>
  <Token Text=")" UId="71" />
  <Blank Num="1" UId="72" />
  <Token Text="THEN" UId="73" />
  <NewLine Num="1" UId="74" />
  <Blank Num="4" UId="75" />
  <Access Scope="LocalVariable" UId="76">
    <Symbol UId="77">
      <Component Name="X3000" UId="78" />
    </Symbol>
  </Access>
  <Blank Num="1" UId="79" />
  <Token Text=":=" UId="80" />
  <Blank Num="1" UId="81" />
  <Access Scope="LiteralConstant" UId="82">
    <Constant UId="83">
      <ConstantType Informative="true" UId="84">Bool</ConstantType>
      <ConstantValue UId="85">0</ConstantValue>
      <StringAttribute Name="Format" Informative="true">Dec_signed</StringAttribute>
    </Constant>
  </Access>
  <Token Text=";" UId="86" />
  <NewLine Num="1" UId="87" />
  <Token Text="END_IF" UId="88" />
  <Token Text=";" UId="89" />
  <NewLine Num="2" UId="90" />
  <LineComment Inserted="true" NoClosingBracket="false" UId="91">
    <Text UId="92"> Set -Reset ________________________________________________________________ X3001 </Text>
  </LineComment>
  <NewLine Num="1" UId="93" />
  <Token Text="IF" UId="94" />
  <Blank Num="1" UId="95" />
  <Token Text="(" UId="96" />
  <Token Text="(" UId="97" />
  <Access Scope="LocalVariable" UId="98">
    <Symbol UId="99">
      <Component Name="X3000" UId="100" />
    </Symbol>
  </Access>
  <Blank Num="1" UId="101" />
  <Token Text="AND" UId="102" />
  <Blank Num="1" UId="103" />
  <Access Scope="GlobalVariable" UId="104">
    <Symbol UId="105">
      <Component Name="CG Celula_DB" UId="106" />
      <Token Text="." UId="107" />
      <Component Name="MI" UId="108" />
      <Token Text="." UId="109" />
      <Component Name="HMI" UId="110" />
      <Token Text="." UId="111" />
      <Component Name="Tabla Prod" UId="112" />
      <Token Text="." UId="113" />
      <Component Name="CG_AddTP" UId="114" />
      <Address Area="None" Type="Bool" BlockNumber="24" BitOffset="12984" Informative="true" />
    </Symbol>
  </Access>
  <Blank Num="1" UId="115" />
  <Token Text="AND" UId="116" />
  <Blank Num="1" UId="117" />
  <Access Scope="LocalVariable" UId="118">
    <Symbol UId="119">
      <Component Name="SolAdaptarPlan" UId="120" />
    </Symbol>
  </Access>
  <Token Text=")" UId="121" />
  <Token Text=")" UId="122" />
  <Blank Num="1" UId="123" />
  <Token Text="THEN" UId="124" />
  <NewLine Num="1" UId="125" />
  <Blank Num="4" UId="126" />
  <Access Scope="LocalVariable" UId="127">
    <Symbol UId="128">
      <Component Name="X3001" UId="129" />
    </Symbol>
  </Access>
  <Blank Num="1" UId="130" />
  <Token Text=":=" UId="131" />
  <Blank Num="1" UId="132" />
  <Access Scope="LiteralConstant" UId="133">
    <Constant UId="134">
      <ConstantType Informative="true" UId="135">Bool</ConstantType>
      <ConstantValue UId="136">1</ConstantValue>
      <StringAttribute Name="Format" Informative="true">Dec_signed</StringAttribute>
    </Constant>
  </Access>
  <Token Text=";" UId="137" />
  <NewLine Num="1" UId="138" />
  <Token Text="END_IF" UId="139" />
  <Token Text=";" UId="140" />
  <NewLine Num="1" UId="141" />
  <Token Text="IF" UId="142" />
  <Blank Num="1" UId="143" />
  <Token Text="(" UId="144" />
  <Access Scope="LocalVariable" UId="145">
    <Symbol UId="146">
      <Component Name="X3002" UId="147" />
    </Symbol>
  </Access>
  <Blank Num="1" UId="148" />
  <Token Text="OR" UId="149" />
  <Blank Num="1" UId="150" />
  <Access Scope="LocalVariable" UId="151">
    <Symbol UId="152">
      <Component Name="Init" UId="153" />
    </Symbol>
  </Access>
  <Blank Num="1" UId="154" />
  <Token Text="OR" UId="155" />
  <Blank Num="1" UId="156" />
  <Access Scope="LocalVariable" UId="157">
    <Symbol UId="158">
      <Component Name="Reset" UId="159" />
    </Symbol>
  </Access>
  <Token Text=")" UId="160" />
  <Blank Num="1" UId="161" />
  <Token Text="THEN" UId="162" />
  <NewLine Num="1" UId="163" />
  <Blank Num="4" UId="164" />
  <Access Scope="LocalVariable" UId="165">
    <Symbol UId="166">
      <Component Name="X3001" UId="167" />
    </Symbol>
  </Access>
  <Blank Num="1" UId="168" />
  <Token Text=":=" UId="169" />
  <Blank Num="1" UId="170" />
  <Access Scope="LiteralConstant" UId="171">
    <Constant UId="172">
      <ConstantType Informative="true" UId="173">Bool</ConstantType>
      <ConstantValue UId="174">0</ConstantValue>
      <StringAttribute Name="Format" Informative="true">Dec_signed</StringAttribute>
    </Constant>
  </Access>
  <Token Text=";" UId="175" />
  <NewLine Num="1" UId="176" />
  <Token Text="END_IF" UId="177" />
  <Token Text=";" UId="178" />
  <NewLine Num="2" UId="179" />
  <LineComment Inserted="true" NoClosingBracket="false" UId="180">
    <Text UId="181"> Set -Reset ________________________________________________________________ X3002 </Text>
  </LineComment>
  <NewLine Num="1" UId="182" />
  <Token Text="IF" UId="183" />
  <Blank Num="1" UId="184" />
  <Token Text="(" UId="185" />
  <Token Text="(" UId="186" />
  <Access Scope="LocalVariable" UId="187">
    <Symbol UId="188">
      <Component Name="X3001" UId="189" />
    </Symbol>
  </Access>
  <Token Text=")" UId="190" />
  <Token Text=")" UId="191" />
  <Blank Num="1" UId="192" />
  <Token Text="THEN" UId="193" />
  <NewLine Num="1" UId="194" />
  <Blank Num="4" UId="195" />
  <Access Scope="LocalVariable" UId="196">
    <Symbol UId="197">
      <Component Name="X3002" UId="198" />
    </Symbol>
  </Access>
  <Blank Num="1" UId="199" />
  <Token Text=":=" UId="200" />
  <Blank Num="1" UId="201" />
  <Access Scope="LiteralConstant" UId="202">
    <Constant UId="203">
      <ConstantType Informative="true" UId="204">Bool</ConstantType>
      <ConstantValue UId="205">1</ConstantValue>
      <StringAttribute Name="Format" Informative="true">Dec_signed</StringAttribute>
    </Constant>
  </Access>
  <Token Text=";" UId="206" />
  <NewLine Num="1" UId="207" />
  <Token Text="END_IF" UId="208" />
  <Token Text=";" UId="209" />
  <NewLine Num="1" UId="210" />
  <Token Text="IF" UId="211" />
  <Blank Num="1" UId="212" />
  <Token Text="(" UId="213" />
  <Access Scope="LocalVariable" UId="214">
    <Symbol UId="215">
      <Component Name="X3003" UId="216" />
    </Symbol>
  </Access>
  <Blank Num="1" UId="217" />
  <Token Text="OR" UId="218" />
  <Blank Num="1" UId="219" />
  <Access Scope="LocalVariable" UId="220">
    <Symbol UId="221">
      <Component Name="Init" UId="222" />
    </Symbol>
  </Access>
  <Blank Num="1" UId="223" />
  <Token Text="OR" UId="224" />
  <Blank Num="1" UId="225" />
  <Access Scope="LocalVariable" UId="226">
    <Symbol UId="227">
      <Component Name="Reset" UId="228" />
    </Symbol>
  </Access>
  <Token Text=")" UId="229" />
  <Blank Num="1" UId="230" />
  <Token Text="THEN" UId="231" />
  <NewLine Num="1" UId="232" />
  <Blank Num="4" UId="233" />
  <Access Scope="LocalVariable" UId="234">
    <Symbol UId="235">
      <Component Name="X3002" UId="236" />
    </Symbol>
  </Access>
  <Blank Num="1" UId="237" />
  <Token Text=":=" UId="238" />
  <Blank Num="1" UId="239" />
  <Access Scope="LiteralConstant" UId="240">
    <Constant UId="241">
      <ConstantType Informative="true" UId="242">Bool</ConstantType>
      <ConstantValue UId="243">0</ConstantValue>
      <StringAttribute Name="Format" Informative="true">Dec_signed</StringAttribute>
    </Constant>
  </Access>
  <Token Text=";" UId="244" />
  <NewLine Num="1" UId="245" />
  <Token Text="END_IF" UId="246" />
  <Token Text=";" UId="247" />
  <NewLine Num="2" UId="248" />
  <LineComment Inserted="true" NoClosingBracket="false" UId="249">
    <Text UId="250"> Set -Reset ________________________________________________________________ X3003 </Text>
  </LineComment>
  <NewLine Num="1" UId="251" />
  <Token Text="IF" UId="252" />
  <Blank Num="1" UId="253" />
  <Token Text="(" UId="254" />
  <Blank Num="1" UId="255" />
  <Access Scope="LocalVariable" UId="256">
    <Symbol UId="257">
      <Component Name="X3002" UId="258" />
    </Symbol>
  </Access>
  <Blank Num="1" UId="259" />
  <Token Text="AND" UId="260" />
  <Blank Num="1" UId="261" />
  <Token Text="(" UId="262" />
  <Token Text="NOT" UId="263" />
  <Blank Num="1" UId="264" />
  <Access Scope="GlobalVariable" UId="265">
    <Symbol UId="266">
      <Component Name="CG Celula_DB" UId="267" />
      <Token Text="." UId="268" />
      <Component Name="MI" UId="269" />
      <Token Text="." UId="270" />
      <Component Name="HMI" UId="271" />
      <Token Text="." UId="272" />
      <Component Name="Tabla Prod" UId="273" />
      <Token Text="." UId="274" />
      <Component Name="CG_AddTP" UId="275" />
      <Address Area="None" Type="Bool" BlockNumber="24" BitOffset="12984" Informative="true" />
    </Symbol>
  </Access>
  <Blank Num="1" UId="276" />
  <Token Text=")" UId="277" />
  <Token Text=")" UId="278" />
  <Blank Num="1" UId="279" />
  <Token Text="THEN" UId="280" />
  <NewLine Num="1" UId="281" />
  <Blank Num="4" UId="282" />
  <Access Scope="LocalVariable" UId="283">
    <Symbol UId="284">
      <Component Name="X3003" UId="285" />
    </Symbol>
  </Access>
  <Blank Num="1" UId="286" />
  <Token Text=":=" UId="287" />
  <Blank Num="1" UId="288" />
  <Access Scope="LiteralConstant" UId="289">
    <Constant UId="290">
      <ConstantType Informative="true" UId="291">Bool</ConstantType>
      <ConstantValue UId="292">1</ConstantValue>
      <StringAttribute Name="Format" Informative="true">Dec_signed</StringAttribute>
    </Constant>
  </Access>
  <Token Text=";" UId="293" />
  <NewLine Num="1" UId="294" />
  <Token Text="END_IF" UId="295" />
  <Token Text=";" UId="296" />
  <NewLine Num="1" UId="297" />
  <Token Text="IF" UId="298" />
  <Blank Num="1" UId="299" />
  <Token Text="(" UId="300" />
  <Access Scope="LocalVariable" UId="301">
    <Symbol UId="302">
      <Component Name="X3000" UId="303" />
    </Symbol>
  </Access>
  <Blank Num="1" UId="304" />
  <Token Text="OR" UId="305" />
  <Blank Num="1" UId="306" />
  <Access Scope="LocalVariable" UId="307">
    <Symbol UId="308">
      <Component Name="Init" UId="309" />
    </Symbol>
  </Access>
  <Blank Num="1" UId="310" />
  <Token Text="OR" UId="311" />
  <Blank Num="1" UId="312" />
  <Access Scope="LocalVariable" UId="313">
    <Symbol UId="314">
      <Component Name="Reset" UId="315" />
    </Symbol>
  </Access>
  <Token Text=")" UId="316" />
  <Blank Num="1" UId="317" />
  <Token Text="THEN" UId="318" />
  <NewLine Num="1" UId="319" />
  <Blank Num="4" UId="320" />
  <Access Scope="LocalVariable" UId="321">
    <Symbol UId="322">
      <Component Name="X3003" UId="323" />
    </Symbol>
  </Access>
  <Blank Num="1" UId="324" />
  <Token Text=":=" UId="325" />
  <Blank Num="1" UId="326" />
  <Access Scope="LiteralConstant" UId="327">
    <Constant UId="328">
      <ConstantType Informative="true" UId="329">Bool</ConstantType>
      <ConstantValue UId="330">0</ConstantValue>
      <StringAttribute Name="Format" Informative="true">Dec_signed</StringAttribute>
    </Constant>
  </Access>
  <Token Text=";" UId="331" />
  <NewLine Num="1" UId="332" />
  <Token Text="END_IF" UId="333" />
  <Token Text=";" UId="334" />
  <NewLine Num="2" UId="335" />
  <LineComment Inserted="true" NoClosingBracket="false" UId="336">
    <Text UId="337"> Señales de Control </Text>
  </LineComment>
  <NewLine Num="1" UId="338" />
  <Access Scope="LocalVariable" UId="339">
    <Symbol UId="340">
      <Component Name="InicioAdaptarPlan" UId="341" />
    </Symbol>
  </Access>
  <Blank Num="1" UId="342" />
  <Token Text=":=" UId="343" />
  <Blank Num="1" UId="344" />
  <Access Scope="LocalVariable" UId="345">
    <Symbol UId="346">
      <Component Name="X3000" UId="347" />
    </Symbol>
  </Access>
  <Token Text=";" UId="348" />
  <NewLine Num="2" UId="349" />
</StructuredText></NetworkSource>
          <ProgrammingLanguage>SCL</ProgrammingLanguage>
        </AttributeList>
        <ObjectList>
          <MultilingualText ID="A" CompositionName="Comment">
            <ObjectList>
              <MultilingualTextItem ID="B" CompositionName="Items">
                <AttributeList>
                  <Culture>es-ES</Culture>
                  <Text />
                </AttributeList>
              </MultilingualTextItem>
              <MultilingualTextItem ID="C" CompositionName="Items">
                <AttributeList>
                  <Culture>de-DE</Culture>
                  <Text />
                </AttributeList>
              </MultilingualTextItem>
              <MultilingualTextItem ID="D" CompositionName="Items">
                <AttributeList>
                  <Culture>en-US</Culture>
                  <Text />
                </AttributeList>
              </MultilingualTextItem>
              <MultilingualTextItem ID="E" CompositionName="Items">
                <AttributeList>
                  <Culture>fr-FR</Culture>
                  <Text />
                </AttributeList>
              </MultilingualTextItem>
              <MultilingualTextItem ID="F" CompositionName="Items">
                <AttributeList>
                  <Culture>it-IT</Culture>
                  <Text />
                </AttributeList>
              </MultilingualTextItem>
              <MultilingualTextItem ID="10" CompositionName="Items">
                <AttributeList>
                  <Culture>zh-CN</Culture>
                  <Text />
                </AttributeList>
              </MultilingualTextItem>
              <MultilingualTextItem ID="11" CompositionName="Items">
                <AttributeList>
                  <Culture>ja-JP</Culture>
                  <Text />
                </AttributeList>
              </MultilingualTextItem>
            </ObjectList>
          </MultilingualText>
          <MultilingualText ID="12" CompositionName="Title">
            <ObjectList>
              <MultilingualTextItem ID="13" CompositionName="Items">
                <AttributeList>
                  <Culture>es-ES</Culture>
                  <Text />
                </AttributeList>
              </MultilingualTextItem>
              <MultilingualTextItem ID="14" CompositionName="Items">
                <AttributeList>
                  <Culture>de-DE</Culture>
                  <Text />
                </AttributeList>
              </MultilingualTextItem>
              <MultilingualTextItem ID="15" CompositionName="Items">
                <AttributeList>
                  <Culture>en-US</Culture>
                  <Text />
                </AttributeList>
              </MultilingualTextItem>
              <MultilingualTextItem ID="16" CompositionName="Items">
                <AttributeList>
                  <Culture>fr-FR</Culture>
                  <Text />
                </AttributeList>
              </MultilingualTextItem>
              <MultilingualTextItem ID="17" CompositionName="Items">
                <AttributeList>
                  <Culture>it-IT</Culture>
                  <Text />
                </AttributeList>
              </MultilingualTextItem>
              <MultilingualTextItem ID="18" CompositionName="Items">
                <AttributeList>
                  <Culture>zh-CN</Culture>
                  <Text />
                </AttributeList>
              </MultilingualTextItem>
              <MultilingualTextItem ID="19" CompositionName="Items">
                <AttributeList>
                  <Culture>ja-JP</Culture>
                  <Text />
                </AttributeList>
              </MultilingualTextItem>
            </ObjectList>
          </MultilingualText>
        </ObjectList>
      </SW.Blocks.CompileUnit>
      <MultilingualText ID="1A" CompositionName="Title">
        <ObjectList>
          <MultilingualTextItem ID="1B" CompositionName="Items">
            <AttributeList>
              <Culture>es-ES</Culture>
              <Text />
            </AttributeList>
          </MultilingualTextItem>
          <MultilingualTextItem ID="1C" CompositionName="Items">
            <AttributeList>
              <Culture>de-DE</Culture>
              <Text />
            </AttributeList>
          </MultilingualTextItem>
          <MultilingualTextItem ID="1D" CompositionName="Items">
            <AttributeList>
              <Culture>en-US</Culture>
              <Text />
            </AttributeList>
          </MultilingualTextItem>
          <MultilingualTextItem ID="1E" CompositionName="Items">
            <AttributeList>
              <Culture>fr-FR</Culture>
              <Text />
            </AttributeList>
          </MultilingualTextItem>
          <MultilingualTextItem ID="1F" CompositionName="Items">
            <AttributeList>
              <Culture>it-IT</Culture>
              <Text />
            </AttributeList>
          </MultilingualTextItem>
          <MultilingualTextItem ID="20" CompositionName="Items">
            <AttributeList>
              <Culture>zh-CN</Culture>
              <Text />
            </AttributeList>
          </MultilingualTextItem>
          <MultilingualTextItem ID="21" CompositionName="Items">
            <AttributeList>
              <Culture>ja-JP</Culture>
              <Text />
            </AttributeList>
          </MultilingualTextItem>
        </ObjectList>
      </MultilingualText>
    </ObjectList>
  </SW.Blocks.FB>
</Document>