﻿<?xml version="1.0" encoding="utf-8"?>
<Document>
  <Engineering version="V17" />
  <DocumentInfo>
    <Created>2024-05-15T17:44:16.3806702Z</Created>
    <ExportSetting>WithDefaults, WithReadOnly</ExportSetting>
    <InstalledProducts>
      <Product>
        <DisplayName>Totally Integrated Automation Portal</DisplayName>
        <DisplayVersion>V17</DisplayVersion>
      </Product>
      <OptionPackage>
        <DisplayName>TIA Portal Openness</DisplayName>
        <DisplayVersion>V17</DisplayVersion>
      </OptionPackage>
      <OptionPackage>
        <DisplayName>TIA Portal Version Control Interface</DisplayName>
        <DisplayVersion>V17</DisplayVersion>
      </OptionPackage>
      <Product>
        <DisplayName>STEP 7 Professional</DisplayName>
        <DisplayVersion>V17</DisplayVersion>
      </Product>
      <OptionPackage>
        <DisplayName>STEP 7 Safety</DisplayName>
        <DisplayVersion>V17</DisplayVersion>
      </OptionPackage>
      <Product>
        <DisplayName>WinCC Advanced</DisplayName>
        <DisplayVersion>V17</DisplayVersion>
      </Product>
    </InstalledProducts>
  </DocumentInfo>
  <SW.Blocks.FB ID="0">
    <AttributeList>
      <AutoNumber>true</AutoNumber>
      <CodeModifiedDate ReadOnly="true">2024-02-15T11:57:01.8983511Z</CodeModifiedDate>
      <CompileDate ReadOnly="true">2024-02-15T11:57:01.8983511Z</CompileDate>
      <CreationDate ReadOnly="true">2023-06-27T11:18:10.5864055Z</CreationDate>
      <DownloadWithoutReinit ReadOnly="true">false</DownloadWithoutReinit>
      <HandleErrorsWithinBlock ReadOnly="true">false</HandleErrorsWithinBlock>
      <HeaderAuthor />
      <HeaderFamily />
      <HeaderName />
      <HeaderVersion>0.1</HeaderVersion>
      <Interface><Sections xmlns="http://www.siemens.com/automation/Openness/SW/Interface/v5">
  <Section Name="Input">
    <Member Name="Init" Datatype="Bool" Remanence="NonRetain" Accessibility="Public"><AttributeList><BooleanAttribute Name="ExternalAccessible" SystemDefined="true">true</BooleanAttribute><BooleanAttribute Name="ExternalVisible" SystemDefined="true">true</BooleanAttribute><BooleanAttribute Name="ExternalWritable" SystemDefined="true">true</BooleanAttribute><BooleanAttribute Name="UserVisible" Informative="true" SystemDefined="true">true</BooleanAttribute><BooleanAttribute Name="UserReadOnly" Informative="true" SystemDefined="true">false</BooleanAttribute><BooleanAttribute Name="UserDeletable" Informative="true" SystemDefined="true">true</BooleanAttribute></AttributeList></Member>
    <Member Name="Reset" Datatype="Bool" Remanence="NonRetain" Accessibility="Public"><AttributeList><BooleanAttribute Name="ExternalAccessible" SystemDefined="true">true</BooleanAttribute><BooleanAttribute Name="ExternalVisible" SystemDefined="true">true</BooleanAttribute><BooleanAttribute Name="ExternalWritable" SystemDefined="true">true</BooleanAttribute><BooleanAttribute Name="UserVisible" Informative="true" SystemDefined="true">true</BooleanAttribute><BooleanAttribute Name="UserReadOnly" Informative="true" SystemDefined="true">false</BooleanAttribute><BooleanAttribute Name="UserDeletable" Informative="true" SystemDefined="true">true</BooleanAttribute></AttributeList></Member>
    <Member Name="SolGestionarPlan" Datatype="Bool" Remanence="NonRetain" Accessibility="Public"><AttributeList><BooleanAttribute Name="ExternalAccessible" SystemDefined="true">true</BooleanAttribute><BooleanAttribute Name="ExternalVisible" SystemDefined="true">true</BooleanAttribute><BooleanAttribute Name="ExternalWritable" SystemDefined="true">true</BooleanAttribute><BooleanAttribute Name="UserVisible" Informative="true" SystemDefined="true">true</BooleanAttribute><BooleanAttribute Name="UserReadOnly" Informative="true" SystemDefined="true">false</BooleanAttribute><BooleanAttribute Name="UserDeletable" Informative="true" SystemDefined="true">true</BooleanAttribute></AttributeList></Member>
  </Section>
  <Section Name="Output">
    <Member Name="InicioGestionarPlan" Datatype="Bool" Remanence="NonRetain" Accessibility="Public"><AttributeList><BooleanAttribute Name="ExternalAccessible" SystemDefined="true">true</BooleanAttribute><BooleanAttribute Name="ExternalVisible" SystemDefined="true">true</BooleanAttribute><BooleanAttribute Name="ExternalWritable" SystemDefined="true">true</BooleanAttribute><BooleanAttribute Name="UserVisible" Informative="true" SystemDefined="true">true</BooleanAttribute><BooleanAttribute Name="UserReadOnly" Informative="true" SystemDefined="true">false</BooleanAttribute><BooleanAttribute Name="UserDeletable" Informative="true" SystemDefined="true">true</BooleanAttribute></AttributeList></Member>
    <Member Name="RealizarPlan" Datatype="Bool" Remanence="NonRetain" Accessibility="Public"><AttributeList><BooleanAttribute Name="ExternalAccessible" SystemDefined="true">true</BooleanAttribute><BooleanAttribute Name="ExternalVisible" SystemDefined="true">true</BooleanAttribute><BooleanAttribute Name="ExternalWritable" SystemDefined="true">true</BooleanAttribute><BooleanAttribute Name="UserVisible" Informative="true" SystemDefined="true">true</BooleanAttribute><BooleanAttribute Name="UserReadOnly" Informative="true" SystemDefined="true">false</BooleanAttribute><BooleanAttribute Name="UserDeletable" Informative="true" SystemDefined="true">true</BooleanAttribute></AttributeList></Member>
    <Member Name="FinGestionarPlan" Datatype="Bool" Remanence="NonRetain" Accessibility="Public"><AttributeList><BooleanAttribute Name="ExternalAccessible" SystemDefined="true">true</BooleanAttribute><BooleanAttribute Name="ExternalVisible" SystemDefined="true">true</BooleanAttribute><BooleanAttribute Name="ExternalWritable" SystemDefined="true">true</BooleanAttribute><BooleanAttribute Name="UserVisible" Informative="true" SystemDefined="true">true</BooleanAttribute><BooleanAttribute Name="UserReadOnly" Informative="true" SystemDefined="true">false</BooleanAttribute><BooleanAttribute Name="UserDeletable" Informative="true" SystemDefined="true">true</BooleanAttribute></AttributeList></Member>
  </Section>
  <Section Name="InOut" />
  <Section Name="Static">
    <Member Name="X1074" Datatype="Bool" Remanence="NonRetain" Accessibility="Public"><AttributeList><BooleanAttribute Name="ExternalAccessible" SystemDefined="true">true</BooleanAttribute><BooleanAttribute Name="ExternalVisible" SystemDefined="true">true</BooleanAttribute><BooleanAttribute Name="ExternalWritable" SystemDefined="true">true</BooleanAttribute><BooleanAttribute Name="UserVisible" Informative="true" SystemDefined="true">true</BooleanAttribute><BooleanAttribute Name="UserReadOnly" Informative="true" SystemDefined="true">false</BooleanAttribute><BooleanAttribute Name="UserDeletable" Informative="true" SystemDefined="true">true</BooleanAttribute><BooleanAttribute Name="SetPoint" SystemDefined="true">false</BooleanAttribute></AttributeList></Member>
    <Member Name="X1070" Datatype="Bool" Remanence="NonRetain" Accessibility="Public"><AttributeList><BooleanAttribute Name="ExternalAccessible" SystemDefined="true">true</BooleanAttribute><BooleanAttribute Name="ExternalVisible" SystemDefined="true">true</BooleanAttribute><BooleanAttribute Name="ExternalWritable" SystemDefined="true">true</BooleanAttribute><BooleanAttribute Name="UserVisible" Informative="true" SystemDefined="true">true</BooleanAttribute><BooleanAttribute Name="UserReadOnly" Informative="true" SystemDefined="true">false</BooleanAttribute><BooleanAttribute Name="UserDeletable" Informative="true" SystemDefined="true">true</BooleanAttribute><BooleanAttribute Name="SetPoint" SystemDefined="true">false</BooleanAttribute></AttributeList></Member>
    <Member Name="X1071" Datatype="Bool" Remanence="NonRetain" Accessibility="Public"><AttributeList><BooleanAttribute Name="ExternalAccessible" SystemDefined="true">true</BooleanAttribute><BooleanAttribute Name="ExternalVisible" SystemDefined="true">true</BooleanAttribute><BooleanAttribute Name="ExternalWritable" SystemDefined="true">true</BooleanAttribute><BooleanAttribute Name="UserVisible" Informative="true" SystemDefined="true">true</BooleanAttribute><BooleanAttribute Name="UserReadOnly" Informative="true" SystemDefined="true">false</BooleanAttribute><BooleanAttribute Name="UserDeletable" Informative="true" SystemDefined="true">true</BooleanAttribute><BooleanAttribute Name="SetPoint" SystemDefined="true">false</BooleanAttribute></AttributeList></Member>
    <Member Name="X1072" Datatype="Bool" Remanence="NonRetain" Accessibility="Public"><AttributeList><BooleanAttribute Name="ExternalAccessible" SystemDefined="true">true</BooleanAttribute><BooleanAttribute Name="ExternalVisible" SystemDefined="true">true</BooleanAttribute><BooleanAttribute Name="ExternalWritable" SystemDefined="true">true</BooleanAttribute><BooleanAttribute Name="UserVisible" Informative="true" SystemDefined="true">true</BooleanAttribute><BooleanAttribute Name="UserReadOnly" Informative="true" SystemDefined="true">false</BooleanAttribute><BooleanAttribute Name="UserDeletable" Informative="true" SystemDefined="true">true</BooleanAttribute><BooleanAttribute Name="SetPoint" SystemDefined="true">false</BooleanAttribute></AttributeList></Member>
    <Member Name="X1073" Datatype="Bool" Remanence="NonRetain" Accessibility="Public"><AttributeList><BooleanAttribute Name="ExternalAccessible" SystemDefined="true">true</BooleanAttribute><BooleanAttribute Name="ExternalVisible" SystemDefined="true">true</BooleanAttribute><BooleanAttribute Name="ExternalWritable" SystemDefined="true">true</BooleanAttribute><BooleanAttribute Name="UserVisible" Informative="true" SystemDefined="true">true</BooleanAttribute><BooleanAttribute Name="UserReadOnly" Informative="true" SystemDefined="true">false</BooleanAttribute><BooleanAttribute Name="UserDeletable" Informative="true" SystemDefined="true">true</BooleanAttribute><BooleanAttribute Name="SetPoint" SystemDefined="true">false</BooleanAttribute></AttributeList></Member>
    <Member Name="X1075" Datatype="Bool" Remanence="NonRetain" Accessibility="Public"><AttributeList><BooleanAttribute Name="ExternalAccessible" SystemDefined="true">true</BooleanAttribute><BooleanAttribute Name="ExternalVisible" SystemDefined="true">true</BooleanAttribute><BooleanAttribute Name="ExternalWritable" SystemDefined="true">true</BooleanAttribute><BooleanAttribute Name="UserVisible" Informative="true" SystemDefined="true">true</BooleanAttribute><BooleanAttribute Name="UserReadOnly" Informative="true" SystemDefined="true">false</BooleanAttribute><BooleanAttribute Name="UserDeletable" Informative="true" SystemDefined="true">true</BooleanAttribute><BooleanAttribute Name="SetPoint" SystemDefined="true">false</BooleanAttribute></AttributeList></Member>
  </Section>
  <Section Name="Temp">
    <Member Name="ST_MSC_Vacio" Datatype="Bool"><AttributeList><BooleanAttribute Name="UserVisible" Informative="true" SystemDefined="true">true</BooleanAttribute><BooleanAttribute Name="UserReadOnly" Informative="true" SystemDefined="true">false</BooleanAttribute><BooleanAttribute Name="UserDeletable" Informative="true" SystemDefined="true">true</BooleanAttribute></AttributeList></Member>
  </Section>
  <Section Name="Constant" />
</Sections></Interface>
      <InterfaceModifiedDate ReadOnly="true">2023-02-17T10:01:42.1888598Z</InterfaceModifiedDate>
      <IsConsistent ReadOnly="true">true</IsConsistent>
      <IsIECCheckEnabled>false</IsIECCheckEnabled>
      <IsKnowHowProtected ReadOnly="true">false</IsKnowHowProtected>
      <ISMultiInstanceCapable ReadOnly="true">true</ISMultiInstanceCapable>
      <IsRetainMemResEnabled>false</IsRetainMemResEnabled>
      <IsWriteProtected ReadOnly="true">false</IsWriteProtected>
      <LibraryConformanceStatus ReadOnly="true">Warning: The object contains access to global data blocks.
</LibraryConformanceStatus>
      <MemoryLayout>Optimized</MemoryLayout>
      <MemoryReserve>100</MemoryReserve>
      <ModifiedDate ReadOnly="true">2024-02-15T11:57:01.8983511Z</ModifiedDate>
      <Name>GCG_GestionarPlan</Name>
      <Number>10</Number>
      <ParameterModified ReadOnly="true">2023-02-17T10:01:42.1888598Z</ParameterModified>
      <PLCSimAdvancedSupport ReadOnly="true">true</PLCSimAdvancedSupport>
      <ProgrammingLanguage>SCL</ProgrammingLanguage>
      <SetENOAutomatically>false</SetENOAutomatically>
      <StructureModified ReadOnly="true">2023-02-17T10:01:42.1888598Z</StructureModified>
      <UDABlockProperties />
      <UDAEnableTagReadback>false</UDAEnableTagReadback>
    </AttributeList>
    <ObjectList>
      <MultilingualText ID="1" CompositionName="Comment">
        <ObjectList>
          <MultilingualTextItem ID="2" CompositionName="Items">
            <AttributeList>
              <Culture>es-ES</Culture>
              <Text />
            </AttributeList>
          </MultilingualTextItem>
          <MultilingualTextItem ID="3" CompositionName="Items">
            <AttributeList>
              <Culture>de-DE</Culture>
              <Text />
            </AttributeList>
          </MultilingualTextItem>
          <MultilingualTextItem ID="4" CompositionName="Items">
            <AttributeList>
              <Culture>en-US</Culture>
              <Text />
            </AttributeList>
          </MultilingualTextItem>
          <MultilingualTextItem ID="5" CompositionName="Items">
            <AttributeList>
              <Culture>fr-FR</Culture>
              <Text />
            </AttributeList>
          </MultilingualTextItem>
          <MultilingualTextItem ID="6" CompositionName="Items">
            <AttributeList>
              <Culture>it-IT</Culture>
              <Text />
            </AttributeList>
          </MultilingualTextItem>
          <MultilingualTextItem ID="7" CompositionName="Items">
            <AttributeList>
              <Culture>zh-CN</Culture>
              <Text />
            </AttributeList>
          </MultilingualTextItem>
          <MultilingualTextItem ID="8" CompositionName="Items">
            <AttributeList>
              <Culture>ja-JP</Culture>
              <Text />
            </AttributeList>
          </MultilingualTextItem>
        </ObjectList>
      </MultilingualText>
      <SW.Blocks.CompileUnit ID="9" CompositionName="CompileUnits">
        <AttributeList>
          <NetworkSource><StructuredText xmlns="http://www.siemens.com/automation/Openness/SW/NetworkSource/StructuredText/v3">
  <LineComment Inserted="true" NoClosingBracket="false" UId="21">
    <Text UId="22">---------------------------------------
CG_GestionPlan
-----------------------------------------------</Text>
  </LineComment>
  <NewLine Num="2" UId="23" />
  <Access Scope="LocalVariable" UId="24">
    <Symbol UId="25">
      <Component Name="ST_MSC_Vacio" UId="26" />
    </Symbol>
  </Access>
  <Blank Num="1" UId="27" />
  <Token Text=":=" UId="28" />
  <Blank Num="1" UId="29" />
  <Token Text="(" UId="30" />
  <Access Scope="GlobalVariable" UId="31">
    <Symbol UId="32">
      <Component Name="ST_Sistema Transporte_GF_DB" UId="33" />
      <Token Text="." UId="34" />
      <Component Name="MSC" UId="35" />
      <Token Text="." UId="36" />
      <Component Name="OperProd" UId="37" />
      <Token Text="." UId="38" />
      <Component Name="Coord" UId="39" />
      <Token Text="." UId="40" />
      <Component Name="Vacio" UId="41" />
      <Address Area="None" Type="Bool" BlockNumber="5" BitOffset="520" Informative="true" />
    </Symbol>
  </Access>
  <Blank Num="1" UId="42" />
  <Token Text="AND" UId="43" />
  <Blank Num="1" UId="44" />
  <Access Scope="GlobalVariable" UId="45">
    <Symbol UId="46">
      <Component Name="CG Celula_DB" UId="47" />
      <Token Text="." UId="48" />
      <Component Name="MSC" UId="49" />
      <Token Text="." UId="50" />
      <Component Name="Virtual" UId="51" />
      <Token Text="." UId="52" />
      <Component Name="CompST_R_CompST_V" UId="53" />
      <Address Area="None" Type="Bool" BlockNumber="24" BitOffset="2632" Informative="true" />
    </Symbol>
  </Access>
  <Token Text=")" UId="54" />
  <Blank Num="1" UId="55" />
  <Token Text="OR" UId="56" />
  <NewLine Num="1" UId="57" />
  <Token Text="(" UId="58" />
  <Access Scope="GlobalVariable" UId="59">
    <Symbol UId="60">
      <Component Name="ST_SistemaTransporte_DB" UId="61" />
      <Token Text="." UId="62" />
      <Component Name="MSC" UId="63" />
      <Token Text="." UId="64" />
      <Component Name="OperProd" UId="65" />
      <Token Text="." UId="66" />
      <Component Name="Coord" UId="67" />
      <Token Text="." UId="68" />
      <Component Name="Vacio" UId="69" />
      <Address Area="None" Type="Bool" BlockNumber="165" BitOffset="1080" Informative="true" />
    </Symbol>
  </Access>
  <Blank Num="1" UId="70" />
  <Token Text="AND" UId="71" />
  <Blank Num="1" UId="72" />
  <Token Text="NOT" UId="73" />
  <Blank Num="1" UId="74" />
  <Access Scope="GlobalVariable" UId="75">
    <Symbol UId="76">
      <Component Name="CG Celula_DB" UId="77" />
      <Token Text="." UId="78" />
      <Component Name="MSC" UId="79" />
      <Token Text="." UId="80" />
      <Component Name="Virtual" UId="81" />
      <Token Text="." UId="82" />
      <Component Name="CompST_R_CompST_V" UId="83" />
      <Address Area="None" Type="Bool" BlockNumber="24" BitOffset="2632" Informative="true" />
    </Symbol>
  </Access>
  <Token Text=")" UId="84" />
  <Token Text=";" UId="85" />
  <NewLine Num="2" UId="86" />
  <LineComment Inserted="true" NoClosingBracket="false" UId="87">
    <Text UId="88"> Set -Reset ________________________________________________________________ X1074 </Text>
  </LineComment>
  <NewLine Num="1" UId="89" />
  <Token Text="IF" UId="90" />
  <Blank Num="1" UId="91" />
  <Token Text="(" UId="92" />
  <Token Text="(" UId="93" />
  <Access Scope="LocalVariable" UId="94">
    <Symbol UId="95">
      <Component Name="X1073" UId="96" />
    </Symbol>
  </Access>
  <Blank Num="1" UId="97" />
  <Token Text="AND" UId="98" />
  <Blank Num="1" UId="99" />
  <Access Scope="LocalVariable" UId="100">
    <Symbol UId="101">
      <Component Name="ST_MSC_Vacio" UId="102" />
    </Symbol>
  </Access>
  <Blank Num="1" UId="103" />
  <Token Text="AND" UId="104" />
  <Blank Num="1" UId="105" />
  <Token Text="NOT" UId="106" />
  <Blank Num="1" UId="107" />
  <Access Scope="GlobalVariable" UId="108">
    <Symbol UId="109">
      <Component Name="CG Celula_DB" UId="110" />
      <Token Text="." UId="111" />
      <Component Name="MSC" UId="112" />
      <Token Text="." UId="113" />
      <Component Name="Automatico" UId="114" />
      <Token Text="." UId="115" />
      <Component Name="ParoFC" UId="116" />
      <Address Area="None" Type="Bool" BlockNumber="24" BitOffset="2256" Informative="true" />
    </Symbol>
  </Access>
  <Token Text=")" UId="117" />
  <Token Text=")" UId="118" />
  <Blank Num="1" UId="119" />
  <Token Text="THEN" UId="120" />
  <NewLine Num="1" UId="121" />
  <Blank Num="4" UId="122" />
  <Access Scope="LocalVariable" UId="123">
    <Symbol UId="124">
      <Component Name="X1074" UId="125" />
    </Symbol>
  </Access>
  <Blank Num="1" UId="126" />
  <Token Text=":=" UId="127" />
  <Blank Num="1" UId="128" />
  <Access Scope="LiteralConstant" UId="129">
    <Constant UId="130">
      <ConstantType Informative="true" UId="131">Bool</ConstantType>
      <ConstantValue UId="132">1</ConstantValue>
      <StringAttribute Name="Format" Informative="true">Dec_signed</StringAttribute>
    </Constant>
  </Access>
  <Token Text=";" UId="133" />
  <NewLine Num="1" UId="134" />
  <Token Text="END_IF" UId="135" />
  <Token Text=";" UId="136" />
  <NewLine Num="1" UId="137" />
  <Token Text="IF" UId="138" />
  <Blank Num="1" UId="139" />
  <Token Text="(" UId="140" />
  <Access Scope="LocalVariable" UId="141">
    <Symbol UId="142">
      <Component Name="X1075" UId="143" />
    </Symbol>
  </Access>
  <Blank Num="1" UId="144" />
  <Token Text="OR" UId="145" />
  <Blank Num="1" UId="146" />
  <Access Scope="LocalVariable" UId="147">
    <Symbol UId="148">
      <Component Name="X1070" UId="149" />
    </Symbol>
  </Access>
  <Blank Num="1" UId="150" />
  <Token Text="OR" UId="151" />
  <Blank Num="1" UId="152" />
  <Access Scope="LocalVariable" UId="153">
    <Symbol UId="154">
      <Component Name="Init" UId="155" />
    </Symbol>
  </Access>
  <Blank Num="1" UId="156" />
  <Token Text="OR" UId="157" />
  <Blank Num="1" UId="158" />
  <Access Scope="LocalVariable" UId="159">
    <Symbol UId="160">
      <Component Name="Reset" UId="161" />
    </Symbol>
  </Access>
  <Token Text=")" UId="162" />
  <Blank Num="1" UId="163" />
  <Token Text="THEN" UId="164" />
  <NewLine Num="1" UId="165" />
  <Blank Num="4" UId="166" />
  <Access Scope="LocalVariable" UId="167">
    <Symbol UId="168">
      <Component Name="X1074" UId="169" />
    </Symbol>
  </Access>
  <Blank Num="1" UId="170" />
  <Token Text=":=" UId="171" />
  <Blank Num="1" UId="172" />
  <Access Scope="LiteralConstant" UId="173">
    <Constant UId="174">
      <ConstantType Informative="true" UId="175">Bool</ConstantType>
      <ConstantValue UId="176">0</ConstantValue>
      <StringAttribute Name="Format" Informative="true">Dec_signed</StringAttribute>
    </Constant>
  </Access>
  <Token Text=";" UId="177" />
  <NewLine Num="1" UId="178" />
  <Token Text="END_IF" UId="179" />
  <Token Text=";" UId="180" />
  <NewLine Num="2" UId="181" />
  <LineComment Inserted="true" NoClosingBracket="false" UId="182">
    <Text UId="183"> Set -Reset ________________________________________________________________ X1070 </Text>
  </LineComment>
  <NewLine Num="1" UId="184" />
  <Token Text="IF" UId="185" />
  <Blank Num="1" UId="186" />
  <Token Text="(" UId="187" />
  <Token Text="(" UId="188" />
  <Access Scope="LocalVariable" UId="189">
    <Symbol UId="190">
      <Component Name="X1075" UId="191" />
    </Symbol>
  </Access>
  <Blank Num="1" UId="192" />
  <Token Text="AND" UId="193" />
  <Blank Num="1" UId="194" />
  <Access Scope="GlobalVariable" UId="195">
    <Symbol UId="196">
      <Component Name="CG Celula_DB" UId="197" />
      <Token Text="." UId="198" />
      <Component Name="MSC" UId="199" />
      <Token Text="." UId="200" />
      <Component Name="Operaciones" UId="201" />
      <Token Text="." UId="202" />
      <Component Name="AdaptarPlan" UId="203" />
      <Token Text="." UId="204" />
      <Component Name="FinAdaptarPlan" UId="205" />
      <Address Area="None" Type="Bool" BlockNumber="24" BitOffset="2384" Informative="true" />
    </Symbol>
  </Access>
  <Token Text=")" UId="206" />
  <Blank Num="1" UId="207" />
  <Token Text="OR" UId="208" />
  <Blank Num="1" UId="209" />
  <Token Text="(" UId="210" />
  <Access Scope="LocalVariable" UId="211">
    <Symbol UId="212">
      <Component Name="X1074" UId="213" />
    </Symbol>
  </Access>
  <Blank Num="1" UId="214" />
  <Token Text="AND" UId="215" />
  <Blank Num="1" UId="216" />
  <Access Scope="GlobalVariable" UId="217">
    <Symbol UId="218">
      <Component Name="CG Celula_DB" UId="219" />
      <Token Text="." UId="220" />
      <Component Name="MSC" UId="221" />
      <Token Text="." UId="222" />
      <Component Name="Automatico" UId="223" />
      <Token Text="." UId="224" />
      <Component Name="ParoFC" UId="225" />
      <Address Area="None" Type="Bool" BlockNumber="24" BitOffset="2256" Informative="true" />
    </Symbol>
  </Access>
  <Token Text=")" UId="226" />
  <NewLine Num="1" UId="227" />
  <Blank Num="4" UId="228" />
  <Token Text="OR" UId="229" />
  <Blank Num="1" UId="230" />
  <Token Text="(" UId="231" />
  <Access Scope="LocalVariable" UId="232">
    <Symbol UId="233">
      <Component Name="X1073" UId="234" />
    </Symbol>
  </Access>
  <Blank Num="1" UId="235" />
  <Token Text="AND" UId="236" />
  <Blank Num="1" UId="237" />
  <Access Scope="LocalVariable" UId="238">
    <Symbol UId="239">
      <Component Name="ST_MSC_Vacio" UId="240" />
    </Symbol>
  </Access>
  <Blank Num="1" UId="241" />
  <Token Text="AND" UId="242" />
  <Blank Num="1" UId="243" />
  <Access Scope="GlobalVariable" UId="244">
    <Symbol UId="245">
      <Component Name="CG Celula_DB" UId="246" />
      <Token Text="." UId="247" />
      <Component Name="MSC" UId="248" />
      <Token Text="." UId="249" />
      <Component Name="Automatico" UId="250" />
      <Token Text="." UId="251" />
      <Component Name="ParoFC" UId="252" />
      <Address Area="None" Type="Bool" BlockNumber="24" BitOffset="2256" Informative="true" />
    </Symbol>
  </Access>
  <Token Text=")" UId="253" />
  <Blank Num="1" UId="254" />
  <Token Text="OR" UId="255" />
  <Blank Num="1" UId="256" />
  <Access Scope="LocalVariable" UId="257">
    <Symbol UId="258">
      <Component Name="Init" UId="259" />
    </Symbol>
  </Access>
  <Token Text=")" UId="260" />
  <Blank Num="1" UId="261" />
  <Token Text="THEN" UId="262" />
  <NewLine Num="1" UId="263" />
  <Blank Num="4" UId="264" />
  <Access Scope="LocalVariable" UId="265">
    <Symbol UId="266">
      <Component Name="X1070" UId="267" />
    </Symbol>
  </Access>
  <Blank Num="1" UId="268" />
  <Token Text=":=" UId="269" />
  <Blank Num="1" UId="270" />
  <Access Scope="LiteralConstant" UId="271">
    <Constant UId="272">
      <ConstantType Informative="true" UId="273">Bool</ConstantType>
      <ConstantValue UId="274">1</ConstantValue>
      <StringAttribute Name="Format" Informative="true">Dec_signed</StringAttribute>
    </Constant>
  </Access>
  <Token Text=";" UId="275" />
  <NewLine Num="1" UId="276" />
  <Token Text="END_IF" UId="277" />
  <Token Text=";" UId="278" />
  <NewLine Num="1" UId="279" />
  <Token Text="IF" UId="280" />
  <Blank Num="1" UId="281" />
  <Token Text="(" UId="282" />
  <Access Scope="LocalVariable" UId="283">
    <Symbol UId="284">
      <Component Name="X1071" UId="285" />
    </Symbol>
  </Access>
  <Blank Num="1" UId="286" />
  <Token Text="OR" UId="287" />
  <Blank Num="1" UId="288" />
  <Access Scope="LocalVariable" UId="289">
    <Symbol UId="290">
      <Component Name="Reset" UId="291" />
    </Symbol>
  </Access>
  <Token Text=")" UId="292" />
  <Blank Num="1" UId="293" />
  <Token Text="THEN" UId="294" />
  <NewLine Num="1" UId="295" />
  <Blank Num="4" UId="296" />
  <Access Scope="LocalVariable" UId="297">
    <Symbol UId="298">
      <Component Name="X1070" UId="299" />
    </Symbol>
  </Access>
  <Blank Num="1" UId="300" />
  <Token Text=":=" UId="301" />
  <Blank Num="1" UId="302" />
  <Access Scope="LiteralConstant" UId="303">
    <Constant UId="304">
      <ConstantType Informative="true" UId="305">Bool</ConstantType>
      <ConstantValue UId="306">0</ConstantValue>
      <StringAttribute Name="Format" Informative="true">Dec_signed</StringAttribute>
    </Constant>
  </Access>
  <Token Text=";" UId="307" />
  <NewLine Num="1" UId="308" />
  <Token Text="END_IF" UId="309" />
  <Token Text=";" UId="310" />
  <NewLine Num="2" UId="311" />
  <LineComment Inserted="true" NoClosingBracket="false" UId="312">
    <Text UId="313"> Set -Reset ________________________________________________________________ X1071 </Text>
  </LineComment>
  <NewLine Num="1" UId="314" />
  <Token Text="IF" UId="315" />
  <Blank Num="1" UId="316" />
  <Token Text="(" UId="317" />
  <Token Text="(" UId="318" />
  <Access Scope="LocalVariable" UId="319">
    <Symbol UId="320">
      <Component Name="X1070" UId="321" />
    </Symbol>
  </Access>
  <Blank Num="1" UId="322" />
  <Token Text="AND" UId="323" />
  <Blank Num="1" UId="324" />
  <Access Scope="LocalVariable" UId="325">
    <Symbol UId="326">
      <Component Name="SolGestionarPlan" UId="327" />
    </Symbol>
  </Access>
  <Token Text=")" UId="328" />
  <Token Text=")" UId="329" />
  <Blank Num="1" UId="330" />
  <Token Text="THEN" UId="331" />
  <NewLine Num="1" UId="332" />
  <Blank Num="4" UId="333" />
  <Access Scope="LocalVariable" UId="334">
    <Symbol UId="335">
      <Component Name="X1071" UId="336" />
    </Symbol>
  </Access>
  <Blank Num="1" UId="337" />
  <Token Text=":=" UId="338" />
  <Blank Num="1" UId="339" />
  <Access Scope="LiteralConstant" UId="340">
    <Constant UId="341">
      <ConstantType Informative="true" UId="342">Bool</ConstantType>
      <ConstantValue UId="343">1</ConstantValue>
      <StringAttribute Name="Format" Informative="true">Dec_signed</StringAttribute>
    </Constant>
  </Access>
  <Token Text=";" UId="344" />
  <NewLine Num="1" UId="345" />
  <Token Text="END_IF" UId="346" />
  <Token Text=";" UId="347" />
  <NewLine Num="1" UId="348" />
  <Token Text="IF" UId="349" />
  <Blank Num="1" UId="350" />
  <Token Text="(" UId="351" />
  <Access Scope="LocalVariable" UId="352">
    <Symbol UId="353">
      <Component Name="X1072" UId="354" />
    </Symbol>
  </Access>
  <Blank Num="1" UId="355" />
  <Token Text="OR" UId="356" />
  <Blank Num="1" UId="357" />
  <Access Scope="LocalVariable" UId="358">
    <Symbol UId="359">
      <Component Name="Init" UId="360" />
    </Symbol>
  </Access>
  <Blank Num="1" UId="361" />
  <Token Text="OR" UId="362" />
  <Blank Num="1" UId="363" />
  <Access Scope="LocalVariable" UId="364">
    <Symbol UId="365">
      <Component Name="Reset" UId="366" />
    </Symbol>
  </Access>
  <Token Text=")" UId="367" />
  <Blank Num="1" UId="368" />
  <Token Text="THEN" UId="369" />
  <NewLine Num="1" UId="370" />
  <Blank Num="4" UId="371" />
  <Access Scope="LocalVariable" UId="372">
    <Symbol UId="373">
      <Component Name="X1071" UId="374" />
    </Symbol>
  </Access>
  <Blank Num="1" UId="375" />
  <Token Text=":=" UId="376" />
  <Blank Num="1" UId="377" />
  <Access Scope="LiteralConstant" UId="378">
    <Constant UId="379">
      <ConstantType Informative="true" UId="380">Bool</ConstantType>
      <ConstantValue UId="381">0</ConstantValue>
      <StringAttribute Name="Format" Informative="true">Dec_signed</StringAttribute>
    </Constant>
  </Access>
  <Token Text=";" UId="382" />
  <NewLine Num="1" UId="383" />
  <Token Text="END_IF" UId="384" />
  <Token Text=";" UId="385" />
  <NewLine Num="2" UId="386" />
  <LineComment Inserted="true" NoClosingBracket="false" UId="387">
    <Text UId="388"> Set -Reset ________________________________________________________________ X1072 </Text>
  </LineComment>
  <NewLine Num="1" UId="389" />
  <Token Text="IF" UId="390" />
  <Blank Num="1" UId="391" />
  <Token Text="(" UId="392" />
  <Access Scope="LocalVariable" UId="393">
    <Symbol UId="394">
      <Component Name="X1071" UId="395" />
    </Symbol>
  </Access>
  <Token Text=")" UId="396" />
  <Blank Num="1" UId="397" />
  <Token Text="THEN" UId="398" />
  <NewLine Num="1" UId="399" />
  <Blank Num="4" UId="400" />
  <Access Scope="LocalVariable" UId="401">
    <Symbol UId="402">
      <Component Name="X1072" UId="403" />
    </Symbol>
  </Access>
  <Blank Num="1" UId="404" />
  <Token Text=":=" UId="405" />
  <Blank Num="1" UId="406" />
  <Access Scope="LiteralConstant" UId="407">
    <Constant UId="408">
      <ConstantType Informative="true" UId="409">Bool</ConstantType>
      <ConstantValue UId="410">1</ConstantValue>
      <StringAttribute Name="Format" Informative="true">Dec_signed</StringAttribute>
    </Constant>
  </Access>
  <Token Text=";" UId="411" />
  <NewLine Num="1" UId="412" />
  <Token Text="END_IF" UId="413" />
  <Token Text=";" UId="414" />
  <NewLine Num="1" UId="415" />
  <Token Text="IF" UId="416" />
  <Blank Num="1" UId="417" />
  <Token Text="(" UId="418" />
  <Access Scope="LocalVariable" UId="419">
    <Symbol UId="420">
      <Component Name="X1073" UId="421" />
    </Symbol>
  </Access>
  <Blank Num="1" UId="422" />
  <Token Text="OR" UId="423" />
  <Blank Num="1" UId="424" />
  <Access Scope="LocalVariable" UId="425">
    <Symbol UId="426">
      <Component Name="Init" UId="427" />
    </Symbol>
  </Access>
  <Blank Num="1" UId="428" />
  <Token Text="OR" UId="429" />
  <Blank Num="1" UId="430" />
  <Access Scope="LocalVariable" UId="431">
    <Symbol UId="432">
      <Component Name="Reset" UId="433" />
    </Symbol>
  </Access>
  <Token Text=")" UId="434" />
  <Blank Num="1" UId="435" />
  <Token Text="THEN" UId="436" />
  <NewLine Num="1" UId="437" />
  <Blank Num="4" UId="438" />
  <Access Scope="LocalVariable" UId="439">
    <Symbol UId="440">
      <Component Name="X1072" UId="441" />
    </Symbol>
  </Access>
  <Blank Num="1" UId="442" />
  <Token Text=":=" UId="443" />
  <Blank Num="1" UId="444" />
  <Access Scope="LiteralConstant" UId="445">
    <Constant UId="446">
      <ConstantType Informative="true" UId="447">Bool</ConstantType>
      <ConstantValue UId="448">0</ConstantValue>
      <StringAttribute Name="Format" Informative="true">Dec_signed</StringAttribute>
    </Constant>
  </Access>
  <Token Text=";" UId="449" />
  <NewLine Num="1" UId="450" />
  <Token Text="END_IF" UId="451" />
  <Token Text=";" UId="452" />
  <NewLine Num="2" UId="453" />
  <LineComment Inserted="true" NoClosingBracket="false" UId="454">
    <Text UId="455"> Set -Reset ________________________________________________________________ X1073 </Text>
  </LineComment>
  <NewLine Num="1" UId="456" />
  <Token Text="IF" UId="457" />
  <Blank Num="1" UId="458" />
  <Token Text="(" UId="459" />
  <Token Text="(" UId="460" />
  <Access Scope="LocalVariable" UId="461">
    <Symbol UId="462">
      <Component Name="X1072" UId="463" />
    </Symbol>
  </Access>
  <Blank Num="1" UId="464" />
  <Token Text="AND" UId="465" />
  <Blank Num="1" UId="466" />
  <Token Text="(" UId="467" />
  <Access Scope="GlobalVariable" UId="468">
    <Symbol UId="469">
      <Component Name="CG Celula_DB" UId="470" />
      <Token Text="." UId="471" />
      <Component Name="MI" UId="472" />
      <Token Text="." UId="473" />
      <Component Name="Planificador" UId="474" />
      <Token Text="." UId="475" />
      <Component Name="PS" UId="476" />
      <Token Text="." UId="477" />
      <Component Name="PSOA_Plan_SolCambioPlan" UId="478" />
      <Address Area="None" Type="Bool" BlockNumber="24" BitOffset="12896" Informative="true" />
    </Symbol>
  </Access>
  <Blank Num="1" UId="479" />
  <Token Text="OR" UId="480" />
  <Access Scope="GlobalVariable" UId="481">
    <Symbol UId="482">
      <Component Name="CG Celula_DB" UId="483" />
      <Token Text="." UId="484" />
      <Component Name="MSC" UId="485" />
      <Token Text="." UId="486" />
      <Component Name="Recipe" UId="487" />
      <Token Text="." UId="488" />
      <Component Name="Contadores" UId="489" />
      <Token Text="." UId="490" />
      <Component Name="NumeroMontajes" UId="491" />
      <Address Area="None" Type="Int" BlockNumber="24" BitOffset="2208" Informative="true" />
    </Symbol>
  </Access>
  <Blank Num="1" UId="492" />
  <Token Text="=" UId="493" />
  <Blank Num="1" UId="494" />
  <Access Scope="LiteralConstant" UId="495">
    <Constant UId="496">
      <ConstantType Informative="true" UId="497">Int</ConstantType>
      <ConstantValue UId="498">0</ConstantValue>
      <StringAttribute Name="Format" Informative="true">Dec_signed</StringAttribute>
    </Constant>
  </Access>
  <Blank Num="1" UId="499" />
  <Token Text="OR" UId="500" />
  <Access Scope="GlobalVariable" UId="501">
    <Symbol UId="502">
      <Component Name="CG Celula_DB" UId="503" />
      <Token Text="." UId="504" />
      <Component Name="MSC" UId="505" />
      <Token Text="." UId="506" />
      <Component Name="Automatico" UId="507" />
      <Token Text="." UId="508" />
      <Component Name="ParoFC" UId="509" />
      <Address Area="None" Type="Bool" BlockNumber="24" BitOffset="2256" Informative="true" />
    </Symbol>
  </Access>
  <Token Text=")" UId="510" />
  <Token Text=")" UId="511" />
  <Token Text=")" UId="512" />
  <Blank Num="1" UId="513" />
  <Token Text="THEN" UId="514" />
  <NewLine Num="1" UId="515" />
  <Blank Num="4" UId="516" />
  <Access Scope="LocalVariable" UId="517">
    <Symbol UId="518">
      <Component Name="X1073" UId="519" />
    </Symbol>
  </Access>
  <Blank Num="1" UId="520" />
  <Token Text=":=" UId="521" />
  <Blank Num="1" UId="522" />
  <Access Scope="LiteralConstant" UId="523">
    <Constant UId="524">
      <ConstantType Informative="true" UId="525">Bool</ConstantType>
      <ConstantValue UId="526">1</ConstantValue>
      <StringAttribute Name="Format" Informative="true">Dec_signed</StringAttribute>
    </Constant>
  </Access>
  <Token Text=";" UId="527" />
  <NewLine Num="1" UId="528" />
  <Token Text="END_IF" UId="529" />
  <Token Text=";" UId="530" />
  <NewLine Num="1" UId="531" />
  <Token Text="IF" UId="532" />
  <Blank Num="1" UId="533" />
  <Token Text="(" UId="534" />
  <Access Scope="LocalVariable" UId="535">
    <Symbol UId="536">
      <Component Name="X1074" UId="537" />
    </Symbol>
  </Access>
  <Blank Num="1" UId="538" />
  <Token Text="OR" UId="539" />
  <Blank Num="1" UId="540" />
  <Access Scope="LocalVariable" UId="541">
    <Symbol UId="542">
      <Component Name="X1070" UId="543" />
    </Symbol>
  </Access>
  <Blank Num="1" UId="544" />
  <Token Text="OR" UId="545" />
  <Blank Num="1" UId="546" />
  <Access Scope="LocalVariable" UId="547">
    <Symbol UId="548">
      <Component Name="Init" UId="549" />
    </Symbol>
  </Access>
  <Blank Num="1" UId="550" />
  <Token Text="OR" UId="551" />
  <Blank Num="1" UId="552" />
  <Access Scope="LocalVariable" UId="553">
    <Symbol UId="554">
      <Component Name="Reset" UId="555" />
    </Symbol>
  </Access>
  <Token Text=")" UId="556" />
  <Blank Num="1" UId="557" />
  <Token Text="THEN" UId="558" />
  <NewLine Num="1" UId="559" />
  <Blank Num="4" UId="560" />
  <Access Scope="LocalVariable" UId="561">
    <Symbol UId="562">
      <Component Name="X1073" UId="563" />
    </Symbol>
  </Access>
  <Blank Num="1" UId="564" />
  <Token Text=":=" UId="565" />
  <Blank Num="1" UId="566" />
  <Access Scope="LiteralConstant" UId="567">
    <Constant UId="568">
      <ConstantType Informative="true" UId="569">Bool</ConstantType>
      <ConstantValue UId="570">0</ConstantValue>
      <StringAttribute Name="Format" Informative="true">Dec_signed</StringAttribute>
    </Constant>
  </Access>
  <Token Text=";" UId="571" />
  <NewLine Num="1" UId="572" />
  <Token Text="END_IF" UId="573" />
  <Token Text=";" UId="574" />
  <NewLine Num="2" UId="575" />
  <LineComment Inserted="true" NoClosingBracket="false" UId="576">
    <Text UId="577"> Set -Reset ________________________________________________________________ X1075 </Text>
  </LineComment>
  <NewLine Num="1" UId="578" />
  <Token Text="IF" UId="579" />
  <Blank Num="1" UId="580" />
  <Token Text="(" UId="581" />
  <Token Text="(" UId="582" />
  <Access Scope="LocalVariable" UId="583">
    <Symbol UId="584">
      <Component Name="X1074" UId="585" />
    </Symbol>
  </Access>
  <Blank Num="1" UId="586" />
  <Token Text="AND" UId="587" />
  <Blank Num="1" UId="588" />
  <Access Scope="GlobalVariable" UId="589">
    <Symbol UId="590">
      <Component Name="Planificador_GF_DB" UId="591" />
      <Token Text="." UId="592" />
      <Component Name="MSC" UId="593" />
      <Token Text="." UId="594" />
      <Component Name="OperProd" UId="595" />
      <Token Text="." UId="596" />
      <Component Name="EnviarPlanProduc" UId="597" />
      <Token Text="." UId="598" />
      <Component Name="FinEnviarPlanProduc" UId="599" />
      <Address Area="None" Type="Bool" BlockNumber="91" BitOffset="6392" Informative="true" />
    </Symbol>
  </Access>
  <Blank Num="1" UId="600" />
  <Token Text="AND" UId="601" />
  <Blank Num="1" UId="602" />
  <Token Text="NOT" UId="603" />
  <Blank Num="1" UId="604" />
  <Access Scope="GlobalVariable" UId="605">
    <Symbol UId="606">
      <Component Name="CG Celula_DB" UId="607" />
      <Token Text="." UId="608" />
      <Component Name="MSC" UId="609" />
      <Token Text="." UId="610" />
      <Component Name="Automatico" UId="611" />
      <Token Text="." UId="612" />
      <Component Name="ParoFC" UId="613" />
      <Address Area="None" Type="Bool" BlockNumber="24" BitOffset="2256" Informative="true" />
    </Symbol>
  </Access>
  <Token Text=")" UId="614" />
  <Token Text=")" UId="615" />
  <Blank Num="1" UId="616" />
  <Token Text="THEN" UId="617" />
  <NewLine Num="1" UId="618" />
  <Blank Num="4" UId="619" />
  <Access Scope="LocalVariable" UId="620">
    <Symbol UId="621">
      <Component Name="X1075" UId="622" />
    </Symbol>
  </Access>
  <Blank Num="1" UId="623" />
  <Token Text=":=" UId="624" />
  <Blank Num="1" UId="625" />
  <Access Scope="LiteralConstant" UId="626">
    <Constant UId="627">
      <ConstantType Informative="true" UId="628">Bool</ConstantType>
      <ConstantValue UId="629">1</ConstantValue>
      <StringAttribute Name="Format" Informative="true">Dec_signed</StringAttribute>
    </Constant>
  </Access>
  <Token Text=";" UId="630" />
  <NewLine Num="1" UId="631" />
  <Token Text="END_IF" UId="632" />
  <Token Text=";" UId="633" />
  <NewLine Num="1" UId="634" />
  <Token Text="IF" UId="635" />
  <Blank Num="1" UId="636" />
  <Token Text="(" UId="637" />
  <Access Scope="LocalVariable" UId="638">
    <Symbol UId="639">
      <Component Name="X1070" UId="640" />
    </Symbol>
  </Access>
  <Blank Num="1" UId="641" />
  <Token Text="OR" UId="642" />
  <Blank Num="1" UId="643" />
  <Access Scope="LocalVariable" UId="644">
    <Symbol UId="645">
      <Component Name="Init" UId="646" />
    </Symbol>
  </Access>
  <Blank Num="1" UId="647" />
  <Token Text="OR" UId="648" />
  <Blank Num="1" UId="649" />
  <Access Scope="LocalVariable" UId="650">
    <Symbol UId="651">
      <Component Name="Reset" UId="652" />
    </Symbol>
  </Access>
  <Token Text=")" UId="653" />
  <Blank Num="1" UId="654" />
  <Token Text="THEN" UId="655" />
  <NewLine Num="1" UId="656" />
  <Blank Num="4" UId="657" />
  <Access Scope="LocalVariable" UId="658">
    <Symbol UId="659">
      <Component Name="X1075" UId="660" />
    </Symbol>
  </Access>
  <Blank Num="1" UId="661" />
  <Token Text=":=" UId="662" />
  <Blank Num="1" UId="663" />
  <Access Scope="LiteralConstant" UId="664">
    <Constant UId="665">
      <ConstantType Informative="true" UId="666">Bool</ConstantType>
      <ConstantValue UId="667">0</ConstantValue>
      <StringAttribute Name="Format" Informative="true">Dec_signed</StringAttribute>
    </Constant>
  </Access>
  <Token Text=";" UId="668" />
  <NewLine Num="1" UId="669" />
  <Token Text="END_IF" UId="670" />
  <Token Text=";" UId="671" />
  <NewLine Num="2" UId="672" />
  <LineComment Inserted="true" NoClosingBracket="false" UId="673">
    <Text UId="674"> Señales de Control </Text>
  </LineComment>
  <NewLine Num="2" UId="675" />
  <Access Scope="LocalVariable" UId="676">
    <Symbol UId="677">
      <Component Name="InicioGestionarPlan" UId="678" />
    </Symbol>
  </Access>
  <Blank Num="1" UId="679" />
  <Token Text=":=" UId="680" />
  <Blank Num="1" UId="681" />
  <Access Scope="LocalVariable" UId="682">
    <Symbol UId="683">
      <Component Name="X1070" UId="684" />
    </Symbol>
  </Access>
  <Token Text=";" UId="685" />
  <NewLine Num="1" UId="686" />
  <Access Scope="LocalVariable" UId="687">
    <Symbol UId="688">
      <Component Name="RealizarPlan" UId="689" />
    </Symbol>
  </Access>
  <Blank Num="1" UId="690" />
  <Token Text=":=" UId="691" />
  <Blank Num="1" UId="692" />
  <Access Scope="LocalVariable" UId="693">
    <Symbol UId="694">
      <Component Name="X1072" UId="695" />
    </Symbol>
  </Access>
  <Token Text=";" UId="696" />
  <NewLine Num="1" UId="697" />
</StructuredText></NetworkSource>
          <ProgrammingLanguage>SCL</ProgrammingLanguage>
        </AttributeList>
        <ObjectList>
          <MultilingualText ID="A" CompositionName="Comment">
            <ObjectList>
              <MultilingualTextItem ID="B" CompositionName="Items">
                <AttributeList>
                  <Culture>es-ES</Culture>
                  <Text />
                </AttributeList>
              </MultilingualTextItem>
              <MultilingualTextItem ID="C" CompositionName="Items">
                <AttributeList>
                  <Culture>de-DE</Culture>
                  <Text />
                </AttributeList>
              </MultilingualTextItem>
              <MultilingualTextItem ID="D" CompositionName="Items">
                <AttributeList>
                  <Culture>en-US</Culture>
                  <Text />
                </AttributeList>
              </MultilingualTextItem>
              <MultilingualTextItem ID="E" CompositionName="Items">
                <AttributeList>
                  <Culture>fr-FR</Culture>
                  <Text />
                </AttributeList>
              </MultilingualTextItem>
              <MultilingualTextItem ID="F" CompositionName="Items">
                <AttributeList>
                  <Culture>it-IT</Culture>
                  <Text />
                </AttributeList>
              </MultilingualTextItem>
              <MultilingualTextItem ID="10" CompositionName="Items">
                <AttributeList>
                  <Culture>zh-CN</Culture>
                  <Text />
                </AttributeList>
              </MultilingualTextItem>
              <MultilingualTextItem ID="11" CompositionName="Items">
                <AttributeList>
                  <Culture>ja-JP</Culture>
                  <Text />
                </AttributeList>
              </MultilingualTextItem>
            </ObjectList>
          </MultilingualText>
          <MultilingualText ID="12" CompositionName="Title">
            <ObjectList>
              <MultilingualTextItem ID="13" CompositionName="Items">
                <AttributeList>
                  <Culture>es-ES</Culture>
                  <Text />
                </AttributeList>
              </MultilingualTextItem>
              <MultilingualTextItem ID="14" CompositionName="Items">
                <AttributeList>
                  <Culture>de-DE</Culture>
                  <Text />
                </AttributeList>
              </MultilingualTextItem>
              <MultilingualTextItem ID="15" CompositionName="Items">
                <AttributeList>
                  <Culture>en-US</Culture>
                  <Text />
                </AttributeList>
              </MultilingualTextItem>
              <MultilingualTextItem ID="16" CompositionName="Items">
                <AttributeList>
                  <Culture>fr-FR</Culture>
                  <Text />
                </AttributeList>
              </MultilingualTextItem>
              <MultilingualTextItem ID="17" CompositionName="Items">
                <AttributeList>
                  <Culture>it-IT</Culture>
                  <Text />
                </AttributeList>
              </MultilingualTextItem>
              <MultilingualTextItem ID="18" CompositionName="Items">
                <AttributeList>
                  <Culture>zh-CN</Culture>
                  <Text />
                </AttributeList>
              </MultilingualTextItem>
              <MultilingualTextItem ID="19" CompositionName="Items">
                <AttributeList>
                  <Culture>ja-JP</Culture>
                  <Text />
                </AttributeList>
              </MultilingualTextItem>
            </ObjectList>
          </MultilingualText>
        </ObjectList>
      </SW.Blocks.CompileUnit>
      <MultilingualText ID="1A" CompositionName="Title">
        <ObjectList>
          <MultilingualTextItem ID="1B" CompositionName="Items">
            <AttributeList>
              <Culture>es-ES</Culture>
              <Text />
            </AttributeList>
          </MultilingualTextItem>
          <MultilingualTextItem ID="1C" CompositionName="Items">
            <AttributeList>
              <Culture>de-DE</Culture>
              <Text />
            </AttributeList>
          </MultilingualTextItem>
          <MultilingualTextItem ID="1D" CompositionName="Items">
            <AttributeList>
              <Culture>en-US</Culture>
              <Text />
            </AttributeList>
          </MultilingualTextItem>
          <MultilingualTextItem ID="1E" CompositionName="Items">
            <AttributeList>
              <Culture>fr-FR</Culture>
              <Text />
            </AttributeList>
          </MultilingualTextItem>
          <MultilingualTextItem ID="1F" CompositionName="Items">
            <AttributeList>
              <Culture>it-IT</Culture>
              <Text />
            </AttributeList>
          </MultilingualTextItem>
          <MultilingualTextItem ID="20" CompositionName="Items">
            <AttributeList>
              <Culture>zh-CN</Culture>
              <Text />
            </AttributeList>
          </MultilingualTextItem>
          <MultilingualTextItem ID="21" CompositionName="Items">
            <AttributeList>
              <Culture>ja-JP</Culture>
              <Text />
            </AttributeList>
          </MultilingualTextItem>
        </ObjectList>
      </MultilingualText>
    </ObjectList>
  </SW.Blocks.FB>
</Document>