﻿<?xml version="1.0" encoding="utf-8"?>
<Document>
  <Engineering version="V17" />
  <DocumentInfo>
    <Created>2024-05-21T09:34:56.7962201Z</Created>
    <ExportSetting>WithDefaults, WithReadOnly</ExportSetting>
    <InstalledProducts>
      <Product>
        <DisplayName>Totally Integrated Automation Portal</DisplayName>
        <DisplayVersion>V17</DisplayVersion>
      </Product>
      <OptionPackage>
        <DisplayName>TIA Portal Openness</DisplayName>
        <DisplayVersion>V17</DisplayVersion>
      </OptionPackage>
      <OptionPackage>
        <DisplayName>TIA Portal Version Control Interface</DisplayName>
        <DisplayVersion>V17</DisplayVersion>
      </OptionPackage>
      <Product>
        <DisplayName>STEP 7 Professional</DisplayName>
        <DisplayVersion>V17</DisplayVersion>
      </Product>
      <OptionPackage>
        <DisplayName>STEP 7 Safety</DisplayName>
        <DisplayVersion>V17</DisplayVersion>
      </OptionPackage>
      <Product>
        <DisplayName>WinCC Advanced</DisplayName>
        <DisplayVersion>V17</DisplayVersion>
      </Product>
    </InstalledProducts>
  </DocumentInfo>
  <SW.Blocks.FB ID="0">
    <AttributeList>
      <AcknowledgeErrorsRequired>true</AcknowledgeErrorsRequired>
      <AutoNumber>true</AutoNumber>
      <CodeModifiedDate ReadOnly="true">2024-05-21T08:48:22.9864486Z</CodeModifiedDate>
      <CompileDate ReadOnly="true">2024-05-21T09:34:54.324045Z</CompileDate>
      <CreationDate ReadOnly="true">2024-05-16T09:27:32.9689508Z</CreationDate>
      <GraphVersion>1.0</GraphVersion>
      <HandleErrorsWithinBlock ReadOnly="true">false</HandleErrorsWithinBlock>
      <HeaderAuthor />
      <HeaderFamily />
      <HeaderName />
      <HeaderVersion>0.1</HeaderVersion>
      <Interface><Sections xmlns="http://www.siemens.com/automation/Openness/SW/Interface/v5">
  <Section Name="Base">
    <Sections Datatype="GRAPH_BASE" Version="1.0">
      <Section Name="Input" />
      <Section Name="Output" />
      <Section Name="InOut" />
      <Section Name="Static">
        <Member Name="OFF_SQ_BASE" Datatype="Bool" />
      </Section>
    </Sections>
  </Section>
  <Section Name="Input">
    <Member Name="SolPosInput" Datatype="Bool" Remanence="NonRetain" Accessibility="Public"><AttributeList><BooleanAttribute Name="ExternalAccessible" SystemDefined="true">true</BooleanAttribute><BooleanAttribute Name="ExternalVisible" SystemDefined="true">true</BooleanAttribute><BooleanAttribute Name="ExternalWritable" SystemDefined="true">true</BooleanAttribute><BooleanAttribute Name="UserVisible" Informative="true" SystemDefined="true">true</BooleanAttribute><BooleanAttribute Name="UserReadOnly" Informative="true" SystemDefined="true">false</BooleanAttribute><BooleanAttribute Name="UserDeletable" Informative="true" SystemDefined="true">true</BooleanAttribute></AttributeList></Member>
    <Member Name="OFF_SQ" Datatype="Bool" Remanence="NonRetain" Accessibility="Public"><AttributeList><BooleanAttribute Name="ExternalAccessible" SystemDefined="true">false</BooleanAttribute><BooleanAttribute Name="ExternalVisible" SystemDefined="true">false</BooleanAttribute><BooleanAttribute Name="ExternalWritable" SystemDefined="true">false</BooleanAttribute><BooleanAttribute Name="UserVisible" Informative="true" SystemDefined="true">true</BooleanAttribute><BooleanAttribute Name="UserReadOnly" Informative="true" SystemDefined="true">true</BooleanAttribute><BooleanAttribute Name="UserDeletable" Informative="true" SystemDefined="true">true</BooleanAttribute></AttributeList><Comment Informative="true"><MultiLanguageText Lang="es-ES">Desactivar cadena</MultiLanguageText></Comment><StartValue Informative="true">false</StartValue></Member>
    <Member Name="INIT_SQ" Datatype="Bool" Remanence="NonRetain" Accessibility="Public"><AttributeList><BooleanAttribute Name="ExternalAccessible" SystemDefined="true">false</BooleanAttribute><BooleanAttribute Name="ExternalVisible" SystemDefined="true">false</BooleanAttribute><BooleanAttribute Name="ExternalWritable" SystemDefined="true">false</BooleanAttribute><BooleanAttribute Name="UserVisible" Informative="true" SystemDefined="true">true</BooleanAttribute><BooleanAttribute Name="UserReadOnly" Informative="true" SystemDefined="true">true</BooleanAttribute><BooleanAttribute Name="UserDeletable" Informative="true" SystemDefined="true">true</BooleanAttribute></AttributeList><Comment Informative="true"><MultiLanguageText Lang="es-ES">Poner cadena en estado inicial</MultiLanguageText></Comment><StartValue Informative="true">false</StartValue></Member>
    <Member Name="ACK_EF" Datatype="Bool" Remanence="NonRetain" Accessibility="Public"><AttributeList><BooleanAttribute Name="ExternalAccessible" SystemDefined="true">false</BooleanAttribute><BooleanAttribute Name="ExternalVisible" SystemDefined="true">false</BooleanAttribute><BooleanAttribute Name="ExternalWritable" SystemDefined="true">false</BooleanAttribute><BooleanAttribute Name="UserVisible" Informative="true" SystemDefined="true">true</BooleanAttribute><BooleanAttribute Name="UserReadOnly" Informative="true" SystemDefined="true">true</BooleanAttribute><BooleanAttribute Name="UserDeletable" Informative="true" SystemDefined="true">true</BooleanAttribute></AttributeList><Comment Informative="true"><MultiLanguageText Lang="es-ES">Acusar todos los errores y fallos</MultiLanguageText></Comment><StartValue Informative="true">false</StartValue></Member>
    <Member Name="S_PREV" Datatype="Bool" Remanence="NonRetain" Accessibility="Public"><AttributeList><BooleanAttribute Name="ExternalAccessible" SystemDefined="true">false</BooleanAttribute><BooleanAttribute Name="ExternalVisible" SystemDefined="true">false</BooleanAttribute><BooleanAttribute Name="ExternalWritable" SystemDefined="true">false</BooleanAttribute><BooleanAttribute Name="UserVisible" Informative="true" SystemDefined="true">true</BooleanAttribute><BooleanAttribute Name="UserReadOnly" Informative="true" SystemDefined="true">true</BooleanAttribute><BooleanAttribute Name="UserDeletable" Informative="true" SystemDefined="true">true</BooleanAttribute></AttributeList><Comment Informative="true"><MultiLanguageText Lang="es-ES">Mostrar la etapa anterior en el parámetro S_NO</MultiLanguageText></Comment><StartValue Informative="true">false</StartValue></Member>
    <Member Name="S_NEXT" Datatype="Bool" Remanence="NonRetain" Accessibility="Public"><AttributeList><BooleanAttribute Name="ExternalAccessible" SystemDefined="true">false</BooleanAttribute><BooleanAttribute Name="ExternalVisible" SystemDefined="true">false</BooleanAttribute><BooleanAttribute Name="ExternalWritable" SystemDefined="true">false</BooleanAttribute><BooleanAttribute Name="UserVisible" Informative="true" SystemDefined="true">true</BooleanAttribute><BooleanAttribute Name="UserReadOnly" Informative="true" SystemDefined="true">true</BooleanAttribute><BooleanAttribute Name="UserDeletable" Informative="true" SystemDefined="true">true</BooleanAttribute></AttributeList><Comment Informative="true"><MultiLanguageText Lang="es-ES">Mostrar la etapa siguiente en el parámetro S_NO</MultiLanguageText></Comment><StartValue Informative="true">false</StartValue></Member>
    <Member Name="SW_AUTO" Datatype="Bool" Remanence="NonRetain" Accessibility="Public"><AttributeList><BooleanAttribute Name="ExternalAccessible" SystemDefined="true">false</BooleanAttribute><BooleanAttribute Name="ExternalVisible" SystemDefined="true">false</BooleanAttribute><BooleanAttribute Name="ExternalWritable" SystemDefined="true">false</BooleanAttribute><BooleanAttribute Name="UserVisible" Informative="true" SystemDefined="true">true</BooleanAttribute><BooleanAttribute Name="UserReadOnly" Informative="true" SystemDefined="true">true</BooleanAttribute><BooleanAttribute Name="UserDeletable" Informative="true" SystemDefined="true">true</BooleanAttribute></AttributeList><Comment Informative="true"><MultiLanguageText Lang="es-ES">Modo automático</MultiLanguageText></Comment><StartValue Informative="true">false</StartValue></Member>
    <Member Name="SW_TAP" Datatype="Bool" Remanence="NonRetain" Accessibility="Public"><AttributeList><BooleanAttribute Name="ExternalAccessible" SystemDefined="true">false</BooleanAttribute><BooleanAttribute Name="ExternalVisible" SystemDefined="true">false</BooleanAttribute><BooleanAttribute Name="ExternalWritable" SystemDefined="true">false</BooleanAttribute><BooleanAttribute Name="UserVisible" Informative="true" SystemDefined="true">true</BooleanAttribute><BooleanAttribute Name="UserReadOnly" Informative="true" SystemDefined="true">true</BooleanAttribute><BooleanAttribute Name="UserDeletable" Informative="true" SystemDefined="true">true</BooleanAttribute></AttributeList><Comment Informative="true"><MultiLanguageText Lang="es-ES">Semiautomático/continuar con transición</MultiLanguageText></Comment><StartValue Informative="true">false</StartValue></Member>
    <Member Name="SW_TOP" Datatype="Bool" Remanence="NonRetain" Accessibility="Public"><AttributeList><BooleanAttribute Name="ExternalAccessible" SystemDefined="true">false</BooleanAttribute><BooleanAttribute Name="ExternalVisible" SystemDefined="true">false</BooleanAttribute><BooleanAttribute Name="ExternalWritable" SystemDefined="true">false</BooleanAttribute><BooleanAttribute Name="UserVisible" Informative="true" SystemDefined="true">true</BooleanAttribute><BooleanAttribute Name="UserReadOnly" Informative="true" SystemDefined="true">true</BooleanAttribute><BooleanAttribute Name="UserDeletable" Informative="true" SystemDefined="true">true</BooleanAttribute></AttributeList><Comment Informative="true"><MultiLanguageText Lang="es-ES">Semiautomático/transición ignorada</MultiLanguageText></Comment><StartValue Informative="true">false</StartValue></Member>
    <Member Name="SW_MAN" Datatype="Bool" Remanence="NonRetain" Accessibility="Public"><AttributeList><BooleanAttribute Name="ExternalAccessible" SystemDefined="true">false</BooleanAttribute><BooleanAttribute Name="ExternalVisible" SystemDefined="true">false</BooleanAttribute><BooleanAttribute Name="ExternalWritable" SystemDefined="true">false</BooleanAttribute><BooleanAttribute Name="UserVisible" Informative="true" SystemDefined="true">true</BooleanAttribute><BooleanAttribute Name="UserReadOnly" Informative="true" SystemDefined="true">true</BooleanAttribute><BooleanAttribute Name="UserDeletable" Informative="true" SystemDefined="true">true</BooleanAttribute></AttributeList><Comment Informative="true"><MultiLanguageText Lang="es-ES">Modo manual</MultiLanguageText></Comment><StartValue Informative="true">false</StartValue></Member>
    <Member Name="S_SEL" Datatype="Int" Remanence="NonRetain" Accessibility="Public"><AttributeList><BooleanAttribute Name="ExternalAccessible" SystemDefined="true">false</BooleanAttribute><BooleanAttribute Name="ExternalVisible" SystemDefined="true">false</BooleanAttribute><BooleanAttribute Name="ExternalWritable" SystemDefined="true">false</BooleanAttribute><BooleanAttribute Name="UserVisible" Informative="true" SystemDefined="true">true</BooleanAttribute><BooleanAttribute Name="UserReadOnly" Informative="true" SystemDefined="true">true</BooleanAttribute><BooleanAttribute Name="UserDeletable" Informative="true" SystemDefined="true">true</BooleanAttribute></AttributeList><Comment Informative="true"><MultiLanguageText Lang="es-ES">Seleccionar la etapa que debe mostrarse en S_NO</MultiLanguageText></Comment><StartValue Informative="true">0</StartValue></Member>
    <Member Name="S_ON" Datatype="Bool" Remanence="NonRetain" Accessibility="Public"><AttributeList><BooleanAttribute Name="ExternalAccessible" SystemDefined="true">false</BooleanAttribute><BooleanAttribute Name="ExternalVisible" SystemDefined="true">false</BooleanAttribute><BooleanAttribute Name="ExternalWritable" SystemDefined="true">false</BooleanAttribute><BooleanAttribute Name="UserVisible" Informative="true" SystemDefined="true">true</BooleanAttribute><BooleanAttribute Name="UserReadOnly" Informative="true" SystemDefined="true">true</BooleanAttribute><BooleanAttribute Name="UserDeletable" Informative="true" SystemDefined="true">true</BooleanAttribute></AttributeList><Comment Informative="true"><MultiLanguageText Lang="es-ES">Activar la etapa del parámetro S_NO</MultiLanguageText></Comment><StartValue Informative="true">false</StartValue></Member>
    <Member Name="S_OFF" Datatype="Bool" Remanence="NonRetain" Accessibility="Public"><AttributeList><BooleanAttribute Name="ExternalAccessible" SystemDefined="true">false</BooleanAttribute><BooleanAttribute Name="ExternalVisible" SystemDefined="true">false</BooleanAttribute><BooleanAttribute Name="ExternalWritable" SystemDefined="true">false</BooleanAttribute><BooleanAttribute Name="UserVisible" Informative="true" SystemDefined="true">true</BooleanAttribute><BooleanAttribute Name="UserReadOnly" Informative="true" SystemDefined="true">true</BooleanAttribute><BooleanAttribute Name="UserDeletable" Informative="true" SystemDefined="true">true</BooleanAttribute></AttributeList><Comment Informative="true"><MultiLanguageText Lang="es-ES">Desactivar el incremento presente en el parámetro S_NO</MultiLanguageText></Comment><StartValue Informative="true">false</StartValue></Member>
    <Member Name="T_PUSH" Datatype="Bool" Remanence="NonRetain" Accessibility="Public"><AttributeList><BooleanAttribute Name="ExternalAccessible" SystemDefined="true">false</BooleanAttribute><BooleanAttribute Name="ExternalVisible" SystemDefined="true">false</BooleanAttribute><BooleanAttribute Name="ExternalWritable" SystemDefined="true">false</BooleanAttribute><BooleanAttribute Name="UserVisible" Informative="true" SystemDefined="true">true</BooleanAttribute><BooleanAttribute Name="UserReadOnly" Informative="true" SystemDefined="true">true</BooleanAttribute><BooleanAttribute Name="UserDeletable" Informative="true" SystemDefined="true">true</BooleanAttribute></AttributeList><Comment Informative="true"><MultiLanguageText Lang="es-ES">Habilitar conmutación de transición en modo semiautomático</MultiLanguageText></Comment><StartValue Informative="true">false</StartValue></Member>
  </Section>
  <Section Name="Output">
    <Member Name="InicioPosInput" Datatype="Bool" Remanence="NonRetain" Accessibility="Public"><AttributeList><BooleanAttribute Name="ExternalAccessible" SystemDefined="true">true</BooleanAttribute><BooleanAttribute Name="ExternalVisible" SystemDefined="true">true</BooleanAttribute><BooleanAttribute Name="ExternalWritable" SystemDefined="true">true</BooleanAttribute><BooleanAttribute Name="UserVisible" Informative="true" SystemDefined="true">true</BooleanAttribute><BooleanAttribute Name="UserReadOnly" Informative="true" SystemDefined="true">false</BooleanAttribute><BooleanAttribute Name="UserDeletable" Informative="true" SystemDefined="true">true</BooleanAttribute></AttributeList></Member>
    <Member Name="FinPosInput" Datatype="Bool" Remanence="NonRetain" Accessibility="Public"><AttributeList><BooleanAttribute Name="ExternalAccessible" SystemDefined="true">true</BooleanAttribute><BooleanAttribute Name="ExternalVisible" SystemDefined="true">true</BooleanAttribute><BooleanAttribute Name="ExternalWritable" SystemDefined="true">true</BooleanAttribute><BooleanAttribute Name="UserVisible" Informative="true" SystemDefined="true">true</BooleanAttribute><BooleanAttribute Name="UserReadOnly" Informative="true" SystemDefined="true">false</BooleanAttribute><BooleanAttribute Name="UserDeletable" Informative="true" SystemDefined="true">true</BooleanAttribute></AttributeList></Member>
    <Member Name="S_NO" Datatype="Int" Remanence="NonRetain" Accessibility="Public"><AttributeList><BooleanAttribute Name="ExternalAccessible" SystemDefined="true">false</BooleanAttribute><BooleanAttribute Name="ExternalVisible" SystemDefined="true">false</BooleanAttribute><BooleanAttribute Name="ExternalWritable" SystemDefined="true">false</BooleanAttribute><BooleanAttribute Name="UserVisible" Informative="true" SystemDefined="true">true</BooleanAttribute><BooleanAttribute Name="UserReadOnly" Informative="true" SystemDefined="true">true</BooleanAttribute><BooleanAttribute Name="UserDeletable" Informative="true" SystemDefined="true">true</BooleanAttribute></AttributeList><Comment Informative="true"><MultiLanguageText Lang="es-ES">Número de etapa</MultiLanguageText></Comment><StartValue Informative="true">0</StartValue></Member>
    <Member Name="S_MORE" Datatype="Bool" Remanence="NonRetain" Accessibility="Public"><AttributeList><BooleanAttribute Name="ExternalAccessible" SystemDefined="true">false</BooleanAttribute><BooleanAttribute Name="ExternalVisible" SystemDefined="true">false</BooleanAttribute><BooleanAttribute Name="ExternalWritable" SystemDefined="true">false</BooleanAttribute><BooleanAttribute Name="UserVisible" Informative="true" SystemDefined="true">true</BooleanAttribute><BooleanAttribute Name="UserReadOnly" Informative="true" SystemDefined="true">true</BooleanAttribute><BooleanAttribute Name="UserDeletable" Informative="true" SystemDefined="true">true</BooleanAttribute></AttributeList><Comment Informative="true"><MultiLanguageText Lang="es-ES">Existen más etapas que pueden mostrarse en S_NO.</MultiLanguageText></Comment><StartValue Informative="true">false</StartValue></Member>
    <Member Name="S_ACTIVE" Datatype="Bool" Remanence="NonRetain" Accessibility="Public"><AttributeList><BooleanAttribute Name="ExternalAccessible" SystemDefined="true">false</BooleanAttribute><BooleanAttribute Name="ExternalVisible" SystemDefined="true">false</BooleanAttribute><BooleanAttribute Name="ExternalWritable" SystemDefined="true">false</BooleanAttribute><BooleanAttribute Name="UserVisible" Informative="true" SystemDefined="true">true</BooleanAttribute><BooleanAttribute Name="UserReadOnly" Informative="true" SystemDefined="true">true</BooleanAttribute><BooleanAttribute Name="UserDeletable" Informative="true" SystemDefined="true">true</BooleanAttribute></AttributeList><Comment Informative="true"><MultiLanguageText Lang="es-ES">El incremento presente en el parámetro S_NO está activo</MultiLanguageText></Comment><StartValue Informative="true">false</StartValue></Member>
    <Member Name="ERR_FLT" Datatype="Bool" Remanence="NonRetain" Accessibility="Public"><AttributeList><BooleanAttribute Name="ExternalAccessible" SystemDefined="true">false</BooleanAttribute><BooleanAttribute Name="ExternalVisible" SystemDefined="true">false</BooleanAttribute><BooleanAttribute Name="ExternalWritable" SystemDefined="true">false</BooleanAttribute><BooleanAttribute Name="UserVisible" Informative="true" SystemDefined="true">true</BooleanAttribute><BooleanAttribute Name="UserReadOnly" Informative="true" SystemDefined="true">true</BooleanAttribute><BooleanAttribute Name="UserDeletable" Informative="true" SystemDefined="true">true</BooleanAttribute></AttributeList><Comment Informative="true"><MultiLanguageText Lang="es-ES">Error de grupo interlock o supervisión</MultiLanguageText></Comment><StartValue Informative="true">false</StartValue></Member>
    <Member Name="AUTO_ON" Datatype="Bool" Remanence="NonRetain" Accessibility="Public"><AttributeList><BooleanAttribute Name="ExternalAccessible" SystemDefined="true">false</BooleanAttribute><BooleanAttribute Name="ExternalVisible" SystemDefined="true">false</BooleanAttribute><BooleanAttribute Name="ExternalWritable" SystemDefined="true">false</BooleanAttribute><BooleanAttribute Name="UserVisible" Informative="true" SystemDefined="true">true</BooleanAttribute><BooleanAttribute Name="UserReadOnly" Informative="true" SystemDefined="true">true</BooleanAttribute><BooleanAttribute Name="UserDeletable" Informative="true" SystemDefined="true">true</BooleanAttribute></AttributeList><Comment Informative="true"><MultiLanguageText Lang="es-ES">Modo automático activado</MultiLanguageText></Comment><StartValue Informative="true">false</StartValue></Member>
    <Member Name="TAP_ON" Datatype="Bool" Remanence="NonRetain" Accessibility="Public"><AttributeList><BooleanAttribute Name="ExternalAccessible" SystemDefined="true">false</BooleanAttribute><BooleanAttribute Name="ExternalVisible" SystemDefined="true">false</BooleanAttribute><BooleanAttribute Name="ExternalWritable" SystemDefined="true">false</BooleanAttribute><BooleanAttribute Name="UserVisible" Informative="true" SystemDefined="true">true</BooleanAttribute><BooleanAttribute Name="UserReadOnly" Informative="true" SystemDefined="true">true</BooleanAttribute><BooleanAttribute Name="UserDeletable" Informative="true" SystemDefined="true">true</BooleanAttribute></AttributeList><Comment Informative="true"><MultiLanguageText Lang="es-ES">Modo semiautomático/etapa con transición activada</MultiLanguageText></Comment><StartValue Informative="true">false</StartValue></Member>
    <Member Name="TOP_ON" Datatype="Bool" Remanence="NonRetain" Accessibility="Public"><AttributeList><BooleanAttribute Name="ExternalAccessible" SystemDefined="true">false</BooleanAttribute><BooleanAttribute Name="ExternalVisible" SystemDefined="true">false</BooleanAttribute><BooleanAttribute Name="ExternalWritable" SystemDefined="true">false</BooleanAttribute><BooleanAttribute Name="UserVisible" Informative="true" SystemDefined="true">true</BooleanAttribute><BooleanAttribute Name="UserReadOnly" Informative="true" SystemDefined="true">true</BooleanAttribute><BooleanAttribute Name="UserDeletable" Informative="true" SystemDefined="true">true</BooleanAttribute></AttributeList><Comment Informative="true"><MultiLanguageText Lang="es-ES">Modo semiautomático/Ignorar transición activado</MultiLanguageText></Comment><StartValue Informative="true">false</StartValue></Member>
    <Member Name="MAN_ON" Datatype="Bool" Remanence="NonRetain" Accessibility="Public"><AttributeList><BooleanAttribute Name="ExternalAccessible" SystemDefined="true">false</BooleanAttribute><BooleanAttribute Name="ExternalVisible" SystemDefined="true">false</BooleanAttribute><BooleanAttribute Name="ExternalWritable" SystemDefined="true">false</BooleanAttribute><BooleanAttribute Name="UserVisible" Informative="true" SystemDefined="true">true</BooleanAttribute><BooleanAttribute Name="UserReadOnly" Informative="true" SystemDefined="true">true</BooleanAttribute><BooleanAttribute Name="UserDeletable" Informative="true" SystemDefined="true">true</BooleanAttribute></AttributeList><Comment Informative="true"><MultiLanguageText Lang="es-ES">Modo manual activado</MultiLanguageText></Comment><StartValue Informative="true">false</StartValue></Member>
  </Section>
  <Section Name="InOut" />
  <Section Name="Static">
    <Member Name="RT_DATA" Datatype="G7_RTDataPlus" Version="1.0" Remanence="NonRetain" Accessibility="Public"><AttributeList><BooleanAttribute Name="ExternalAccessible" SystemDefined="true">false</BooleanAttribute><BooleanAttribute Name="ExternalVisible" SystemDefined="true">false</BooleanAttribute><BooleanAttribute Name="ExternalWritable" SystemDefined="true">false</BooleanAttribute><BooleanAttribute Name="UserVisible" Informative="true" SystemDefined="true">true</BooleanAttribute><BooleanAttribute Name="UserReadOnly" Informative="true" SystemDefined="true">true</BooleanAttribute><BooleanAttribute Name="UserDeletable" Informative="true" SystemDefined="true">false</BooleanAttribute><BooleanAttribute Name="SetPoint" Informative="true" SystemDefined="true">true</BooleanAttribute></AttributeList><Comment Informative="true"><MultiLanguageText Lang="es-ES">Área de datos interna</MultiLanguageText><MultiLanguageText Lang="de-DE">Internal data area</MultiLanguageText><MultiLanguageText Lang="en-US">Internal data area</MultiLanguageText><MultiLanguageText Lang="fr-FR">Internal data area</MultiLanguageText><MultiLanguageText Lang="it-IT">Internal data area</MultiLanguageText><MultiLanguageText Lang="zh-CN">Internal data area</MultiLanguageText><MultiLanguageText Lang="ja-JP">Internal data area</MultiLanguageText></Comment><Sections><Section Name="None"><Member Name="S_DISPLAY" Datatype="Int" /><Member Name="S_SEL_OLD" Datatype="Int" /><Member Name="S_DISPIDX" Datatype="USInt"><StartValue Informative="true">255</StartValue></Member><Member Name="T_DISPIDX" Datatype="USInt"><StartValue Informative="true">255</StartValue></Member><Member Name="MOP_EDGE" Datatype="G7_MOPPlus" Version="1.0"><Sections><Section Name="None"><Member Name="AUTO" Datatype="Bool" /><Member Name="MAN" Datatype="Bool" /><Member Name="TAP" Datatype="Bool" /><Member Name="TOP" Datatype="Bool" /><Member Name="ACK_S" Datatype="Bool" /><Member Name="REG_S" Datatype="Bool" /><Member Name="T_PREV" Datatype="Bool" /><Member Name="T_NEXT" Datatype="Bool" /><Member Name="LOCK" Datatype="Bool" /><Member Name="SUP" Datatype="Bool" /><Member Name="ACKREQ" Datatype="Bool" /><Member Name="SSKIP" Datatype="Bool" /><Member Name="OFF" Datatype="Bool" /><Member Name="INIT" Datatype="Bool" /><Member Name="HALT" Datatype="Bool" /><Member Name="TMS_HALT" Datatype="Bool" /><Member Name="OPS_ZERO" Datatype="Bool" /><Member Name="SACT_DISP" Datatype="Bool" /><Member Name="SEF_DISP" Datatype="Bool" /><Member Name="SALL_DISP" Datatype="Bool" /><Member Name="S_PREV" Datatype="Bool" /><Member Name="S_NEXT" Datatype="Bool" /><Member Name="S_SELOK" Datatype="Bool" /><Member Name="S_ON" Datatype="Bool" /><Member Name="S_OFF" Datatype="Bool" /><Member Name="T_PUSH" Datatype="Bool" /><Member Name="REG" Datatype="Bool" /><Member Name="ACK" Datatype="Bool" /><Member Name="IL_PERM" Datatype="Bool" /><Member Name="T_PERM" Datatype="Bool" /><Member Name="ILP_MAN" Datatype="Bool" /></Section></Sections></Member><Member Name="MOP" Datatype="G7_MOPPlus" Version="1.0"><Sections><Section Name="None"><Member Name="AUTO" Datatype="Bool"><StartValue Informative="true">true</StartValue></Member><Member Name="MAN" Datatype="Bool" /><Member Name="TAP" Datatype="Bool" /><Member Name="TOP" Datatype="Bool" /><Member Name="ACK_S" Datatype="Bool" /><Member Name="REG_S" Datatype="Bool" /><Member Name="T_PREV" Datatype="Bool" /><Member Name="T_NEXT" Datatype="Bool" /><Member Name="LOCK" Datatype="Bool"><StartValue Informative="true">true</StartValue></Member><Member Name="SUP" Datatype="Bool"><StartValue Informative="true">true</StartValue></Member><Member Name="ACKREQ" Datatype="Bool"><StartValue Informative="true">true</StartValue></Member><Member Name="SSKIP" Datatype="Bool" /><Member Name="OFF" Datatype="Bool" /><Member Name="INIT" Datatype="Bool"><StartValue Informative="true">true</StartValue></Member><Member Name="HALT" Datatype="Bool" /><Member Name="TMS_HALT" Datatype="Bool" /><Member Name="OPS_ZERO" Datatype="Bool" /><Member Name="SACT_DISP" Datatype="Bool"><StartValue Informative="true">true</StartValue></Member><Member Name="SEF_DISP" Datatype="Bool" /><Member Name="SALL_DISP" Datatype="Bool" /><Member Name="S_PREV" Datatype="Bool" /><Member Name="S_NEXT" Datatype="Bool" /><Member Name="S_SELOK" Datatype="Bool" /><Member Name="S_ON" Datatype="Bool" /><Member Name="S_OFF" Datatype="Bool" /><Member Name="T_PUSH" Datatype="Bool" /><Member Name="REG" Datatype="Bool" /><Member Name="ACK" Datatype="Bool" /><Member Name="IL_PERM" Datatype="Bool" /><Member Name="T_PERM" Datatype="Bool" /><Member Name="ILP_MAN" Datatype="Bool" /></Section></Sections></Member><Member Name="TIME_DELTA" Datatype="Time" /><Member Name="SQ_FLAGS" Datatype="G7_SQFlagsPlus" Version="1.0"><Sections><Section Name="None"><Member Name="ERR_FLT" Datatype="Bool" /><Member Name="ERROR" Datatype="Bool" /><Member Name="FAULT" Datatype="Bool" /><Member Name="RT_FAIL" Datatype="Bool" /><Member Name="NO_SNO" Datatype="Bool" /><Member Name="NF_OFL" Datatype="Bool" /><Member Name="SA_OFL" Datatype="Bool" /><Member Name="TV_OFL" Datatype="Bool" /><Member Name="MSG_OFL" Datatype="Bool" /><Member Name="NO_SWI" Datatype="Bool" /><Member Name="CYC_OP" Datatype="Bool" /><Member Name="AS_MSG" Datatype="Bool"><StartValue Informative="true">true</StartValue></Member><Member Name="AS_SEND" Datatype="Bool" /><Member Name="SQ_BUSY" Datatype="Bool" /><Member Name="SA_BUSY" Datatype="Bool" /><Member Name="AS_SIG" Datatype="Bool" /></Section></Sections></Member><Member Name="PRE_CNT" Datatype="USInt"><StartValue Informative="true">1</StartValue></Member><Member Name="POST_CNT" Datatype="USInt"><StartValue Informative="true">1</StartValue></Member><Member Name="SQ_CNT" Datatype="USInt"><StartValue Informative="true">1</StartValue></Member><Member Name="S_CNT" Datatype="USInt"><StartValue Informative="true">4</StartValue></Member><Member Name="LOCK_CNT" Datatype="USInt"><StartValue Informative="true">1</StartValue></Member><Member Name="SUP_CNT" Datatype="USInt" /><Member Name="T_CNT" Datatype="USInt"><StartValue Informative="true">4</StartValue></Member><Member Name="SQ_PART_CNT" Datatype="USInt"><StartValue Informative="true">1</StartValue></Member><Member Name="MAX_TVAL" Datatype="USInt"><StartValue Informative="true">1</StartValue></Member><Member Name="MAX_SACT" Datatype="USInt"><StartValue Informative="true">1</StartValue></Member><Member Name="AS_MSG" Datatype="Byte"><StartValue Informative="true">16#45</StartValue></Member><Member Name="EXEC_BITS" Datatype="Array[0..249] of Bool" /><Member Name="OFFSETS" Datatype="G7_OffsetsPlus" Version="1.0"><Sections><Section Name="None"><Member Name="SINI_OFFSET" Datatype="UInt" /><Member Name="LSTT_OFFSET" Datatype="UInt"><StartValue Informative="true">2</StartValue></Member><Member Name="ATAJ_OFFSET" Datatype="UInt"><StartValue Informative="true">6</StartValue></Member><Member Name="ATAB_OFFSET" Datatype="UInt"><StartValue Informative="true">10</StartValue></Member><Member Name="PSTT_OFFSET" Datatype="UInt"><StartValue Informative="true">14</StartValue></Member><Member Name="NSTT_OFFSET" Datatype="UInt"><StartValue Informative="true">18</StartValue></Member><Member Name="ASSJ_OFFSET" Datatype="UInt"><StartValue Informative="true">22</StartValue></Member><Member Name="ASSB_OFFSET" Datatype="UInt"><StartValue Informative="true">26</StartValue></Member><Member Name="PTTS_OFFSET" Datatype="UInt"><StartValue Informative="true">30</StartValue></Member><Member Name="NTTS_OFFSET" Datatype="UInt"><StartValue Informative="true">34</StartValue></Member><Member Name="SW_SQTS_OFFSET" Datatype="UInt"><StartValue Informative="true">38</StartValue></Member><Member Name="SWITCH_OFFSET" Datatype="UInt"><StartValue Informative="true">42</StartValue></Member><Member Name="TVX_OFFSET" Datatype="UInt"><StartValue Informative="true">43</StartValue></Member><Member Name="TTX_OFFSET" Datatype="UInt"><StartValue Informative="true">45</StartValue></Member><Member Name="TSX_OFFSET" Datatype="UInt"><StartValue Informative="true">47</StartValue></Member><Member Name="S00X_OFFSET" Datatype="UInt"><StartValue Informative="true">49</StartValue></Member><Member Name="SOFFX_OFFSET" Datatype="UInt"><StartValue Informative="true">51</StartValue></Member><Member Name="SONX_OFFSET" Datatype="UInt"><StartValue Informative="true">53</StartValue></Member><Member Name="SAX_OFFSET" Datatype="UInt"><StartValue Informative="true">55</StartValue></Member><Member Name="SERRX_OFFSET" Datatype="UInt"><StartValue Informative="true">57</StartValue></Member><Member Name="SMX_OFFSET" Datatype="UInt"><StartValue Informative="true">62</StartValue></Member><Member Name="S0X_OFFSET" Datatype="UInt"><StartValue Informative="true">67</StartValue></Member><Member Name="S1X_OFFSET" Datatype="UInt"><StartValue Informative="true">72</StartValue></Member></Section></Sections></Member></Section></Sections></Member>
    <Member Name="Trans1" Datatype="G7_TransitionPlus" Version="1.0" Remanence="NonRetain" Accessibility="Public"><AttributeList><BooleanAttribute Name="ExternalAccessible" SystemDefined="true">false</BooleanAttribute><BooleanAttribute Name="ExternalVisible" SystemDefined="true">false</BooleanAttribute><BooleanAttribute Name="ExternalWritable" SystemDefined="true">false</BooleanAttribute><BooleanAttribute Name="UserVisible" Informative="true" SystemDefined="true">true</BooleanAttribute><BooleanAttribute Name="UserReadOnly" Informative="true" SystemDefined="true">true</BooleanAttribute><BooleanAttribute Name="UserDeletable" Informative="true" SystemDefined="true">false</BooleanAttribute><BooleanAttribute Name="SetPoint" Informative="true" SystemDefined="true">true</BooleanAttribute></AttributeList><Comment Informative="true"><MultiLanguageText Lang="es-ES">Estructura de la transición</MultiLanguageText><MultiLanguageText Lang="de-DE">Transition structure</MultiLanguageText><MultiLanguageText Lang="en-US">Transition structure</MultiLanguageText><MultiLanguageText Lang="fr-FR">Transition structure</MultiLanguageText><MultiLanguageText Lang="it-IT">Transition structure</MultiLanguageText><MultiLanguageText Lang="zh-CN">Transition structure</MultiLanguageText><MultiLanguageText Lang="ja-JP">Transition structure</MultiLanguageText></Comment><Sections><Section Name="None"><Member Name="TV" Datatype="Bool" /><Member Name="TT" Datatype="Bool" /><Member Name="TS" Datatype="Bool" /><Member Name="TNO" Datatype="Int"><StartValue Informative="true">1</StartValue></Member></Section></Sections></Member>
    <Member Name="Trans2" Datatype="G7_TransitionPlus" Version="1.0" Remanence="NonRetain" Accessibility="Public"><AttributeList><BooleanAttribute Name="ExternalAccessible" SystemDefined="true">false</BooleanAttribute><BooleanAttribute Name="ExternalVisible" SystemDefined="true">false</BooleanAttribute><BooleanAttribute Name="ExternalWritable" SystemDefined="true">false</BooleanAttribute><BooleanAttribute Name="UserVisible" Informative="true" SystemDefined="true">true</BooleanAttribute><BooleanAttribute Name="UserReadOnly" Informative="true" SystemDefined="true">true</BooleanAttribute><BooleanAttribute Name="UserDeletable" Informative="true" SystemDefined="true">false</BooleanAttribute><BooleanAttribute Name="SetPoint" Informative="true" SystemDefined="true">true</BooleanAttribute></AttributeList><Comment Informative="true"><MultiLanguageText Lang="es-ES">Estructura de la transición</MultiLanguageText><MultiLanguageText Lang="de-DE">Transition structure</MultiLanguageText><MultiLanguageText Lang="en-US">Transition structure</MultiLanguageText><MultiLanguageText Lang="fr-FR">Transition structure</MultiLanguageText><MultiLanguageText Lang="it-IT">Transition structure</MultiLanguageText><MultiLanguageText Lang="zh-CN">Transition structure</MultiLanguageText><MultiLanguageText Lang="ja-JP">Transition structure</MultiLanguageText></Comment><Sections><Section Name="None"><Member Name="TV" Datatype="Bool" /><Member Name="TT" Datatype="Bool" /><Member Name="TS" Datatype="Bool" /><Member Name="TNO" Datatype="Int"><StartValue Informative="true">2</StartValue></Member></Section></Sections></Member>
    <Member Name="Trans3" Datatype="G7_TransitionPlus" Version="1.0" Remanence="NonRetain" Accessibility="Public"><AttributeList><BooleanAttribute Name="ExternalAccessible" SystemDefined="true">false</BooleanAttribute><BooleanAttribute Name="ExternalVisible" SystemDefined="true">false</BooleanAttribute><BooleanAttribute Name="ExternalWritable" SystemDefined="true">false</BooleanAttribute><BooleanAttribute Name="UserVisible" Informative="true" SystemDefined="true">true</BooleanAttribute><BooleanAttribute Name="UserReadOnly" Informative="true" SystemDefined="true">true</BooleanAttribute><BooleanAttribute Name="UserDeletable" Informative="true" SystemDefined="true">false</BooleanAttribute><BooleanAttribute Name="SetPoint" Informative="true" SystemDefined="true">true</BooleanAttribute></AttributeList><Comment Informative="true"><MultiLanguageText Lang="es-ES">Estructura de la transición</MultiLanguageText><MultiLanguageText Lang="de-DE">Transition structure</MultiLanguageText><MultiLanguageText Lang="en-US">Transition structure</MultiLanguageText><MultiLanguageText Lang="fr-FR">Transition structure</MultiLanguageText><MultiLanguageText Lang="it-IT">Transition structure</MultiLanguageText><MultiLanguageText Lang="zh-CN">Transition structure</MultiLanguageText><MultiLanguageText Lang="ja-JP">Transition structure</MultiLanguageText></Comment><Sections><Section Name="None"><Member Name="TV" Datatype="Bool" /><Member Name="TT" Datatype="Bool" /><Member Name="TS" Datatype="Bool" /><Member Name="TNO" Datatype="Int"><StartValue Informative="true">3</StartValue></Member></Section></Sections></Member>
    <Member Name="Trans4" Datatype="G7_TransitionPlus" Version="1.0" Remanence="NonRetain" Accessibility="Public"><AttributeList><BooleanAttribute Name="ExternalAccessible" SystemDefined="true">false</BooleanAttribute><BooleanAttribute Name="ExternalVisible" SystemDefined="true">false</BooleanAttribute><BooleanAttribute Name="ExternalWritable" SystemDefined="true">false</BooleanAttribute><BooleanAttribute Name="UserVisible" Informative="true" SystemDefined="true">true</BooleanAttribute><BooleanAttribute Name="UserReadOnly" Informative="true" SystemDefined="true">true</BooleanAttribute><BooleanAttribute Name="UserDeletable" Informative="true" SystemDefined="true">false</BooleanAttribute><BooleanAttribute Name="SetPoint" Informative="true" SystemDefined="true">true</BooleanAttribute></AttributeList><Comment Informative="true"><MultiLanguageText Lang="es-ES">Estructura de la transición</MultiLanguageText><MultiLanguageText Lang="de-DE">Transition structure</MultiLanguageText><MultiLanguageText Lang="en-US">Transition structure</MultiLanguageText><MultiLanguageText Lang="fr-FR">Transition structure</MultiLanguageText><MultiLanguageText Lang="it-IT">Transition structure</MultiLanguageText><MultiLanguageText Lang="zh-CN">Transition structure</MultiLanguageText><MultiLanguageText Lang="ja-JP">Transition structure</MultiLanguageText></Comment><Sections><Section Name="None"><Member Name="TV" Datatype="Bool" /><Member Name="TT" Datatype="Bool" /><Member Name="TS" Datatype="Bool" /><Member Name="TNO" Datatype="Int"><StartValue Informative="true">4</StartValue></Member></Section></Sections></Member>
    <Member Name="X2000" Datatype="G7_StepPlus" Version="1.0" Remanence="NonRetain" Accessibility="Public"><AttributeList><BooleanAttribute Name="ExternalAccessible" SystemDefined="true">false</BooleanAttribute><BooleanAttribute Name="ExternalVisible" SystemDefined="true">false</BooleanAttribute><BooleanAttribute Name="ExternalWritable" SystemDefined="true">false</BooleanAttribute><BooleanAttribute Name="UserVisible" Informative="true" SystemDefined="true">true</BooleanAttribute><BooleanAttribute Name="UserReadOnly" Informative="true" SystemDefined="true">true</BooleanAttribute><BooleanAttribute Name="UserDeletable" Informative="true" SystemDefined="true">false</BooleanAttribute><BooleanAttribute Name="SetPoint" Informative="true" SystemDefined="true">true</BooleanAttribute></AttributeList><Comment Informative="true"><MultiLanguageText Lang="es-ES">Estructura de la etapa</MultiLanguageText><MultiLanguageText Lang="de-DE">Step structure</MultiLanguageText><MultiLanguageText Lang="en-US">Step structure</MultiLanguageText><MultiLanguageText Lang="fr-FR">Step structure</MultiLanguageText><MultiLanguageText Lang="it-IT">Step structure</MultiLanguageText><MultiLanguageText Lang="zh-CN">Step structure</MultiLanguageText><MultiLanguageText Lang="ja-JP">Step structure</MultiLanguageText></Comment><Sections><Section Name="None"><Member Name="S1" Datatype="Bool" /><Member Name="L1" Datatype="Bool" /><Member Name="V1" Datatype="Bool" /><Member Name="R1" Datatype="Bool" /><Member Name="A1" Datatype="Bool" /><Member Name="S0" Datatype="Bool" /><Member Name="L0" Datatype="Bool" /><Member Name="V0" Datatype="Bool" /><Member Name="X" Datatype="Bool" /><Member Name="LA" Datatype="Bool" /><Member Name="VA" Datatype="Bool" /><Member Name="RA" Datatype="Bool" /><Member Name="AA" Datatype="Bool" /><Member Name="SS" Datatype="Bool" /><Member Name="LS" Datatype="Bool" /><Member Name="VS" Datatype="Bool" /><Member Name="SNO" Datatype="Int"><StartValue Informative="true">1</StartValue></Member><Member Name="T" Datatype="Time" /><Member Name="U" Datatype="Time" /><Member Name="SM" Datatype="Bool" /><Member Name="H_IL_ERR" Datatype="Byte" /><Member Name="H_SV_FLT" Datatype="Byte" /></Section></Sections></Member>
    <Member Name="X2001" Datatype="G7_StepPlus" Version="1.0" Remanence="NonRetain" Accessibility="Public"><AttributeList><BooleanAttribute Name="ExternalAccessible" SystemDefined="true">false</BooleanAttribute><BooleanAttribute Name="ExternalVisible" SystemDefined="true">false</BooleanAttribute><BooleanAttribute Name="ExternalWritable" SystemDefined="true">false</BooleanAttribute><BooleanAttribute Name="UserVisible" Informative="true" SystemDefined="true">true</BooleanAttribute><BooleanAttribute Name="UserReadOnly" Informative="true" SystemDefined="true">true</BooleanAttribute><BooleanAttribute Name="UserDeletable" Informative="true" SystemDefined="true">false</BooleanAttribute><BooleanAttribute Name="SetPoint" Informative="true" SystemDefined="true">true</BooleanAttribute></AttributeList><Comment Informative="true"><MultiLanguageText Lang="es-ES">Estructura de la etapa</MultiLanguageText><MultiLanguageText Lang="de-DE">Step structure</MultiLanguageText><MultiLanguageText Lang="en-US">Step structure</MultiLanguageText><MultiLanguageText Lang="fr-FR">Step structure</MultiLanguageText><MultiLanguageText Lang="it-IT">Step structure</MultiLanguageText><MultiLanguageText Lang="zh-CN">Step structure</MultiLanguageText><MultiLanguageText Lang="ja-JP">Step structure</MultiLanguageText></Comment><Sections><Section Name="None"><Member Name="S1" Datatype="Bool" /><Member Name="L1" Datatype="Bool" /><Member Name="V1" Datatype="Bool" /><Member Name="R1" Datatype="Bool" /><Member Name="A1" Datatype="Bool" /><Member Name="S0" Datatype="Bool" /><Member Name="L0" Datatype="Bool" /><Member Name="V0" Datatype="Bool" /><Member Name="X" Datatype="Bool" /><Member Name="LA" Datatype="Bool" /><Member Name="VA" Datatype="Bool" /><Member Name="RA" Datatype="Bool" /><Member Name="AA" Datatype="Bool" /><Member Name="SS" Datatype="Bool" /><Member Name="LS" Datatype="Bool" /><Member Name="VS" Datatype="Bool" /><Member Name="SNO" Datatype="Int"><StartValue Informative="true">2</StartValue></Member><Member Name="T" Datatype="Time" /><Member Name="U" Datatype="Time" /><Member Name="SM" Datatype="Bool" /><Member Name="H_IL_ERR" Datatype="Byte" /><Member Name="H_SV_FLT" Datatype="Byte" /></Section></Sections></Member>
    <Member Name="X2002" Datatype="G7_StepPlus" Version="1.0" Remanence="NonRetain" Accessibility="Public"><AttributeList><BooleanAttribute Name="ExternalAccessible" SystemDefined="true">false</BooleanAttribute><BooleanAttribute Name="ExternalVisible" SystemDefined="true">false</BooleanAttribute><BooleanAttribute Name="ExternalWritable" SystemDefined="true">false</BooleanAttribute><BooleanAttribute Name="UserVisible" Informative="true" SystemDefined="true">true</BooleanAttribute><BooleanAttribute Name="UserReadOnly" Informative="true" SystemDefined="true">true</BooleanAttribute><BooleanAttribute Name="UserDeletable" Informative="true" SystemDefined="true">false</BooleanAttribute><BooleanAttribute Name="SetPoint" Informative="true" SystemDefined="true">true</BooleanAttribute></AttributeList><Comment Informative="true"><MultiLanguageText Lang="es-ES">Estructura de la etapa</MultiLanguageText><MultiLanguageText Lang="de-DE">Step structure</MultiLanguageText><MultiLanguageText Lang="en-US">Step structure</MultiLanguageText><MultiLanguageText Lang="fr-FR">Step structure</MultiLanguageText><MultiLanguageText Lang="it-IT">Step structure</MultiLanguageText><MultiLanguageText Lang="zh-CN">Step structure</MultiLanguageText><MultiLanguageText Lang="ja-JP">Step structure</MultiLanguageText></Comment><Sections><Section Name="None"><Member Name="S1" Datatype="Bool" /><Member Name="L1" Datatype="Bool" /><Member Name="V1" Datatype="Bool" /><Member Name="R1" Datatype="Bool" /><Member Name="A1" Datatype="Bool" /><Member Name="S0" Datatype="Bool" /><Member Name="L0" Datatype="Bool" /><Member Name="V0" Datatype="Bool" /><Member Name="X" Datatype="Bool" /><Member Name="LA" Datatype="Bool" /><Member Name="VA" Datatype="Bool" /><Member Name="RA" Datatype="Bool" /><Member Name="AA" Datatype="Bool" /><Member Name="SS" Datatype="Bool" /><Member Name="LS" Datatype="Bool" /><Member Name="VS" Datatype="Bool" /><Member Name="SNO" Datatype="Int"><StartValue Informative="true">3</StartValue></Member><Member Name="T" Datatype="Time" /><Member Name="U" Datatype="Time" /><Member Name="SM" Datatype="Bool" /><Member Name="H_IL_ERR" Datatype="Byte" /><Member Name="H_SV_FLT" Datatype="Byte" /></Section></Sections></Member>
    <Member Name="X2003" Datatype="G7_StepPlus" Version="1.0" Remanence="NonRetain" Accessibility="Public"><AttributeList><BooleanAttribute Name="ExternalAccessible" SystemDefined="true">false</BooleanAttribute><BooleanAttribute Name="ExternalVisible" SystemDefined="true">false</BooleanAttribute><BooleanAttribute Name="ExternalWritable" SystemDefined="true">false</BooleanAttribute><BooleanAttribute Name="UserVisible" Informative="true" SystemDefined="true">true</BooleanAttribute><BooleanAttribute Name="UserReadOnly" Informative="true" SystemDefined="true">true</BooleanAttribute><BooleanAttribute Name="UserDeletable" Informative="true" SystemDefined="true">false</BooleanAttribute><BooleanAttribute Name="SetPoint" Informative="true" SystemDefined="true">true</BooleanAttribute></AttributeList><Comment Informative="true"><MultiLanguageText Lang="es-ES">Estructura de la etapa</MultiLanguageText><MultiLanguageText Lang="de-DE">Step structure</MultiLanguageText><MultiLanguageText Lang="en-US">Step structure</MultiLanguageText><MultiLanguageText Lang="fr-FR">Step structure</MultiLanguageText><MultiLanguageText Lang="it-IT">Step structure</MultiLanguageText><MultiLanguageText Lang="zh-CN">Step structure</MultiLanguageText><MultiLanguageText Lang="ja-JP">Step structure</MultiLanguageText></Comment><Sections><Section Name="None"><Member Name="S1" Datatype="Bool" /><Member Name="L1" Datatype="Bool" /><Member Name="V1" Datatype="Bool" /><Member Name="R1" Datatype="Bool" /><Member Name="A1" Datatype="Bool" /><Member Name="S0" Datatype="Bool" /><Member Name="L0" Datatype="Bool" /><Member Name="V0" Datatype="Bool" /><Member Name="X" Datatype="Bool" /><Member Name="LA" Datatype="Bool" /><Member Name="VA" Datatype="Bool" /><Member Name="RA" Datatype="Bool" /><Member Name="AA" Datatype="Bool" /><Member Name="SS" Datatype="Bool" /><Member Name="LS" Datatype="Bool" /><Member Name="VS" Datatype="Bool" /><Member Name="SNO" Datatype="Int"><StartValue Informative="true">4</StartValue></Member><Member Name="T" Datatype="Time" /><Member Name="U" Datatype="Time" /><Member Name="SM" Datatype="Bool" /><Member Name="H_IL_ERR" Datatype="Byte" /><Member Name="H_SV_FLT" Datatype="Byte" /></Section></Sections></Member>
  </Section>
  <Section Name="Temp" />
  <Section Name="Constant" />
</Sections></Interface>
      <InterfaceModifiedDate ReadOnly="true">2024-05-16T12:05:17.9924748Z</InterfaceModifiedDate>
      <IsConsistent ReadOnly="true">true</IsConsistent>
      <IsIECCheckEnabled>false</IsIECCheckEnabled>
      <IsKnowHowProtected ReadOnly="true">false</IsKnowHowProtected>
      <ISMultiInstanceCapable ReadOnly="true">false</ISMultiInstanceCapable>
      <IsWriteProtected ReadOnly="true">false</IsWriteProtected>
      <LanguageInNetworks>LAD</LanguageInNetworks>
      <LibraryConformanceStatus ReadOnly="true">Warning: The object contains access to global data blocks.
</LibraryConformanceStatus>
      <LockOperatingMode>false</LockOperatingMode>
      <MemoryLayout ReadOnly="true">Optimized</MemoryLayout>
      <ModifiedDate ReadOnly="true">2024-05-21T09:31:32.9841125Z</ModifiedDate>
      <Name>GCG_PosInput</Name>
      <Number>98</Number>
      <ParameterModified ReadOnly="true">2023-02-17T09:41:34.4522829Z</ParameterModified>
      <PermanentILProcessingInMANMode>false</PermanentILProcessingInMANMode>
      <PLCSimAdvancedSupport ReadOnly="true">true</PLCSimAdvancedSupport>
      <ProgrammingLanguage>GRAPH</ProgrammingLanguage>
      <SetENOAutomatically>false</SetENOAutomatically>
      <SkipSteps>false</SkipSteps>
      <StructureModified ReadOnly="true">2023-06-27T11:30:06.9928379Z</StructureModified>
      <UDABlockProperties />
      <UDAEnableTagReadback>false</UDAEnableTagReadback>
      <WithAlarmHandling>true</WithAlarmHandling>
    </AttributeList>
    <ObjectList>
      <MultilingualText ID="1" CompositionName="Comment">
        <ObjectList>
          <MultilingualTextItem ID="2" CompositionName="Items">
            <AttributeList>
              <Culture>es-ES</Culture>
              <Text />
            </AttributeList>
          </MultilingualTextItem>
          <MultilingualTextItem ID="3" CompositionName="Items">
            <AttributeList>
              <Culture>de-DE</Culture>
              <Text />
            </AttributeList>
          </MultilingualTextItem>
          <MultilingualTextItem ID="4" CompositionName="Items">
            <AttributeList>
              <Culture>en-US</Culture>
              <Text />
            </AttributeList>
          </MultilingualTextItem>
          <MultilingualTextItem ID="5" CompositionName="Items">
            <AttributeList>
              <Culture>fr-FR</Culture>
              <Text />
            </AttributeList>
          </MultilingualTextItem>
          <MultilingualTextItem ID="6" CompositionName="Items">
            <AttributeList>
              <Culture>it-IT</Culture>
              <Text />
            </AttributeList>
          </MultilingualTextItem>
          <MultilingualTextItem ID="7" CompositionName="Items">
            <AttributeList>
              <Culture>zh-CN</Culture>
              <Text />
            </AttributeList>
          </MultilingualTextItem>
          <MultilingualTextItem ID="8" CompositionName="Items">
            <AttributeList>
              <Culture>ja-JP</Culture>
              <Text />
            </AttributeList>
          </MultilingualTextItem>
        </ObjectList>
      </MultilingualText>
      <SW.Blocks.CompileUnit ID="9" CompositionName="CompileUnits">
        <AttributeList>
          <NetworkSource><Graph xmlns="http://www.siemens.com/automation/Openness/SW/NetworkSource/Graph/v5">
  <PreOperations>
    <PermanentOperation ProgrammingLanguage="LAD" />
  </PreOperations>
  <Sequence>
    <Title />
    <Comment>
      <MultiLanguageText Lang="es-ES" />
      <MultiLanguageText Lang="de-DE" />
      <MultiLanguageText Lang="en-US" />
      <MultiLanguageText Lang="fr-FR" />
      <MultiLanguageText Lang="it-IT" />
      <MultiLanguageText Lang="zh-CN" />
      <MultiLanguageText Lang="ja-JP" />
    </Comment>
    <Steps>
      <Step Number="1" Init="true" Name="X2000">
        <Actions>
          <Action Qualifier="N">
            <Token Text="#InicioPosInput" />
            <Token Text="&#xA;" />
          </Action>
          <Action />
        </Actions>
        <Supervisions>
          <Supervision ProgrammingLanguage="LAD">
            <FlgNet>
              <Parts>
                <Part Name="SvCoil" UId="21" />
              </Parts>
              <Wires>
                <Wire UId="22">
                  <Powerrail />
                  <NameCon UId="21" Name="in" />
                </Wire>
              </Wires>
            </FlgNet>
          </Supervision>
        </Supervisions>
        <Interlocks>
          <Interlock ProgrammingLanguage="LAD">
            <FlgNet>
              <Parts>
                <Part Name="IlCoil" UId="21" />
              </Parts>
              <Wires>
                <Wire UId="22">
                  <Powerrail />
                  <NameCon UId="21" Name="in" />
                </Wire>
              </Wires>
            </FlgNet>
          </Interlock>
        </Interlocks>
      </Step>
      <Step Number="2" Init="false" Name="X2001">
        <Actions>
          <Action Qualifier="N">
            <Token Text="&quot;ST_Sistema Transporte_GF_DB&quot;.MI.&quot;CG Celula&quot;.PS.PSOP_ST_InputPaletPos0" />
            <Token Text="&#xA;" />
          </Action>
          <Action Interlock="true" Qualifier="N">
            <Token Text="&quot;ST_SistemaTransporte_DB&quot;.MI.CG_Celula.PS.PSOP_ST_InputPaletPos0" />
            <Token Text="&#xA;" />
          </Action>
          <Action />
        </Actions>
        <Supervisions>
          <Supervision ProgrammingLanguage="LAD">
            <FlgNet>
              <Parts>
                <Part Name="SvCoil" UId="21" />
              </Parts>
              <Wires>
                <Wire UId="22">
                  <Powerrail />
                  <NameCon UId="21" Name="in" />
                </Wire>
              </Wires>
            </FlgNet>
          </Supervision>
        </Supervisions>
        <Interlocks>
          <Interlock ProgrammingLanguage="LAD">
            <FlgNet>
              <Parts>
                <Access Scope="GlobalVariable" UId="21">
                  <Symbol>
                    <Component Name="ST_SistemaTransporte_DB" />
                    <Component Name="MI" />
                    <Component Name="CG_Celula" />
                    <Component Name="PS" />
                    <Component Name="PSOP_ST_OutputPaletPos0" />
                    <Address Area="None" Type="Bool" BlockNumber="165" BitOffset="2216" Informative="true" />
                  </Symbol>
                </Access>
                <Part Name="Contact" UId="22">
                  <Negated Name="operand" />
                </Part>
                <Part Name="IlCoil" UId="23" />
              </Parts>
              <Wires>
                <Wire UId="24">
                  <Powerrail />
                  <NameCon UId="22" Name="in" />
                </Wire>
                <Wire UId="25">
                  <IdentCon UId="21" />
                  <NameCon UId="22" Name="operand" />
                </Wire>
                <Wire UId="26">
                  <NameCon UId="22" Name="out" />
                  <NameCon UId="23" Name="in" />
                </Wire>
              </Wires>
            </FlgNet>
          </Interlock>
        </Interlocks>
      </Step>
      <Step Number="3" Init="false" Name="X2002">
        <Actions>
          <Action />
        </Actions>
        <Supervisions>
          <Supervision ProgrammingLanguage="LAD">
            <FlgNet>
              <Parts>
                <Part Name="SvCoil" UId="21" />
              </Parts>
              <Wires>
                <Wire UId="22">
                  <Powerrail />
                  <NameCon UId="21" Name="in" />
                </Wire>
              </Wires>
            </FlgNet>
          </Supervision>
        </Supervisions>
        <Interlocks>
          <Interlock ProgrammingLanguage="LAD">
            <FlgNet>
              <Parts>
                <Part Name="IlCoil" UId="21" />
              </Parts>
              <Wires>
                <Wire UId="22">
                  <Powerrail />
                  <NameCon UId="21" Name="in" />
                </Wire>
              </Wires>
            </FlgNet>
          </Interlock>
        </Interlocks>
      </Step>
      <Step Number="4" Init="false" Name="X2003">
        <Actions>
          <Action Qualifier="N">
            <Token Text="#FinPosInput" />
            <Token Text="&#xA;" />
          </Action>
          <Action Qualifier="N">
            <Token Text="&quot;ST_Sistema Transporte_GF_DB&quot;.MI.&quot;CG Celula&quot;.PS.PSOP_ST_TransPos0PosInicial" />
            <Token Text="&#xA;" />
          </Action>
          <Action Qualifier="N">
            <Token Text="&quot;ST_SistemaTransporte_DB&quot;.MI.CG_Celula.PS.PSOP_ST_TransPos0PosInicial" />
            <Token Text="&#xA;" />
          </Action>
          <Action />
        </Actions>
        <Supervisions>
          <Supervision ProgrammingLanguage="LAD">
            <FlgNet>
              <Parts>
                <Part Name="SvCoil" UId="21" />
              </Parts>
              <Wires>
                <Wire UId="22">
                  <Powerrail />
                  <NameCon UId="21" Name="in" />
                </Wire>
              </Wires>
            </FlgNet>
          </Supervision>
        </Supervisions>
        <Interlocks>
          <Interlock ProgrammingLanguage="LAD">
            <FlgNet>
              <Parts>
                <Part Name="IlCoil" UId="21" />
              </Parts>
              <Wires>
                <Wire UId="22">
                  <Powerrail />
                  <NameCon UId="21" Name="in" />
                </Wire>
              </Wires>
            </FlgNet>
          </Interlock>
        </Interlocks>
      </Step>
    </Steps>
    <Transitions>
      <Transition IsMissing="false" Name="Trans1" Number="1" ProgrammingLanguage="LAD">
        <FlgNet>
          <Parts>
            <Access Scope="LocalVariable" UId="21">
              <Symbol>
                <Component Name="SolPosInput" />
              </Symbol>
            </Access>
            <Part Name="Contact" UId="22" />
            <Part Name="TrCoil" UId="23" />
          </Parts>
          <Wires>
            <Wire UId="24">
              <Powerrail />
              <NameCon UId="22" Name="in" />
            </Wire>
            <Wire UId="25">
              <IdentCon UId="21" />
              <NameCon UId="22" Name="operand" />
            </Wire>
            <Wire UId="26">
              <NameCon UId="22" Name="out" />
              <NameCon UId="23" Name="in" />
            </Wire>
          </Wires>
        </FlgNet>
      </Transition>
      <Transition IsMissing="false" Name="Trans2" Number="2" ProgrammingLanguage="LAD">
        <FlgNet>
          <Parts>
            <Access Scope="GlobalVariable" UId="21">
              <Symbol>
                <Component Name="ST_Sistema Transporte_GF_DB" />
                <Component Name="MSC" />
                <Component Name="OperProd" />
                <Component Name="Coord" />
                <Component Name="PaletPosInput" />
                <Address Area="None" Type="Bool" BlockNumber="5" BitOffset="464" Informative="true" />
              </Symbol>
            </Access>
            <Access Scope="GlobalVariable" UId="22">
              <Symbol>
                <Component Name="CG Celula_DB" />
                <Component Name="MSC" />
                <Component Name="Virtual" />
                <Component Name="CompST_R_CompST_V" />
                <Address Area="None" Type="Bool" BlockNumber="24" BitOffset="2632" Informative="true" />
              </Symbol>
            </Access>
            <Access Scope="GlobalVariable" UId="23">
              <Symbol>
                <Component Name="ST_SistemaTransporte_DB" />
                <Component Name="MSC" />
                <Component Name="OperProd" />
                <Component Name="Coord" />
                <Component Name="PaletPosInput" />
                <Address Area="None" Type="Bool" BlockNumber="165" BitOffset="1024" Informative="true" />
              </Symbol>
            </Access>
            <Access Scope="GlobalVariable" UId="24">
              <Symbol>
                <Component Name="CG Celula_DB" />
                <Component Name="MSC" />
                <Component Name="Virtual" />
                <Component Name="CompST_R_CompST_V" />
                <Address Area="None" Type="Bool" BlockNumber="24" BitOffset="2632" Informative="true" />
              </Symbol>
            </Access>
            <Part Name="Contact" UId="25" />
            <Part Name="Contact" UId="26" />
            <Part Name="Contact" UId="27" />
            <Part Name="Contact" UId="28">
              <Negated Name="operand" />
            </Part>
            <Part Name="O" UId="29">
              <TemplateValue Name="Card" Type="Cardinality">2</TemplateValue>
            </Part>
            <Part Name="TrCoil" UId="30" />
          </Parts>
          <Wires>
            <Wire UId="31">
              <Powerrail />
              <NameCon UId="25" Name="in" />
              <NameCon UId="27" Name="in" />
            </Wire>
            <Wire UId="32">
              <IdentCon UId="21" />
              <NameCon UId="25" Name="operand" />
            </Wire>
            <Wire UId="33">
              <NameCon UId="25" Name="out" />
              <NameCon UId="26" Name="in" />
            </Wire>
            <Wire UId="34">
              <IdentCon UId="22" />
              <NameCon UId="26" Name="operand" />
            </Wire>
            <Wire UId="35">
              <NameCon UId="26" Name="out" />
              <NameCon UId="29" Name="in1" />
            </Wire>
            <Wire UId="36">
              <IdentCon UId="23" />
              <NameCon UId="27" Name="operand" />
            </Wire>
            <Wire UId="37">
              <NameCon UId="27" Name="out" />
              <NameCon UId="28" Name="in" />
            </Wire>
            <Wire UId="38">
              <IdentCon UId="24" />
              <NameCon UId="28" Name="operand" />
            </Wire>
            <Wire UId="39">
              <NameCon UId="28" Name="out" />
              <NameCon UId="29" Name="in2" />
            </Wire>
            <Wire UId="40">
              <NameCon UId="29" Name="out" />
              <NameCon UId="30" Name="in" />
            </Wire>
          </Wires>
        </FlgNet>
      </Transition>
      <Transition IsMissing="false" Name="Trans3" Number="3" ProgrammingLanguage="LAD">
        <FlgNet>
          <Parts>
            <Part Name="TrCoil" UId="21" />
          </Parts>
          <Wires>
            <Wire UId="22">
              <Powerrail />
              <NameCon UId="21" Name="in" />
            </Wire>
          </Wires>
        </FlgNet>
      </Transition>
      <Transition IsMissing="false" Name="Trans4" Number="4" ProgrammingLanguage="LAD">
        <FlgNet>
          <Parts>
            <Access Scope="GlobalVariable" UId="21">
              <Symbol>
                <Component Name="ST_Sistema Transporte_GF_DB" />
                <Component Name="MSC" />
                <Component Name="OperProd" />
                <Component Name="Coord" />
                <Component Name="PaletPosInput" />
                <Address Area="None" Type="Bool" BlockNumber="5" BitOffset="464" Informative="true" />
              </Symbol>
            </Access>
            <Access Scope="GlobalVariable" UId="22">
              <Symbol>
                <Component Name="CG Celula_DB" />
                <Component Name="MSC" />
                <Component Name="Virtual" />
                <Component Name="CompST_R_CompST_V" />
                <Address Area="None" Type="Bool" BlockNumber="24" BitOffset="2632" Informative="true" />
              </Symbol>
            </Access>
            <Access Scope="GlobalVariable" UId="23">
              <Symbol>
                <Component Name="ST_SistemaTransporte_DB" />
                <Component Name="MSC" />
                <Component Name="OperProd" />
                <Component Name="Coord" />
                <Component Name="PaletPosInput" />
                <Address Area="None" Type="Bool" BlockNumber="165" BitOffset="1024" Informative="true" />
              </Symbol>
            </Access>
            <Access Scope="GlobalVariable" UId="24">
              <Symbol>
                <Component Name="CG Celula_DB" />
                <Component Name="MSC" />
                <Component Name="Virtual" />
                <Component Name="CompST_R_CompST_V" />
                <Address Area="None" Type="Bool" BlockNumber="24" BitOffset="2632" Informative="true" />
              </Symbol>
            </Access>
            <Part Name="Contact" UId="25">
              <Negated Name="operand" />
            </Part>
            <Part Name="Contact" UId="26" />
            <Part Name="Contact" UId="27">
              <Negated Name="operand" />
            </Part>
            <Part Name="Contact" UId="28">
              <Negated Name="operand" />
            </Part>
            <Part Name="O" UId="29">
              <TemplateValue Name="Card" Type="Cardinality">2</TemplateValue>
            </Part>
            <Part Name="TrCoil" UId="30" />
          </Parts>
          <Wires>
            <Wire UId="31">
              <Powerrail />
              <NameCon UId="25" Name="in" />
              <NameCon UId="27" Name="in" />
            </Wire>
            <Wire UId="32">
              <IdentCon UId="21" />
              <NameCon UId="25" Name="operand" />
            </Wire>
            <Wire UId="33">
              <NameCon UId="25" Name="out" />
              <NameCon UId="26" Name="in" />
            </Wire>
            <Wire UId="34">
              <IdentCon UId="22" />
              <NameCon UId="26" Name="operand" />
            </Wire>
            <Wire UId="35">
              <NameCon UId="26" Name="out" />
              <NameCon UId="29" Name="in1" />
            </Wire>
            <Wire UId="36">
              <IdentCon UId="23" />
              <NameCon UId="27" Name="operand" />
            </Wire>
            <Wire UId="37">
              <NameCon UId="27" Name="out" />
              <NameCon UId="28" Name="in" />
            </Wire>
            <Wire UId="38">
              <IdentCon UId="24" />
              <NameCon UId="28" Name="operand" />
            </Wire>
            <Wire UId="39">
              <NameCon UId="28" Name="out" />
              <NameCon UId="29" Name="in2" />
            </Wire>
            <Wire UId="40">
              <NameCon UId="29" Name="out" />
              <NameCon UId="30" Name="in" />
            </Wire>
          </Wires>
        </FlgNet>
      </Transition>
    </Transitions>
    <Branches />
    <Connections>
      <Connection>
        <NodeFrom>
          <StepRef Number="1" />
        </NodeFrom>
        <NodeTo>
          <TransitionRef Number="1" />
        </NodeTo>
        <LinkType>Direct</LinkType>
      </Connection>
      <Connection>
        <NodeFrom>
          <TransitionRef Number="1" />
        </NodeFrom>
        <NodeTo>
          <StepRef Number="2" />
        </NodeTo>
        <LinkType>Direct</LinkType>
      </Connection>
      <Connection>
        <NodeFrom>
          <TransitionRef Number="2" />
        </NodeFrom>
        <NodeTo>
          <StepRef Number="3" />
        </NodeTo>
        <LinkType>Direct</LinkType>
      </Connection>
      <Connection>
        <NodeFrom>
          <StepRef Number="2" />
        </NodeFrom>
        <NodeTo>
          <TransitionRef Number="2" />
        </NodeTo>
        <LinkType>Direct</LinkType>
      </Connection>
      <Connection>
        <NodeFrom>
          <TransitionRef Number="3" />
        </NodeFrom>
        <NodeTo>
          <StepRef Number="4" />
        </NodeTo>
        <LinkType>Direct</LinkType>
      </Connection>
      <Connection>
        <NodeFrom>
          <StepRef Number="3" />
        </NodeFrom>
        <NodeTo>
          <TransitionRef Number="3" />
        </NodeTo>
        <LinkType>Direct</LinkType>
      </Connection>
      <Connection>
        <NodeFrom>
          <StepRef Number="4" />
        </NodeFrom>
        <NodeTo>
          <TransitionRef Number="4" />
        </NodeTo>
        <LinkType>Direct</LinkType>
      </Connection>
      <Connection>
        <NodeFrom>
          <TransitionRef Number="4" />
        </NodeFrom>
        <NodeTo>
          <StepRef Number="1" />
        </NodeTo>
        <LinkType>Jump</LinkType>
      </Connection>
    </Connections>
  </Sequence>
  <PostOperations>
    <PermanentOperation ProgrammingLanguage="LAD" />
  </PostOperations>
  <AlarmsSettings>
    <AlarmSupervisionCategories>
      <AlarmSupervisionCategory Id="1" DisplayClass="0" />
      <AlarmSupervisionCategory Id="2" DisplayClass="0" />
      <AlarmSupervisionCategory Id="3" DisplayClass="0" />
      <AlarmSupervisionCategory Id="4" DisplayClass="0" />
      <AlarmSupervisionCategory Id="5" DisplayClass="0" />
      <AlarmSupervisionCategory Id="6" DisplayClass="0" />
      <AlarmSupervisionCategory Id="7" DisplayClass="0" />
      <AlarmSupervisionCategory Id="8" DisplayClass="0" />
    </AlarmSupervisionCategories>
    <AlarmInterlockCategory Id="1" />
    <AlarmSubcategory1Interlock Id="0" />
    <AlarmSubcategory2Interlock Id="0" />
    <AlarmCategorySupervision Id="1" />
    <AlarmSubcategory1Supervision Id="0" />
    <AlarmSubcategory2Supervision Id="0" />
    <AlarmWarningCategory Id="2" />
    <AlarmSubcategory1Warning Id="0" />
    <AlarmSubcategory2Warning Id="0" />
  </AlarmsSettings>
</Graph></NetworkSource>
          <ProgrammingLanguage>GRAPH</ProgrammingLanguage>
        </AttributeList>
        <ObjectList>
          <MultilingualText ID="A" CompositionName="Comment">
            <ObjectList>
              <MultilingualTextItem ID="B" CompositionName="Items">
                <AttributeList>
                  <Culture>es-ES</Culture>
                  <Text />
                </AttributeList>
              </MultilingualTextItem>
              <MultilingualTextItem ID="C" CompositionName="Items">
                <AttributeList>
                  <Culture>de-DE</Culture>
                  <Text />
                </AttributeList>
              </MultilingualTextItem>
              <MultilingualTextItem ID="D" CompositionName="Items">
                <AttributeList>
                  <Culture>en-US</Culture>
                  <Text />
                </AttributeList>
              </MultilingualTextItem>
              <MultilingualTextItem ID="E" CompositionName="Items">
                <AttributeList>
                  <Culture>fr-FR</Culture>
                  <Text />
                </AttributeList>
              </MultilingualTextItem>
              <MultilingualTextItem ID="F" CompositionName="Items">
                <AttributeList>
                  <Culture>it-IT</Culture>
                  <Text />
                </AttributeList>
              </MultilingualTextItem>
              <MultilingualTextItem ID="10" CompositionName="Items">
                <AttributeList>
                  <Culture>zh-CN</Culture>
                  <Text />
                </AttributeList>
              </MultilingualTextItem>
              <MultilingualTextItem ID="11" CompositionName="Items">
                <AttributeList>
                  <Culture>ja-JP</Culture>
                  <Text />
                </AttributeList>
              </MultilingualTextItem>
            </ObjectList>
          </MultilingualText>
          <MultilingualText ID="12" CompositionName="Title">
            <ObjectList>
              <MultilingualTextItem ID="13" CompositionName="Items">
                <AttributeList>
                  <Culture>es-ES</Culture>
                  <Text />
                </AttributeList>
              </MultilingualTextItem>
              <MultilingualTextItem ID="14" CompositionName="Items">
                <AttributeList>
                  <Culture>de-DE</Culture>
                  <Text />
                </AttributeList>
              </MultilingualTextItem>
              <MultilingualTextItem ID="15" CompositionName="Items">
                <AttributeList>
                  <Culture>en-US</Culture>
                  <Text />
                </AttributeList>
              </MultilingualTextItem>
              <MultilingualTextItem ID="16" CompositionName="Items">
                <AttributeList>
                  <Culture>fr-FR</Culture>
                  <Text />
                </AttributeList>
              </MultilingualTextItem>
              <MultilingualTextItem ID="17" CompositionName="Items">
                <AttributeList>
                  <Culture>it-IT</Culture>
                  <Text />
                </AttributeList>
              </MultilingualTextItem>
              <MultilingualTextItem ID="18" CompositionName="Items">
                <AttributeList>
                  <Culture>zh-CN</Culture>
                  <Text />
                </AttributeList>
              </MultilingualTextItem>
              <MultilingualTextItem ID="19" CompositionName="Items">
                <AttributeList>
                  <Culture>ja-JP</Culture>
                  <Text />
                </AttributeList>
              </MultilingualTextItem>
            </ObjectList>
          </MultilingualText>
        </ObjectList>
      </SW.Blocks.CompileUnit>
      <MultilingualText ID="1A" CompositionName="Title">
        <ObjectList>
          <MultilingualTextItem ID="1B" CompositionName="Items">
            <AttributeList>
              <Culture>es-ES</Culture>
              <Text />
            </AttributeList>
          </MultilingualTextItem>
          <MultilingualTextItem ID="1C" CompositionName="Items">
            <AttributeList>
              <Culture>de-DE</Culture>
              <Text />
            </AttributeList>
          </MultilingualTextItem>
          <MultilingualTextItem ID="1D" CompositionName="Items">
            <AttributeList>
              <Culture>en-US</Culture>
              <Text />
            </AttributeList>
          </MultilingualTextItem>
          <MultilingualTextItem ID="1E" CompositionName="Items">
            <AttributeList>
              <Culture>fr-FR</Culture>
              <Text />
            </AttributeList>
          </MultilingualTextItem>
          <MultilingualTextItem ID="1F" CompositionName="Items">
            <AttributeList>
              <Culture>it-IT</Culture>
              <Text />
            </AttributeList>
          </MultilingualTextItem>
          <MultilingualTextItem ID="20" CompositionName="Items">
            <AttributeList>
              <Culture>zh-CN</Culture>
              <Text />
            </AttributeList>
          </MultilingualTextItem>
          <MultilingualTextItem ID="21" CompositionName="Items">
            <AttributeList>
              <Culture>ja-JP</Culture>
              <Text />
            </AttributeList>
          </MultilingualTextItem>
        </ObjectList>
      </MultilingualText>
    </ObjectList>
  </SW.Blocks.FB>
</Document>